molecule_chembl_id,canonical_smiles,pAffinity,MW,logP,TPSA,HBD,HBA,RotB,AromR,QED,scaffold,peptide_like
CHEMBL3319218,C#Cc1ccc(Cl)c(C(=O)NC(=O)Nc2nc3ccc(S(=O)(=O)CCCN4CCN(C)CC4)cc3s2)c1,8.292429823902063,560.1010000000005,3.304100000000002,111.70999999999998,2,8,7,3,0.4271464179295192,O=C(NC(=O)c1ccccc1)Nc1nc2ccc(S(=O)(=O)CCCN3CCNCC3)cc2s1,False
CHEMBL4294083,C#Cc1ccc([C@H](C)NC(=O)N(C)C2CCN(C3CCc4cc(-c5cc(C)ncn5)ccc43)CC2)c(Cl)c1Cl,6.806875401645538,562.5450000000003,6.594420000000007,61.36000000000001,1,4,5,3,0.35651141887573023,O=C(NCc1ccccc1)NC1CCN(C2CCc3cc(-c4ccncn4)ccc32)CC1,False
CHEMBL4295148,C#Cc1ccc([C@H](C)NC(=O)N(C)C2CCN(C3CCc4cc(C)ccc43)CC2)c(Cl)c1Cl,6.97469413473523,484.47100000000034,6.137420000000007,35.580000000000005,1,2,4,2,0.5297075578983139,O=C(NCc1ccccc1)NC1CCN(C2CCc3ccccc32)CC1,False
CHEMBL2310890,C/C=C/C=C/C=C/C(=O)OC[C@H](NC(=O)[C@H](CO)NC(=O)CN)C(=O)N[C@@H](Cc1ccccc1)C(=O)N[C@@H](CC(C)C)C(=O)N[C@@H](CO)C(=O)N1CCC[C@H]1C(=O)N[C@@H](CCC(=O)O)C(=O)N[C@@H](Cc1c[nH]cn1)C(=O)N[C@@H](CCC(N)=O)C(=O)N[C@@H](CCCN=C(N)N)C(=O)N[C@H](C(=O)N[C@@H](CCC(N)=O)C(=O)N[C@@H](CCC(N)=O)C(=O)N[C@@H](CCCN=C(N)N)C(=O)N[C@@H](CCCCN)C(=O)N[C@@H](CCC(=O)O)C(=O)N[C@@H](CO)C(=O)N[C@@H](CCCCN)C(=O)N[C@@H](CCCCN)C(=O)N1CCC[C@H]1C(=O)N1CCC[C@H]1C(=O)N[C@@H](C)C(=O)N[C@@H](CCCCN)C(=O)N[C@@H](CC(C)C)C(=O)N[C@@H](CCC(N)=O)C(=O)N1CCC[C@H]1C(=O)N[C@@H](CCCN=C(N)N)C(=O)O)C(C)C,9.008773924307505,3364.8699999999963,-16.202300000000122,1473.769999999999,45,48,114,2,0.007301487803503773,O=C(CCc1ccccc1)NCC(=O)NCC(=O)N1CCCC1C(=O)NCC(=O)NC(Cc1c[nH]cn1)C(=O)NCC(=O)NCC(=O)NCC(=O)NCC(=O)NCC(=O)NCC(=O)NCC(=O)NCC(=O)NCC(=O)NCC(=O)NCC(=O)N1CCCC1C(=O)N1CCCC1C(=O)NCC(=O)NCC(=O)NCC(=O)NCC(=O)N1CCCC1,True
CHEMBL4780843,C=CC(=O)NCC(=O)N[C@H](Cc1c[nH]c2ccccc12)c1nnc(CCc2ccccc2)n1Cc1ccc(OC)cc1,8.397940008672037,562.6740000000003,4.303700000000003,113.93000000000002,3,5,13,5,0.1852397579790011,c1ccc(CCc2nnc(CCc3c[nH]c4ccccc34)n2Cc2ccccc2)cc1,True
CHEMBL2164500,C=CCN1CCN(CC(=O)NC2(c3ccc(Cl)c(Cl)c3)C(=O)Nc3cc(Cl)cc(Cl)c32)CC1,7.16871551653337,528.2670000000002,4.415700000000004,64.67999999999999,2,4,6,2,0.5458116732938255,O=C(CN1CCNCC1)NC1(c2ccccc2)C(=O)Nc2ccccc21,False
CHEMBL3586031,CC(=O)N1CC=C(c2cnc(NCc3ccc4c(c3)OCO4)c(C(=O)NC[C@H]3COc4ccccc4O3)c2)CC1,7.376750709602099,542.5920000000002,3.6278000000000024,111.25000000000003,2,8,7,3,0.4658494244048221,O=C(NCC1COc2ccccc2O1)c1cc(C2=CCNCC2)cnc1NCc1ccc2c(c1)OCO2,False
CHEMBL3593632,CC(=O)N1C[C@@H]2C=C(c3cnc(NCc4ccc5c(c4)OCC5)c(C(=O)NC[C@H]4COc5ccccc5O4)c3)C[C@H]1CC2,9.4089353929735,580.6850000000002,4.612600000000004,102.02000000000001,2,7,7,3,0.42087021560009313,O=C(NCC1COc2ccccc2O1)c1cc(C2=CC3CCC(C2)NC3)cnc1NCc1ccc2c(c1)OCC2,False
CHEMBL3586032,CC(=O)N1[C@@H]2CC[C@H]1C=C(c1cnc(NCc3ccc4c(c3)OCC4)c(C(=O)NC[C@H]3COc4ccccc4O3)c1)C2,8.26318353656308,566.6580000000004,4.365000000000003,102.02000000000001,2,7,7,3,0.4381536127458162,O=C(NCC1COc2ccccc2O1)c1cc(C2=CC3CCC(C2)N3)cnc1NCc1ccc2c(c1)OCC2,False
CHEMBL3578018,CC(=O)NC(CNC(=O)CCC(=O)N[C@@H](CCCCN)C(=O)N[C@@H](CCCCN)C(=O)N[C@@H](Cc1cccc2ccccc12)C(=O)N[C@@H](Cc1ccccc1)C(=O)N[C@H](Cc1c[nH]c2ccccc12)C(=O)N[C@@H](CC(C)C)C(=O)N[C@@H](CC(C)C)C(N)=O)C(=O)N[C@@H](CC(C)C)C(=O)N[C@@H](CCCNC(=N)N)C(=O)N[C@@H](Cc1cnc[nH]1)C(=O)N[C@@H](Cc1ccc(O)cc1)C(=O)N[C@@H](CC(C)C)C(=O)N[C@@H](CC(N)=O)C(=O)N[C@@H](CC(C)C)C(=O)N[C@@H](CC(C)C)C(=O)N[C@H](C(=O)N[C@@H](CCCNC(=N)N)C(=O)N[C@@H](CCC(N)=O)C(=O)N[C@@H](CCCNC(=N)N)C(=O)N[C@@H](Cc1ccc(O)cc1)C(N)=O)[C@@H](C)O,7.151227714264519,2985.589999999994,-3.8747899999999205,1155.46,42,35,97,8,0.009849319380499313,O=C(CCC(=O)NCC(=O)NCC(=O)NC(Cc1cccc2ccccc12)C(=O)NC(Cc1ccccc1)C(=O)NCCc1c[nH]c2ccccc12)NCCC(=O)NCC(=O)NCC(=O)NC(Cc1cnc[nH]1)C(=O)NC(Cc1ccccc1)C(=O)NCC(=O)NCC(=O)NCC(=O)NCC(=O)NCC(=O)NCC(=O)NCC(=O)NCC(=O)NCCc1ccccc1,True
CHEMBL3578017,CC(=O)NC(CNC(=O)CCC(=O)N[C@@H](CCCCN)C(=O)N[C@H](Cc1cccc2ccccc12)C(=O)N[C@@H](Cc1ccccc1)C(=O)N[C@H](Cc1c[nH]c2ccccc12)C(=O)N[C@@H](CC(C)C)C(=O)N[C@@H](CC(C)C)C(N)=O)C(=O)N[C@@H](CC(C)C)C(=O)N[C@@H](CCCNC(=N)N)C(=O)N[C@@H](Cc1cnc[nH]1)C(=O)N[C@@H](Cc1ccc(O)cc1)C(=O)N[C@@H](CC(C)C)C(=O)N[C@@H](CC(N)=O)C(=O)N[C@@H](CC(C)C)C(=O)N[C@@H](CC(C)C)C(=O)N[C@H](C(=O)N[C@@H](CCCNC(=N)N)C(=O)N[C@@H](CCC(N)=O)C(=O)N[C@@H](CCCNC(=N)N)C(=O)N[C@@H](Cc1ccc(O)cc1)C(N)=O)[C@@H](C)O,7.011398655895298,2857.414999999995,-3.488589999999888,1100.34,40,33,91,8,0.009994576950638346,O=C(CCC(=O)NCC(=O)NC(Cc1cccc2ccccc12)C(=O)NC(Cc1ccccc1)C(=O)NCCc1c[nH]c2ccccc12)NCCC(=O)NCC(=O)NCC(=O)NC(Cc1cnc[nH]1)C(=O)NC(Cc1ccccc1)C(=O)NCC(=O)NCC(=O)NCC(=O)NCC(=O)NCC(=O)NCC(=O)NCC(=O)NCC(=O)NCCc1ccccc1,True
CHEMBL3578016,CC(=O)N[C@@H](CCCCNC(=O)CCCCCNC(=O)[C@H](CCC(N)=O)NC(=O)[C@H](CC(C)C)NC(=O)[C@@H](Cc1c[nH]c2ccccc12)NC(=O)[C@H](Cc1ccccc1)NC(=O)[C@@H](Cc1cccc2ccccc12)NC(=O)[C@@H](N)CCCCN)C(=O)N[C@@H](CC(C)C)C(=O)N[C@@H](CCCNC(=N)N)C(=O)N[C@@H](Cc1cnc[nH]1)C(=O)N[C@@H](Cc1ccc(O)cc1)C(=O)N[C@@H](CC(C)C)C(=O)N[C@@H](CC(N)=O)C(=O)N[C@@H](CC(C)C)C(=O)N[C@@H](CC(C)C)C(=O)N[C@H](C(=O)N[C@@H](CCCNC(=N)N)C(=O)N[C@@H](CCC(N)=O)C(=O)N[C@@H](CCCNC(=N)N)C(=O)N[C@@H](Cc1ccc(O)cc1)C(N)=O)[C@@H](C)O,7.108409804268078,2928.537999999995,-2.845289999999889,1126.36,41,34,97,8,0.010366384008495141,O=C(CCCCCNC(=O)CNC(=O)CNC(=O)C(Cc1c[nH]c2ccccc12)NC(=O)C(Cc1ccccc1)NC(=O)CCc1cccc2ccccc12)NCCCCCC(=O)NCC(=O)NCC(=O)NC(Cc1cnc[nH]1)C(=O)NC(Cc1ccccc1)C(=O)NCC(=O)NCC(=O)NCC(=O)NCC(=O)NCC(=O)NCC(=O)NCC(=O)NCC(=O)NCCc1ccccc1,True
CHEMBL3578015,CC(=O)N[C@@H](CCCCNC(=O)CCNC(=O)[C@H](CCC(N)=O)NC(=O)[C@H](CC(C)C)NC(=O)[C@@H](Cc1c[nH]c2ccccc12)NC(=O)[C@H](Cc1ccccc1)NC(=O)[C@@H](Cc1cccc2ccccc12)NC(=O)[C@@H](N)CCCCN)C(=O)N[C@@H](CC(C)C)C(=O)N[C@@H](CCCNC(=N)N)C(=O)N[C@@H](Cc1cnc[nH]1)C(=O)N[C@@H](Cc1ccc(O)cc1)C(=O)N[C@@H](CC(C)C)C(=O)N[C@@H](CC(N)=O)C(=O)N[C@@H](CC(C)C)C(=O)N[C@@H](CC(C)C)C(=O)N[C@H](C(=O)N[C@@H](CCCNC(=N)N)C(=O)N[C@@H](CCC(N)=O)C(=O)N[C@@H](CCCNC(=N)N)C(=O)N[C@@H](Cc1ccc(O)cc1)C(N)=O)[C@@H](C)O,6.899819110668876,2886.4569999999953,-4.0155899999998965,1126.36,41,34,94,8,0.009808149733413875,O=C(CCNC(=O)CNC(=O)CNC(=O)C(Cc1c[nH]c2ccccc12)NC(=O)C(Cc1ccccc1)NC(=O)CCc1cccc2ccccc12)NCCCCCC(=O)NCC(=O)NCC(=O)NC(Cc1cnc[nH]1)C(=O)NC(Cc1ccccc1)C(=O)NCC(=O)NCC(=O)NCC(=O)NCC(=O)NCC(=O)NCC(=O)NCC(=O)NCC(=O)NCCc1ccccc1,True
CHEMBL19220,CC(=O)N[C@@H](Cc1c[nH]c2ccccc12)NC(=O)[C@@H](Cc1c[nH]c2ccccc12)NC(=O)C(C)(C)N,6.028189437273524,488.59200000000027,2.234899999999999,144.9,6,4,9,4,0.2007120693441448,O=C(CCc1c[nH]c2ccccc12)NCCc1c[nH]c2ccccc12,False
CHEMBL279822,CC(=O)N[C@@H](Cc1c[nH]c2ccccc12)NC(=O)[C@@H](Cc1c[nH]c2ccccc12)NC(=O)C(C)(C)N(C)C,7.026675633046661,516.6460000000003,2.8378000000000005,122.11999999999999,5,4,10,4,0.20812788213268418,O=C(CCc1c[nH]c2ccccc12)NCCc1c[nH]c2ccccc12,True
CHEMBL434391,CC(=O)N[C@@H](Cc1c[nH]c2ccccc12)NC(=O)[C@@H](Cc1c[nH]c2ccccc12)NC(=O)C1(N)CCNCC1,6.09312646527793,529.6450000000002,1.5785000000000005,156.93,7,5,9,4,0.16391644929476393,O=C(NC(Cc1c[nH]c2ccccc12)C(=O)NCCc1c[nH]c2ccccc12)C1CCNCC1,True
CHEMBL18815,CC(=O)N[C@@H](Cc1c[nH]c2ccccc12)NC(=O)[C@@H](Cc1c[nH]c2ccccc12)NC(=O)C1CCNCC1,6.09312646527793,514.6300000000002,2.4971999999999994,130.91,6,4,9,4,0.19167148936824538,O=C(NC(Cc1c[nH]c2ccccc12)C(=O)NCCc1c[nH]c2ccccc12)C1CCNCC1,True
CHEMBL211581,CC(=O)Nc1ccc(-c2c(N)nc(N)nc2COCc2ccccc2)cc1,5.6439741428068775,363.42100000000005,2.983200000000001,116.15,3,6,6,3,0.619836325363629,c1ccc(COCc2ncncc2-c2ccccc2)cc1,False
CHEMBL489401,CC(=O)Nc1ccc(N(C[C@H]2CCCN2)C(=O)C(C)Oc2cccc(Cl)c2)cc1,6.585026652029182,415.92100000000005,3.850900000000002,70.67,2,4,7,2,0.7201115656053858,O=C(COc1ccccc1)N(CC1CCCN1)c1ccccc1,False
CHEMBL491044,CC(=O)Nc1ccc(N(C[C@H]2CCCN2)C(=O)[C@H](C)Oc2cccc(Cl)c2)cc1,6.6020599913279625,415.92100000000005,3.850900000000002,70.67,2,4,7,2,0.7201115656053858,O=C(COc1ccccc1)N(CC1CCCN1)c1ccccc1,False
CHEMBL205470,CC(=O)c1ccc(CNc2ccc(-c3c(N)nc(N)nc3COCc3ccccc3)cc2)cc1,8.460409376976187,453.54600000000016,4.839500000000003,116.15,3,7,9,4,0.3105420246453869,c1ccc(CNc2ccc(-c3cncnc3COCc3ccccc3)cc2)cc1,False
CHEMBL208374,CC(C)(C)CNc1ccc(-c2c(N)nc(N)nc2COCc2ccccc2)cc1,6.664413578642458,391.5190000000001,4.482800000000003,99.08,3,6,7,3,0.5489786361241745,c1ccc(COCc2ncncc2-c2ccccc2)cc1,False
CHEMBL212761,CC(C)(C)NC(=O)Nc1ccc(-c2c(N)nc(N)nc2COCc2ccccc2)cc1,8.154901959985743,420.51700000000017,3.9448000000000016,128.18,4,6,6,3,0.4780123078748689,c1ccc(COCc2ncncc2-c2ccccc2)cc1,False
CHEMBL206638,CC(C)(C)c1nc(N)nc(N)c1-c1ccc(NCc2ccc(S(C)(=O)=O)cc2)cc1,7.958607314841775,425.55800000000016,3.621100000000002,123.98999999999998,3,7,5,3,0.57007338293048,c1ccc(CNc2ccc(-c3cncnc3)cc2)cc1,False
CHEMBL331801,CC(C)(N)C(=O)N[C@H](COCc1ccc(F)c(F)c1)C(=O)N1CCC2=NN(C(C)(C)C)C(=O)C2(Cc2ccccc2)C1,9.468521082957745,583.6800000000004,3.1616000000000026,117.33000000000001,2,6,9,2,0.47053752252322323,O=C(CCOCc1ccccc1)N1CCC2=NNC(=O)C2(Cc2ccccc2)C1,True
CHEMBL325062,CC(C)(N)C(=O)N[C@H](COCc1ccc(F)c(F)c1)C(=O)N1CCC2=NN(CC(F)(F)F)C(=O)C2(Cc2ccccc2)C1,9.346787486224656,609.5960000000001,2.9254000000000016,117.33000000000001,2,6,10,2,0.4021809650544408,O=C(CCOCc1ccccc1)N1CCC2=NNC(=O)C2(Cc2ccccc2)C1,True
CHEMBL109980,CC(C)(N)C(=O)N[C@H](COCc1ccc(F)cc1F)C(=O)N1CCC2=NN(CC(F)(F)F)C(=O)[C@]2(Cc2ccccn2)C1,8.301029995663981,610.5840000000001,2.3204000000000002,130.22000000000003,2,7,10,2,0.39756483963270445,O=C(CCOCc1ccccc1)N1CCC2=NNC(=O)C2(Cc2ccccn2)C1,True
CHEMBL320289,CC(C)(N)C(=O)N[C@H](COCc1ccccc1)C(=O)N1CCC2(CC1)CN(S(=O)(=O)CC(=O)NCCCCCCNC(=O)CCCC[C@@H]1SCC3NC(=O)NC31)c1ccccc12,9.698970004336019,897.1779999999997,2.6541000000000086,221.36999999999998,6,10,22,2,0.07498171594783737,O=C(CCCCC1SCC2NC(=O)NC21)NCCCCCCNC(=O)CS(=O)(=O)N1CC2(CCN(C(=O)CCOCc3ccccc3)CC2)c2ccccc21,True
CHEMBL13817,CC(C)(N)C(=O)N[C@H](COCc1ccccc1)C(=O)N1CCC2(CC1)CN(S(C)(=O)=O)c1ccccc12,9.119186407719209,528.6750000000004,1.7653000000000019,122.03999999999999,2,6,8,2,0.538586397324706,O=C(CCOCc1ccccc1)N1CCC2(CC1)CNc1ccccc12,False
CHEMBL271082,CC(C)(N)C(=O)N[C@H](COCc1ccccc1)c1nnn(C(/C=C/c2ccccc2)CC#N)n1,5.972114038253065,459.55400000000014,2.95268,131.74,2,7,11,3,0.45043938362417996,C(=Cc1ccccc1)Cn1nnc(CCOCc2ccccc2)n1,False
CHEMBL402808,CC(C)(N)C(=O)N[C@H](COCc1ccccc1)c1nnn(C(CC#N)CCc2ccccc2)n1,5.498131906431288,461.5700000000002,2.8720800000000004,131.74,2,7,12,3,0.4237516502705551,c1ccc(CCCn2nnc(CCOCc3ccccc3)n2)cc1,False
CHEMBL235135,CC(C)(N)C(=O)N[C@H](COCc1ccccc1)c1nnn(CCCc2ccccc2NS(C)(=O)=O)n1,5.621602099051863,515.6400000000002,1.7887999999999993,154.12,3,8,13,3,0.31125496555068866,c1ccc(CCCn2nnc(CCOCc3ccccc3)n2)cc1,True
CHEMBL438154,CC(C)(N)C(=O)N[C@H](COCc1ccccc1)c1nnn(CCc2cc3ccccc3n2S(C)(=O)=O)n1,5.896196279044043,525.6350000000002,1.7895999999999987,147.01999999999998,2,8,11,4,0.3012369386874847,c1ccc(COCCc2nnn(CCc3cc4ccccc4[nH]3)n2)cc1,True
CHEMBL399625,CC(C)(N)C(=O)N[C@H](COCc1ccccc1)c1nnn(CCc2ccccc2NS(C)(=O)=O)n1,5.575118363368933,501.6130000000002,1.3986999999999996,154.12,3,8,12,3,0.3364326756870468,c1ccc(CCn2nnc(CCOCc3ccccc3)n2)cc1,True
CHEMBL237058,CC(C)(N)C(=O)N[C@H](COCc1ccccc1)c1nnn(Cc2ccccc2)n1,5.323306390375134,394.4790000000001,1.8327999999999984,107.95,2,6,9,3,0.5732486439509943,c1ccc(COCCc2nnn(Cc3ccccc3)n2)cc1,False
CHEMBL404336,CC(C)(N)C(=O)N[C@H](COCc1ccccc1)c1nnnn1C(/C=C/c1ccccc1)CC#N,7.026675633046661,459.55400000000014,2.95268,131.74,2,7,11,3,0.45043938362417996,C(=Cc1ccccc1)Cn1nnnc1CCOCc1ccccc1,False
CHEMBL403180,CC(C)(N)C(=O)N[C@H](COCc1ccccc1)c1nnnn1C(CC#N)CCc1ccccc1,6.5303901820725905,461.5700000000002,2.8720800000000004,131.74,2,7,12,3,0.4237516502705551,c1ccc(CCCn2nnnc2CCOCc2ccccc2)cc1,False
CHEMBL256235,CC(C)(N)C(=O)N[C@H](COCc1ccccc1)c1nnnn1C(CC#N)COc1ccccc1F,6.951059127643066,481.5320000000002,2.4573799999999997,140.97,2,8,12,3,0.40186248101171684,c1ccc(COCCc2nnnn2CCOc2ccccc2)cc1,False
CHEMBL238155,CC(C)(N)C(=O)N[C@H](COCc1ccccc1)c1nnnn1C/C=C/c1ccccc1,6.721246399047171,420.5170000000001,2.4978999999999996,107.95000000000002,2,6,10,3,0.5217284143106462,C(=Cc1ccccc1)Cn1nnnc1CCOCc1ccccc1,False
CHEMBL391510,CC(C)(N)C(=O)N[C@H](COCc1ccccc1)c1nnnn1CC#N,5.379863945026242,343.3910000000001,0.3080799999999999,131.74,2,7,8,2,0.704574962202118,c1ccc(COCCc2nnn[nH]2)cc1,False
CHEMBL402086,CC(C)(N)C(=O)N[C@H](COCc1ccccc1)c1nnnn1CC(C#N)Cc1ccccc1,6.525783735923745,447.5430000000002,2.166979999999999,131.74,2,7,11,3,0.46026790574349574,c1ccc(CCCn2nnnc2CCOCc2ccccc2)cc1,False
CHEMBL237717,CC(C)(N)C(=O)N[C@H](COCc1ccccc1)c1nnnn1CC1CN(S(C)(=O)=O)c2ccccc21,5.798602875679549,513.6240000000003,1.3479000000000005,145.33,2,8,10,3,0.41316794999747425,c1ccc(COCCc2nnnn2CC2CNc3ccccc32)cc1,True
CHEMBL236038,CC(C)(N)C(=O)N[C@H](COCc1ccccc1)c1nnnn1CCC#N,5.531652669587842,357.4180000000001,0.6981799999999996,131.74,2,7,9,2,0.6747879740172893,c1ccc(COCCc2nnn[nH]2)cc1,False
CHEMBL235011,CC(C)(N)C(=O)N[C@H](COCc1ccccc1)c1nnnn1CCC(=O)NCCCc1ccccc1,6.086186147616283,493.6120000000003,1.9236000000000002,137.05,3,7,14,3,0.2918399508856723,O=C(CCn1nnnc1CCOCc1ccccc1)NCCCc1ccccc1,False
CHEMBL236513,CC(C)(N)C(=O)N[C@H](COCc1ccccc1)c1nnnn1CCC(=O)NCCc1ccccc1,6.107905397309519,479.58500000000026,1.5335000000000003,137.05,3,7,13,3,0.3380640021384813,O=C(CCn1nnnc1CCOCc1ccccc1)NCCc1ccccc1,False
CHEMBL393321,CC(C)(N)C(=O)N[C@H](COCc1ccccc1)c1nnnn1CCC(=O)NCc1ccccc1,5.97061622231479,465.5580000000002,1.491,137.05,3,7,12,3,0.3684706310723229,O=C(CCn1nnnc1CCOCc1ccccc1)NCc1ccccc1,False
CHEMBL270851,CC(C)(N)C(=O)N[C@H](COCc1ccccc1)c1nnnn1CCC(C#N)c1ccccc1,6.213958789757446,447.5430000000002,2.481979999999999,131.74,2,7,11,3,0.4613917795387039,c1ccc(CCCn2nnnc2CCOCc2ccccc2)cc1,False
CHEMBL237927,CC(C)(N)C(=O)N[C@H](COCc1ccccc1)c1nnnn1CCCCC#N,5.505845405981557,385.4720000000002,1.4783799999999987,131.74,2,7,11,2,0.5598784801522043,c1ccc(COCCc2nnn[nH]2)cc1,False
CHEMBL237926,CC(C)(N)C(=O)N[C@H](COCc1ccccc1)c1nnnn1CCCCCNC(=O)OCc1ccccc1,6.494850021680094,523.6380000000004,2.8811999999999998,146.28,3,8,15,3,0.2578028773703155,O=C(NCCCCCn1nnnc1CCOCc1ccccc1)OCc1ccccc1,True
CHEMBL237933,CC(C)(N)C(=O)N[C@H](COCc1ccccc1)c1nnnn1CCCc1ccccc1,6.698970004336019,422.5330000000002,2.417299999999999,107.95000000000002,2,6,11,3,0.4913015153455985,c1ccc(CCCn2nnnc2CCOCc2ccccc2)cc1,False
CHEMBL392077,CC(C)(N)C(=O)N[C@H](COCc1ccccc1)c1nnnn1CCc1cc2ccccc2n1S(C)(=O)=O,6.013228265733755,525.6350000000002,1.7895999999999987,147.02,2,8,11,4,0.3012369386874847,c1ccc(COCCc2nnnn2CCc2cc3ccccc3[nH]2)cc1,True
CHEMBL237507,CC(C)(N)C(=O)N[C@H](COCc1ccccc1)c1nnnn1CCc1ccccc1NS(C)(=O)=O,5.657577319177793,501.6130000000002,1.3987000000000005,154.12,3,8,12,3,0.3364326756870468,c1ccc(CCn2nnnc2CCOCc2ccccc2)cc1,True
CHEMBL237925,CC(C)(N)C(=O)N[C@H](COCc1ccccc1)c1nnnn1CCc1nnn[nH]1,5.301029995663981,400.4470000000001,-0.4596999999999995,162.41,3,9,10,3,0.4084874796195512,c1ccc(COCCc2nnnn2CCc2nnn[nH]2)cc1,False
CHEMBL391428,CC(C)(N)C(=O)N[C@H](COCc1ccccc1)c1nnnn1Cc1ccccc1,5.721246399047171,394.4790000000001,1.8327999999999989,107.95000000000002,2,6,9,3,0.5732486439509943,c1ccc(COCCc2nnnn2Cc2ccccc2)cc1,False
CHEMBL236858,CC(C)(N)C(=O)N[C@H](COCc1ccccc1)c1nnnn1Cc1ccccc1NS(C)(=O)=O,5.351639989019068,487.5860000000002,1.2043,154.12,3,8,11,3,0.36452974240856917,c1ccc(COCCc2nnnn2Cc2ccccc2)cc1,False
CHEMBL272085,CC(C)(N)C(=O)N[C@H](COCc1ccccc1)c1nnnn1[C@@H](CC#N)COc1ccccc1,6.7055337738384075,463.5420000000002,2.318279999999999,140.97,2,8,12,3,0.4168114204347137,c1ccc(COCCc2nnnn2CCOc2ccccc2)cc1,False
CHEMBL410060,CC(C)(N)C(=O)N[C@H](COCc1ccccc1)c1nnnn1[C@@H](CC#N)COc1ccccc1O,6.619788758288394,479.5410000000002,2.0238799999999997,161.2,3,9,12,3,0.35275117902778946,c1ccc(COCCc2nnnn2CCOc2ccccc2)cc1,False
CHEMBL270876,CC(C)(N)C(=O)N[C@H](COCc1ccccc1)c1nnnn1[C@@H](CC#N)COc1ccccn1,6.298432014944073,464.5300000000002,1.713279999999999,153.86,2,9,12,3,0.4074960083254867,c1ccc(COCCc2nnnn2CCOc2ccccn2)cc1,False
CHEMBL404545,CC(C)(N)C(=O)N[C@H](COCc1ccccc1)c1nnnn1[C@H](CC#N)COc1ccccc1,8.1249387366083,463.5420000000002,2.318279999999999,140.97,2,8,12,3,0.4168114204347137,c1ccc(COCCc2nnnn2CCOc2ccccc2)cc1,False
CHEMBL270666,CC(C)(N)C(=O)N[C@H](COCc1ccccc1)c1nnnn1[C@H](CC#N)COc1ccccc1O,8.244125144327509,479.5410000000002,2.0238799999999997,161.2,3,9,12,3,0.35275117902778946,c1ccc(COCCc2nnnn2CCOc2ccccc2)cc1,False
CHEMBL271876,CC(C)(N)C(=O)N[C@H](COCc1ccccc1)c1nnnn1[C@H](CC#N)COc1ccccn1,7.3979400086720375,464.5300000000002,1.713279999999999,153.86,2,9,12,3,0.4074960083254867,c1ccc(COCCc2nnnn2CCOc2ccccn2)cc1,False
CHEMBL417092,CC(C)(N)C(=O)N[C@H](Cc1c[nH]c2ccccc12)C(=O)N[C@H](Cc1c[nH]c2ccccc12)NC(=O)C1CCCCN1,7.301551775428738,557.6990000000001,2.3571,156.92999999999998,7,5,10,4,0.14905974230222743,O=C(CCc1c[nH]c2ccccc12)NC(Cc1c[nH]c2ccccc12)NC(=O)C1CCCCN1,True
CHEMBL278623,CC(C)(N)C(=O)N[C@H](Cc1c[nH]c2ccccc12)C(=O)N[C@H](Cc1c[nH]c2ccccc12)NC=O,7.275129703110357,474.56500000000017,1.8447999999999996,144.89999999999998,6,4,10,4,0.15385344754641514,O=C(CCc1c[nH]c2ccccc12)NCCc1c[nH]c2ccccc12,False
CHEMBL375102,CC(C)(N)C(=O)N[C@H](Cc1c[nH]c2ccccc12)c1nnc(CCCc2c[nH]c3ccccc23)n1CCc1c[nH]c2ccccc12,7.853871964321762,612.7820000000004,6.277300000000005,133.2,5,4,12,7,0.11110835810824608,c1ccc2c(CCCc3nnc(CCc4c[nH]c5ccccc45)n3CCc3c[nH]c4ccccc34)c[nH]c2c1,True
CHEMBL223725,CC(C)(N)C(=O)N[C@H](Cc1c[nH]c2ccccc12)c1nnc(CCCc2c[nH]c3ccccc23)n1CCc1ccccc1,7.958607314841775,573.7450000000005,5.796000000000005,117.41,4,4,12,6,0.14809796626140057,c1ccc(CCn2c(CCCc3c[nH]c4ccccc34)nnc2CCc2c[nH]c3ccccc23)cc1,True
CHEMBL376735,CC(C)(N)C(=O)N[C@H](Cc1c[nH]c2ccccc12)c1nnc(CCCc2c[nH]c3ccccc23)n1Cc1ccc(Br)cc1,6.823908740944319,638.6140000000004,6.364100000000005,117.41,4,4,11,6,0.13209669876623542,c1ccc(Cn2c(CCCc3c[nH]c4ccccc34)nnc2CCc2c[nH]c3ccccc23)cc1,True
CHEMBL374920,CC(C)(N)C(=O)N[C@H](Cc1c[nH]c2ccccc12)c1nnc(CCCc2c[nH]c3ccccc23)n1Cc1cccc2ccccc12,6.853871964321762,609.7780000000004,6.754800000000006,117.41,4,4,11,7,0.12971179601414015,c1ccc2c(Cn3c(CCCc4c[nH]c5ccccc45)nnc3CCc3c[nH]c4ccccc34)cccc2c1,True
CHEMBL375162,CC(C)(N)C(=O)N[C@H](Cc1c[nH]c2ccccc12)c1nnc(CCCc2c[nH]c3ccccc23)n1Cc1ccccc1,7.481486060122112,559.7180000000004,5.601600000000005,117.41,4,4,11,6,0.1652400302386188,c1ccc(Cn2c(CCCc3c[nH]c4ccccc34)nnc2CCc2c[nH]c3ccccc23)cc1,True
CHEMBL374757,CC(C)(N)C(=O)N[C@H](Cc1c[nH]c2ccccc12)c1nnc(CCc2c[nH]c3ccccc23)n1-c1ccccc1,6.853871964321762,531.6640000000003,5.152400000000004,117.41,4,4,9,6,0.2063142344027058,c1ccc(-n2c(CCc3c[nH]c4ccccc34)nnc2CCc2c[nH]c3ccccc23)cc1,True
CHEMBL374918,CC(C)(N)C(=O)N[C@H](Cc1c[nH]c2ccccc12)c1nnc(CCc2c[nH]c3ccccc23)n1CC(c1ccccc1)c1ccccc1,6.1938200260161125,635.8160000000004,6.995300000000006,117.41,4,4,12,7,0.11572208944581724,c1ccc(C(Cn2c(CCc3c[nH]c4ccccc34)nnc2CCc2c[nH]c3ccccc23)c2ccccc2)cc1,True
CHEMBL221662,CC(C)(N)C(=O)N[C@H](Cc1c[nH]c2ccccc12)c1nnc(CCc2c[nH]c3ccccc23)n1CCc1c[nH]c2ccccc12,6.823908740944319,598.7550000000003,5.887200000000004,133.2,5,4,11,7,0.127030826581492,c1ccc2c(CCc3nnc(CCc4c[nH]c5ccccc45)n3CCc3c[nH]c4ccccc34)c[nH]c2c1,True
CHEMBL375408,CC(C)(N)C(=O)N[C@H](Cc1c[nH]c2ccccc12)c1nnc(CCc2c[nH]c3ccccc23)n1CCc1ccccc1,7.096910013008056,559.7180000000004,5.405900000000004,117.41,4,4,11,6,0.16987654750104939,c1ccc(CCn2c(CCc3c[nH]c4ccccc34)nnc2CCc2c[nH]c3ccccc23)cc1,True
CHEMBL222789,CC(C)(N)C(=O)N[C@H](Cc1c[nH]c2ccccc12)c1nnc(CCc2c[nH]c3ccccc23)n1Cc1ccc(Br)cc1,7.0,624.5870000000003,5.974000000000004,117.41,4,4,10,6,0.15021272905543642,c1ccc(Cn2c(CCc3c[nH]c4ccccc34)nnc2CCc2c[nH]c3ccccc23)cc1,True
CHEMBL373392,CC(C)(N)C(=O)N[C@H](Cc1c[nH]c2ccccc12)c1nnc(CCc2c[nH]c3ccccc23)n1Cc1ccc(Cl)c(Cl)c1,7.259637310505756,614.5810000000002,6.518300000000004,117.41,4,4,10,6,0.14061742215928855,c1ccc(Cn2c(CCc3c[nH]c4ccccc34)nnc2CCc2c[nH]c3ccccc23)cc1,True
CHEMBL376736,CC(C)(N)C(=O)N[C@H](Cc1c[nH]c2ccccc12)c1nnc(CCc2c[nH]c3ccccc23)n1Cc1ccc(F)cc1,7.180456064458131,563.6810000000004,5.350600000000004,117.41,4,4,10,6,0.17973023132940258,c1ccc(Cn2c(CCc3c[nH]c4ccccc34)nnc2CCc2c[nH]c3ccccc23)cc1,True
CHEMBL223726,CC(C)(N)C(=O)N[C@H](Cc1c[nH]c2ccccc12)c1nnc(CCc2c[nH]c3ccccc23)n1Cc1cccc2ccccc12,6.903089986991944,595.7510000000003,6.3647000000000045,117.41,4,4,10,7,0.1470967582082757,c1ccc2c(Cn3c(CCc4c[nH]c5ccccc45)nnc3CCc3c[nH]c4ccccc34)cccc2c1,True
CHEMBL374073,CC(C)(N)C(=O)N[C@H](Cc1c[nH]c2ccccc12)c1nnc(CCc2c[nH]c3ccccc23)n1Cc1ccccc1,7.823908740944319,545.6910000000004,5.211500000000004,117.41,4,4,10,6,0.18898238535431006,c1ccc(Cn2c(CCc3c[nH]c4ccccc34)nnc2CCc2c[nH]c3ccccc23)cc1,True
CHEMBL221996,CC(C)(N)C(=O)N[C@H](Cc1c[nH]c2ccccc12)c1nnc(CCc2ccccc2)n1CCc1ccccc1,6.508638306165727,520.6810000000004,4.924600000000004,101.62,3,4,11,5,0.22995934852946362,c1ccc(CCc2nnc(CCc3c[nH]c4ccccc34)n2CCc2ccccc2)cc1,True
CHEMBL223638,CC(C)(N)C(=O)N[C@H](Cc1c[nH]c2ccccc12)c1nnc(CCc2ccccc2)n1Cc1ccc(Cl)c(Cl)c1,6.1938200260161125,575.5440000000002,6.037000000000004,101.62,3,4,10,5,0.18913178293770255,c1ccc(CCc2nnc(CCc3c[nH]c4ccccc34)n2Cc2ccccc2)cc1,True
CHEMBL222710,CC(C)(N)C(=O)N[C@H](Cc1c[nH]c2ccccc12)c1nnc(CCc2ccccc2)n1Cc1ccc(F)cc1,6.3979400086720375,524.6440000000003,4.8693000000000035,101.62,3,4,10,5,0.24262554029866096,c1ccc(CCc2nnc(CCc3c[nH]c4ccccc34)n2Cc2ccccc2)cc1,True
CHEMBL374921,CC(C)(N)C(=O)N[C@H](Cc1c[nH]c2ccccc12)c1nnc(CCc2ccccc2)n1Cc1cccc2ccccc12,6.886056647693163,556.7140000000003,5.883400000000004,101.62,3,4,10,6,0.1960209285940918,c1ccc(CCc2nnc(CCc3c[nH]c4ccccc34)n2Cc2cccc3ccccc23)cc1,True
CHEMBL266199,CC(C)(N)C(=O)N[C@H](Cc1c[nH]c2ccccc12)c1nnc(CCc2ccccc2)n1Cc1ccco1,6.376750709602099,496.6150000000003,4.3232000000000035,114.76,3,5,10,5,0.2663392333894911,c1ccc(CCc2nnc(CCc3c[nH]c4ccccc34)n2Cc2ccco2)cc1,False
CHEMBL426905,CC(C)(N)C(=O)N[C@H](Cc1c[nH]c2ccccc12)c1nnc(CCc2ccccc2)n1Cc1cccs1,6.2441251443275085,512.6830000000002,4.791700000000003,101.62,3,5,10,5,0.2503461303302055,c1ccc(CCc2nnc(CCc3c[nH]c4ccccc34)n2Cc2cccs2)cc1,True
CHEMBL375568,CC(C)(N)C(=O)N[C@H](Cc1c[nH]c2ccccc12)c1nnc(Cc2c[nH]c3ccccc23)[nH]1,5.657577319177793,441.53900000000016,3.495400000000001,128.26999999999998,5,4,7,5,0.2647297544782548,c1ccc2c(CCc3nnc(Cc4c[nH]c5ccccc45)[nH]3)c[nH]c2c1,False
CHEMBL373393,CC(C)(N)C(=O)N[C@H](Cc1c[nH]c2ccccc12)c1nnc(Cc2c[nH]c3ccccc23)n1CCc1ccccc1,6.522878745280337,545.6910000000004,5.2115000000000045,117.41,4,4,10,6,0.18898238535431006,c1ccc(CCn2c(CCc3c[nH]c4ccccc34)nnc2Cc2c[nH]c3ccccc23)cc1,True
CHEMBL223269,CC(C)(N)C(=O)N[C@H](Cc1c[nH]c2ccccc12)c1nnc(Cc2ccccc2)n1-c1ccc(Cl)c(Cl)c1,6.2839966563652006,547.4900000000002,5.7835000000000045,101.62,3,4,8,5,0.22916876157178712,c1ccc(Cc2nnc(CCc3c[nH]c4ccccc34)n2-c2ccccc2)cc1,False
CHEMBL221569,CC(C)(N)C(=O)N[C@H](Cc1c[nH]c2ccccc12)c1nnc(Cc2ccccc2)n1CCc1c[nH]c2ccccc12,6.154901959985743,545.6910000000003,5.2115000000000045,117.41,4,4,10,6,0.1889823853543103,c1ccc(Cc2nnc(CCc3c[nH]c4ccccc34)n2CCc2c[nH]c3ccccc23)cc1,True
CHEMBL223239,CC(C)(N)C(=O)N[C@H](Cc1c[nH]c2ccccc12)c1nnc(Cc2ccccc2)n1Cc1ccc(Br)cc1,6.356547323513812,571.5230000000003,5.298300000000004,101.62,3,4,9,5,0.22362960981323493,c1ccc(Cc2nnc(CCc3c[nH]c4ccccc34)n2Cc2ccccc2)cc1,True
CHEMBL434738,CC(C)(N)C(=O)N[C@H](Cc1c[nH]c2ccccc12)c1nnc(Cc2ccccc2)n1Cc1ccc(F)cc1,6.769551078621726,510.61700000000025,4.674900000000004,101.62,3,4,9,5,0.2681058382947441,c1ccc(Cc2nnc(CCc3c[nH]c4ccccc34)n2Cc2ccccc2)cc1,True
CHEMBL374919,CC(C)(N)C(=O)N[C@H](Cc1c[nH]c2ccccc12)c1nnc(Cc2ccccc2)n1Cc1cccc2ccccc12,6.657577319177793,542.6870000000002,5.6890000000000045,101.62,3,4,9,6,0.21848193131474222,c1ccc(Cc2nnc(CCc3c[nH]c4ccccc34)n2Cc2cccc3ccccc23)cc1,True
CHEMBL373772,CC(C)(N)C(=O)N[C@H](Cc1c[nH]c2ccccc12)c1nnc(Cc2ccccc2)n1Cc1ccccc1,6.301029995663981,492.62700000000024,4.535800000000004,101.62,3,4,9,5,0.2812243796973881,c1ccc(Cc2nnc(CCc3c[nH]c4ccccc34)n2Cc2ccccc2)cc1,False
CHEMBL373993,CC(C)(N)C(=O)N[C@H](Cc1c[nH]c2ccccc12)c1nncn1CCc1c[nH]c2ccccc12,6.070581074285707,455.5660000000002,3.620700000000001,117.41,4,4,8,5,0.2857890894719937,c1ccc2c(CCc3nncn3CCc3c[nH]c4ccccc34)c[nH]c2c1,False
CHEMBL308716,CC(C)(N)CC(=O)N[C@@H]1CCc2ccccc2N(Cc2ccc(-c3ccccc3-c3nn[nH]n3)cc2)C1=O,6.376750709602099,509.6140000000002,3.625300000000001,129.89000000000001,3,6,7,4,0.34886461897844473,O=C1CCCc2ccccc2N1Cc1ccc(-c2ccccc2-c2nn[nH]n2)cc1,False
CHEMBL1079108,CC(C)(N)Cc1ccc(NS(=O)(=O)c2ccc(NC(=O)NC(C)(C)c3cccc4ccccc34)cc2)cc1,8.698970004336019,530.6940000000002,5.977200000000004,113.32,4,4,8,4,0.2244772239589725,O=C(NCc1cccc2ccccc12)Nc1ccc(S(=O)(=O)Nc2ccccc2)cc1,False
CHEMBL1078677,CC(C)(N)Cc1ccc(NS(=O)(=O)c2ccc(NC(=O)NCCc3ccccc3)cc2)cc1,6.860120913598763,466.60700000000014,4.131400000000002,113.32,4,4,9,3,0.3796271026901803,O=C(NCCc1ccccc1)Nc1ccc(S(=O)(=O)Nc2ccccc2)cc1,False
CHEMBL1079107,CC(C)(N)Cc1ccc(NS(=O)(=O)c2ccc(NC(=O)NCc3cccc4ccccc34)cc2)cc1,7.6777807052660805,502.64000000000016,5.242100000000003,113.32,4,4,8,4,0.26375663564529445,O=C(NCc1cccc2ccccc12)Nc1ccc(S(=O)(=O)Nc2ccccc2)cc1,False
CHEMBL1078608,CC(C)(N)Cc1ccc(NS(=O)(=O)c2ccc(NC(=O)NCc3ccccc3)cc2)cc1,6.892790030352131,452.5800000000001,4.088900000000002,113.32,4,4,8,3,0.4121773384924163,O=C(NCc1ccccc1)Nc1ccc(S(=O)(=O)Nc2ccccc2)cc1,False
CHEMBL1079091,CC(C)(N)Cc1ccc(NS(=O)(=O)c2ccc(NC(=O)Nc3ccc(C(C)(C)C)cc3)cc2)cc1,7.795880017344075,494.6610000000002,5.708700000000005,113.32,4,4,7,3,0.33686778229591474,O=C(Nc1ccccc1)Nc1ccc(S(=O)(=O)Nc2ccccc2)cc1,False
CHEMBL1078498,CC(C)(N)Cc1ccc(NS(=O)(=O)c2ccc(NC(=O)Nc3ccccc3)cc2)cc1,6.580044251510242,438.55300000000005,4.411200000000003,113.32,4,4,7,3,0.43742192848930894,O=C(Nc1ccccc1)Nc1ccc(S(=O)(=O)Nc2ccccc2)cc1,False
CHEMBL208424,CC(C)=CCOCc1nc(N)nc(N)c1-c1ccc(NCc2ccc(S(C)(=O)=O)cc2)cc1,9.059593203859604,467.5950000000002,3.806400000000002,133.22,3,8,9,3,0.3195406210346526,c1ccc(CNc2ccc(-c3cncnc3)cc2)cc1,False
CHEMBL3978455,CC(C)C1NCCOc2ccccc2/C=C\CNC(=O)C(Cc2ccccc2)NC(=O)C(C)N(C)C1=O,7.0,506.6470000000003,2.397000000000001,99.77000000000001,3,5,3,2,0.5938331770276178,O=C1CNCCOc2ccccc2C=CCNC(=O)C(Cc2ccccc2)NC(=O)CN1,False
CHEMBL276137,CC(C)CC(=O)N[C@@H](Cc1c[nH]c2ccccc12)NC(=O)[C@@H](Cc1c[nH]c2ccccc12)NC(=O)C(C)(C)N,6.74747251699518,530.6730000000001,3.2611000000000008,144.9,6,4,11,4,0.16535715087425096,O=C(CCc1c[nH]c2ccccc12)NCCc1c[nH]c2ccccc12,True
CHEMBL213703,CC(C)CC(=O)Nc1ccc(-c2c(N)nc(N)nc2COCc2ccccc2)cc1,7.05462187404089,405.5020000000002,4.009400000000001,116.15,3,6,8,3,0.5213306562353258,c1ccc(COCc2ncncc2-c2ccccc2)cc1,False
CHEMBL205794,CC(C)CCNCc1nc(N)nc(N)c1-c1ccc(NCc2ccc(S(C)(=O)=O)cc2)cc1,6.5311909103030885,468.6270000000002,3.4593000000000016,136.01999999999998,4,8,10,3,0.332174512003059,c1ccc(CNc2ccc(-c3cncnc3)cc2)cc1,False
CHEMBL205445,CC(C)CCOCc1nc(N)nc(N)c1-c1ccc(NCc2ccc(S(C)(=O)=O)cc2)cc1,8.360166527975771,469.6110000000002,3.886300000000003,133.22,3,8,10,3,0.38093241566210995,c1ccc(CNc2ccc(-c3cncnc3)cc2)cc1,False
CHEMBL2163465,CC(C)CN(NC(=O)[C@@H](Cc1c[nH]c2ccccc12)NC(=O)CN)C(=O)N[C@@H](Cc1c[nH]c2ccccc12)C(=O)N[C@H](Cc1ccccc1)C(=O)N[C@@H](CCCCN)C(N)=O,5.266802734893431,836.0109999999996,1.7719000000000047,275.45,10,8,21,5,0.03834955074961966,O=C(CCc1c[nH]c2ccccc12)NNC(=O)NC(Cc1c[nH]c2ccccc12)C(=O)NCCc1ccccc1,True
CHEMBL2163464,CC(C)CN(NC(=O)[C@@H](Cc1c[nH]c2ccccc12)NC(=O)[C@@H](C)N)C(=O)N[C@@H](Cc1c[nH]c2ccccc12)C(=O)N[C@H](Cc1ccccc1)C(=O)N[C@@H](CCCCN)C(N)=O,5.442492798094342,850.0379999999997,2.160400000000005,275.45,10,8,21,5,0.03851685293351036,O=C(CCc1c[nH]c2ccccc12)NNC(=O)NC(Cc1c[nH]c2ccccc12)C(=O)NCCc1ccccc1,True
CHEMBL2163453,CC(C)CN(NC(=O)[C@@H](Cc1c[nH]c2ccccc12)NC(=O)[C@@H](N)Cc1cnc[nH]1)C(=O)N[C@@H](Cc1c[nH]c2ccccc12)C(=O)N[C@H](Cc1ccccc1)C(=O)N[C@@H](C)C(N)=O,5.087777943467584,859.005,1.9972000000000054,278.10999999999996,10,8,19,6,0.05369727169097318,O=C(CCc1cnc[nH]1)NC(Cc1c[nH]c2ccccc12)C(=O)NNC(=O)NC(Cc1c[nH]c2ccccc12)C(=O)NCCc1ccccc1,True
CHEMBL2163477,CC(C)CN(NC(=O)[C@@H](Cc1c[nH]c2ccccc12)NC(=O)[C@@H](N)Cc1cnc[nH]1)C(=O)N[C@@H](Cc1c[nH]c2ccccc12)C(=O)N[C@H](Cc1ccccc1)C(=O)N[C@@H](CCCCN)C(N)=O,5.920818753952375,916.1009999999997,2.106300000000006,304.12999999999994,11,9,23,6,0.03309891112107232,O=C(CCc1cnc[nH]1)NC(Cc1c[nH]c2ccccc12)C(=O)NNC(=O)NC(Cc1c[nH]c2ccccc12)C(=O)NCCc1ccccc1,True
CHEMBL2163467,CC(C)CN(NC(=O)[C@@H](Cc1c[nH]c2ccccc12)NC(=O)[C@@H](N)Cc1cnc[nH]1)C(=O)N[C@@H](Cc1c[nH]c2ccccc12)C(=O)N[C@H](Cc1ccccc1)C(N)=O,5.341988603342887,787.926,2.492500000000004,249.01,9,7,17,6,0.062460480772776834,O=C(CCc1cnc[nH]1)NC(Cc1c[nH]c2ccccc12)C(=O)NNC(=O)NC(Cc1c[nH]c2ccccc12)C(=O)NCCc1ccccc1,True
CHEMBL2163468,CC(C)CN(NC(=O)[C@@H](Cc1c[nH]c2ccccc12)NC(=O)[C@@H](N)Cc1cnc[nH]1)C(=O)N[C@@H](Cc1c[nH]c2ccccc12)C(N)=O,4.0675262353228465,640.7490000000001,1.7650000000000023,219.91,8,6,13,5,0.08958027364095747,O=C(CCc1cnc[nH]1)NC(Cc1c[nH]c2ccccc12)C(=O)NNC(=O)NCCc1c[nH]c2ccccc12,True
CHEMBL2163466,CC(C)CN(NC(=O)[C@@H](Cc1c[nH]c2ccccc12)NC(=O)[C@@H]1CCCN1)C(=O)N[C@@H](Cc1c[nH]c2ccccc12)C(=O)N[C@H](Cc1ccccc1)C(=O)N[C@@H](CCCCN)C(N)=O,5.931814138253838,876.0759999999997,2.565200000000006,261.46000000000004,10,8,21,5,0.038625539247040534,O=C(NNC(=O)C(Cc1c[nH]c2ccccc12)NC(=O)C1CCCN1)NC(Cc1c[nH]c2ccccc12)C(=O)NCCc1ccccc1,True
CHEMBL2163449,CC(C)CN(NC(=O)[C@@H](Cc1c[nH]c2ccccc12)NC(=O)[C@H](C)N)C(=O)N[C@@H](Cc1c[nH]c2ccccc12)C(=O)N[C@H](Cc1ccccc1)C(=O)N[C@@H](CCCCN)C(N)=O,4.950781977329818,850.0379999999997,2.160400000000005,275.45,10,8,21,5,0.03851685293351036,O=C(CCc1c[nH]c2ccccc12)NNC(=O)NC(Cc1c[nH]c2ccccc12)C(=O)NCCc1ccccc1,True
CHEMBL2163479,CC(C)CN(NC(=O)[C@H](C)NC(=O)[C@@H](Cc1c[nH]c2ccccc12)NC(=O)[C@@H](N)Cc1cnc[nH]1)C(=O)N[C@H](Cc1ccccc1)C(=O)N[C@@H](CCCCN)C(N)=O,4.709965388637482,800.9659999999997,0.4022000000000099,288.34,10,9,21,4,0.04118528061346796,O=C(CNC(=O)C(Cc1c[nH]c2ccccc12)NC(=O)CCc1cnc[nH]1)NNC(=O)NCCc1ccccc1,True
CHEMBL2048817,CC(C)COc1ccc(CN2CC3(CCN(C(=O)Cc4n[nH]c5ccccc45)CC3)C2)cc1,7.387345359137068,446.5950000000002,4.264800000000003,61.46,1,4,7,3,0.5889807565073611,O=C(Cc1n[nH]c2ccccc12)N1CCC2(CC1)CN(Cc1ccccc1)C2,False
CHEMBL2048816,CC(C)COc1ccc(CN2CC3(CCN(C(=O)Cc4nc5ccccc5s4)CC3)C2)cc1,7.333780770042198,463.6470000000002,4.998200000000005,45.67,0,5,7,3,0.4947834180991594,O=C(Cc1nc2ccccc2s1)N1CCC2(CC1)CN(Cc1ccccc1)C2,False
CHEMBL3961696,CC(C)C[C@@H]1NCCOc2ccccc2/C=C\CNC(=O)C2(CCCC2)NC(=O)C2(CCCC2)NC1=O,7.0,510.6790000000005,3.0707000000000013,108.56,4,5,2,1,0.4891196623845486,O=C1CNCCOc2ccccc2C=CCNC(=O)C2(CCCC2)NC(=O)C2(CCCC2)N1,False
CHEMBL3970499,CC(C)C[C@@H]1NCCOc2ccccc2/C=C\CNC(=O)[C@H](CC(C)C)NC(=O)C2(CCCC2)NC1=O,7.0,512.6950000000004,3.172600000000001,108.56,4,5,4,1,0.49565218877223394,O=C1CNC(=O)C2(CCCC2)NC(=O)CNCCOc2ccccc2C=CCN1,False
CHEMBL3908583,CC(C)C[C@@H]1NCCOc2ccccc2/C=C\CNC(=O)[C@H](Cc2ccc(-c3ccccc3)cc2)NC(=O)C2(CCCC2)NC1=O,7.0,622.81,5.036200000000004,108.56,4,5,5,3,0.319199750776815,O=C1CNCCOc2ccccc2C=CCNC(=O)C(Cc2ccc(-c3ccccc3)cc2)NC(=O)C2(CCCC2)N1,False
CHEMBL3922810,CC(C)C[C@@H]1NCCOc2ccccc2/C=C\CNC(=O)[C@H](Cc2ccc(Cl)cc2)NC(=O)C2(CCCC2)NC1=O,8.0,581.1570000000002,4.022600000000002,108.56,4,5,4,2,0.43677099164714694,O=C1CNCCOc2ccccc2C=CCNC(=O)C(Cc2ccccc2)NC(=O)C2(CCCC2)N1,False
CHEMBL3913052,CC(C)C[C@@H]1NCCOc2ccccc2/C=C\CNC(=O)[C@H](Cc2ccc(F)cc2)NC(=O)C2(CCCC2)NC1=O,8.0,564.7020000000002,3.508300000000001,108.56,4,5,4,2,0.4547574679033867,O=C1CNCCOc2ccccc2C=CCNC(=O)C(Cc2ccccc2)NC(=O)C2(CCCC2)N1,False
CHEMBL3982825,CC(C)C[C@@H]1NCCOc2ccccc2/C=C\CNC(=O)[C@H](Cc2ccc3ccccc3c2)NC(=O)C2(CCCC2)NC1=O,8.0,596.772,4.522400000000003,108.56,4,5,4,3,0.3543126222842195,O=C1CNCCOc2ccccc2C=CCNC(=O)C(Cc2ccc3ccccc3c2)NC(=O)C2(CCCC2)N1,False
CHEMBL3918046,CC(C)C[C@@H]1NCCOc2ccccc2/C=C\CNC(=O)[C@H](Cc2cccc(Cl)c2)NC(=O)C2(CCCC2)NC1=O,10.0,581.1570000000002,4.022600000000002,108.56,4,5,4,2,0.43677099164714694,O=C1CNCCOc2ccccc2C=CCNC(=O)C(Cc2ccccc2)NC(=O)C2(CCCC2)N1,False
CHEMBL3953053,CC(C)C[C@@H]1NCCOc2ccccc2/C=C\CNC(=O)[C@H](Cc2cccc3ccccc23)NC(=O)C2(CCCC2)NC1=O,8.0,596.772,4.522400000000003,108.56,4,5,4,3,0.3543126222842195,O=C1CNCCOc2ccccc2C=CCNC(=O)C(Cc2cccc3ccccc23)NC(=O)C2(CCCC2)N1,False
CHEMBL3927481,CC(C)C[C@@H]1NCCOc2ccccc2/C=C\CNC(=O)[C@H](Cc2ccccc2)NC(=O)C2(CCCC2)NC1=O,8.0,546.7120000000003,3.369200000000001,108.56,4,5,4,2,0.4704239991806147,O=C1CNCCOc2ccccc2C=CCNC(=O)C(Cc2ccccc2)NC(=O)C2(CCCC2)N1,False
CHEMBL3915269,CC(C)C[C@@H]1NCCOc2ccccc2/C=C\CNC(=O)[C@H](Cc2ccccc2Cl)NC(=O)C2(CCCC2)NC1=O,10.0,581.1570000000002,4.022600000000002,108.56,4,5,4,2,0.43677099164714694,O=C1CNCCOc2ccccc2C=CCNC(=O)C(Cc2ccccc2)NC(=O)C2(CCCC2)N1,False
CHEMBL3912534,CC(C)C[C@@H]1NCCOc2ccccc2/C=C\CNC(=O)[C@H](Cc2cccs2)NC(=O)C2(CCCC2)NC1=O,7.0,552.7410000000003,3.4307000000000007,108.56,4,6,4,2,0.46493494259438545,O=C1CNCCOc2ccccc2C=CCNC(=O)C(Cc2cccs2)NC(=O)C2(CCCC2)N1,False
CHEMBL3981446,CC(C)C[C@@H]1NCCOc2ccccc2/C=C\CNC(=O)[C@H](Cc2ccncc2)NC(=O)C2(CCCC2)NC1=O,6.0,547.7000000000004,2.7642000000000007,121.44999999999999,4,6,4,2,0.4672242912330373,O=C1CNCCOc2ccccc2C=CCNC(=O)C(Cc2ccncc2)NC(=O)C2(CCCC2)N1,False
CHEMBL3890296,CC(C)C[C@@H]1NCCOc2ccccc2CCCNC(=O)[C@@H](Cc2ccccc2)NC(=O)C2(CCCC2)NC1=O,8.0,548.7280000000003,3.2886000000000006,108.56,4,5,4,2,0.46908885000688216,O=C1CNCCOc2ccccc2CCCNC(=O)C(Cc2ccccc2)NC(=O)C2(CCCC2)N1,False
CHEMBL1923608,CC(C)C[C@@H]1NCCOc2ccccc2CCCNC(=O)[C@@H](Cc2ccccc2)NC(=O)[C@@H](C)N(C)C1=O,7.801029995663981,522.6900000000002,2.706500000000001,99.77000000000001,3,5,4,2,0.5735543559871153,O=C1CNCCOc2ccccc2CCCNC(=O)C(Cc2ccccc2)NC(=O)CN1,False
CHEMBL3920479,CC(C)C[C@@H]1NCCOc2ccccc2CCCNC(=O)[C@H](CCc2ccccc2)NC(=O)C2(CCCC2)NC1=O,6.0,562.7550000000002,3.678700000000001,108.56,4,5,5,2,0.4447956033482464,O=C1CNCCOc2ccccc2CCCNC(=O)C(CCc2ccccc2)NC(=O)C2(CCCC2)N1,False
CHEMBL3923508,CC(C)C[C@@H]1NCCOc2ccccc2CCCNC(=O)[C@H](Cc2c[nH]c3ccccc23)NC(=O)C2(CCCC2)NC1=O,6.0,587.765,3.7699000000000007,124.35,5,5,4,3,0.31802827816813517,O=C1CNCCOc2ccccc2CCCNC(=O)C(Cc2c[nH]c3ccccc23)NC(=O)C2(CCCC2)N1,False
CHEMBL3930400,CC(C)C[C@@H]1NCCOc2ccccc2CCCNC(=O)[C@H](Cc2ccc(O)cc2)NC(=O)C2(CCCC2)NC1=O,6.0,564.7270000000002,2.9942,128.79,5,6,4,2,0.3884967758150598,O=C1CNCCOc2ccccc2CCCNC(=O)C(Cc2ccccc2)NC(=O)C2(CCCC2)N1,False
CHEMBL3949653,CC(C)C[C@@H]1NCCOc2ccccc2CCCNC(=O)[C@H](Cc2ccccc2)NC(=O)C(C)(C)NC1=O,6.0,522.6900000000002,2.7544000000000004,108.56,4,5,4,2,0.4939502320687168,O=C1CNCCOc2ccccc2CCCNC(=O)C(Cc2ccccc2)NC(=O)CN1,False
CHEMBL3937924,CC(C)C[C@@H]1NCCOc2ccccc2CCCNC(=O)[C@H](Cc2ccccc2)NC(=O)C2(CC2)NC1=O,8.0,520.6740000000002,2.5084,108.56,4,5,4,2,0.495565156858657,O=C1CNCCOc2ccccc2CCCNC(=O)C(Cc2ccccc2)NC(=O)C2(CC2)N1,False
CHEMBL3940653,CC(C)C[C@@H]1NCCOc2ccccc2CCCNC(=O)[C@H](Cc2ccccc2)NC(=O)C2(CCCC2)NC1=O,8.0,548.7280000000003,3.2886000000000006,108.56,4,5,4,2,0.46908885000688216,O=C1CNCCOc2ccccc2CCCNC(=O)C(Cc2ccccc2)NC(=O)C2(CCCC2)N1,False
CHEMBL3946954,CC(C)C[C@@H]1NCCOc2ccccc2CCCNC(=O)[C@H](Cc2ccccc2)NC(=O)[C@@H](C)NC1=O,6.0,508.6630000000002,2.3643,108.56,4,5,4,2,0.5072043849882436,O=C1CNCCOc2ccccc2CCCNC(=O)C(Cc2ccccc2)NC(=O)CN1,False
CHEMBL3974776,CC(C)C[C@@H]1NCCOc2ccccc2CCCNC(=O)[C@H](Cc2ccccc2)NC(=O)[C@@H]2CCCN2C1=O,6.0,534.7010000000002,2.850600000000001,99.77000000000001,3,5,4,2,0.5603750383599788,O=C1NCCCc2ccccc2OCCNCC(=O)N2CCCC2C(=O)NC1Cc1ccccc1,False
CHEMBL3920711,CC(C)C[C@@H]1NCCOc2ccccc2CCCNC(=O)[C@H](Cc2ccccc2)NC(=O)[C@H](C)NC1=O,6.0,508.6630000000002,2.3643,108.56,4,5,4,2,0.5072043849882436,O=C1CNCCOc2ccccc2CCCNC(=O)C(Cc2ccccc2)NC(=O)CN1,False
CHEMBL3938163,CC(C)C[C@@H]1NCCOc2ccccc2CCCNC(=O)[C@H](Cc2ccccc2)NC(=O)[C@H]2CCCN2C1=O,6.0,534.7010000000002,2.850600000000001,99.77000000000001,3,5,4,2,0.5603750383599788,O=C1NCCCc2ccccc2OCCNCC(=O)N2CCCC2C(=O)NC1Cc1ccccc1,False
CHEMBL3899825,CC(C)C[C@@H]1NCCOc2cccnc2CCCNC(=O)[C@H](Cc2ccccc2)NC(=O)C2(CCCC2)NC1=O,6.0,549.7160000000003,2.683600000000001,121.44999999999999,4,6,4,2,0.4654524444114523,O=C1CNCCOc2cccnc2CCCNC(=O)C(Cc2ccccc2)NC(=O)C2(CCCC2)N1,False
CHEMBL3902597,CC(C)C[C@@H]1NCc2ccccc2Sc2ccccc2CNC(=O)[C@H](Cc2ccccc2)NC(=O)C2(CCCC2)NC1=O,6.0,598.8130000000001,5.128400000000003,99.32999999999998,4,5,4,3,0.3339594590746081,O=C1CNCc2ccccc2Sc2ccccc2CNC(=O)C(Cc2ccccc2)NC(=O)C2(CCCC2)N1,False
CHEMBL266647,CC(C)C[C@H](NC(=O)CCN(C)C)c1cc(Cl)ccc1N1CCN(C(=O)[C@H](C)Cc2ccc(Cl)cc2)CC1,6.337242168318426,561.5980000000002,5.675900000000006,55.89000000000001,1,4,11,2,0.383999940788297,O=C(CCc1ccccc1)N1CCN(c2ccccc2)CC1,True
CHEMBL507636,CC(C)C[C@H](NC(=O)[C@H](CC(C)C)NC(=O)[C@@H](Cc1c[nH]c2ccccc12)NC(=O)[C@H](Cc1ccccc1)NC(=O)[C@@H](Cc1c[nH]c2ccccc12)NC(=O)[C@@H](CCCNC(=N)N)NC(=O)[C@H]1CCCN1C(=O)[C@@H](N)CC(=O)O)C(N)=O,6.814281341297949,1131.3499999999997,1.2196699999999994,394.79999999999995,14,11,30,5,0.017500591413690886,O=C(CNC(=O)C1CCCN1)NC(Cc1c[nH]c2ccccc12)C(=O)NC(Cc1ccccc1)C(=O)NCCc1c[nH]c2ccccc12,True
CHEMBL449590,CC(C)C[C@H](NC(=O)[C@H](CC(C)C)NC(=O)[C@@H](Cc1c[nH]c2ccccc12)NC(=O)[C@H](Cc1ccccc1)NC(=O)[C@@H](Cc1c[nH]c2ccccc12)NC(=O)[C@@H](N)CC(=O)O)C(N)=O,6.903437700822769,878.0439999999998,2.480600000000007,283.48999999999995,10,8,23,5,0.046090016375444486,O=C(CCc1c[nH]c2ccccc12)NC(Cc1ccccc1)C(=O)NCCc1c[nH]c2ccccc12,True
CHEMBL499371,CC(C)C[C@H](NC(=O)[C@H](CC(C)C)NC(=O)[C@@H](Cc1c[nH]c2ccccc12)NC(=O)[C@H](Cc1ccccc1)NC(=O)[C@@H](Cc1c[nH]c2ccccc12)NC(=O)[C@@H](N)CCC(N)=O)C(N)=O,6.462591779677412,891.0869999999995,2.2714000000000074,289.28,10,8,24,5,0.04376266750618003,O=C(CCc1c[nH]c2ccccc12)NC(Cc1ccccc1)C(=O)NCCc1c[nH]c2ccccc12,True
CHEMBL506986,CC(C)C[C@H](NC(=O)[C@H](CC(C)C)NC(=O)[C@@H](Cc1c[nH]c2ccccc12)NC(=O)[C@H](Cc1ccccc1)NC(=O)[C@@H](Cc1c[nH]c2ccccc12)NC(=O)[C@@H](N)CCCCN)C(N)=O,7.469273760456403,891.1309999999994,3.1349000000000062,272.21000000000004,10,8,25,5,0.03882206826351949,O=C(CCc1c[nH]c2ccccc12)NC(Cc1ccccc1)C(=O)NCCc1c[nH]c2ccccc12,True
CHEMBL500703,CC(C)C[C@H](NC(=O)[C@H](CC(C)C)NC(=O)[C@@H](Cc1c[nH]c2ccccc12)NC(=O)[C@H](Cc1ccccc1)NC(=O)[C@@H](Cc1c[nH]c2ccccc12)NC(=O)[C@@H](N)CCCNC(=N)N)C(N)=O,7.799299729609228,919.1449999999994,2.2691700000000083,308.09,12,8,25,5,0.023192448195196606,O=C(CCc1c[nH]c2ccccc12)NC(Cc1ccccc1)C(=O)NCCc1c[nH]c2ccccc12,True
CHEMBL502208,CC(C)C[C@H](NC(=O)[C@H](CC(C)C)NC(=O)[C@@H](Cc1c[nH]c2ccccc12)NC(=O)[C@H](Cc1ccccc1)NC(=O)[C@@H](Cc1c[nH]c2ccccc12)NC(=O)[C@@H](N)Cc1cnc[nH]1)C(N)=O,7.202031546865413,900.0979999999996,2.9717000000000064,274.87,10,8,23,6,0.045567768008219156,O=C(CCc1cnc[nH]1)NC(Cc1c[nH]c2ccccc12)C(=O)NC(Cc1ccccc1)C(=O)NCCc1c[nH]c2ccccc12,True
CHEMBL509976,CC(C)C[C@H](NC(=O)[C@H](CC(C)C)NC(=O)[C@@H](Cc1c[nH]c2ccccc12)NC(=O)[C@H](Cc1ccccc1)NC(=O)[C@@H](Cc1c[nH]c2ccccc12)NC(=O)[C@H](C)N)C(N)=O,7.823908740944319,834.0349999999997,3.0258000000000056,246.19,9,7,21,5,0.05346022154477259,O=C(CCc1c[nH]c2ccccc12)NC(Cc1ccccc1)C(=O)NCCc1c[nH]c2ccccc12,True
CHEMBL501261,CC(C)C[C@H](NC(=O)[C@H](CC(C)C)NC(=O)[C@@H](Cc1c[nH]c2ccccc12)NC(=O)[C@H](Cc1ccccc1)NC(=O)[C@@H](Cc1c[nH]c2ccccc12)NC(=O)[C@H](CCC(N)=O)NC(=O)[C@@H](Cc1ccccc1)NC(=O)[C@@H]1CCCN1C(=O)[C@H](CCCCN)NC(=O)[C@@H]1CCCN1C(=O)[C@H](N)CCCNC(=N)N)C(N)=O,7.7447274948966935,1516.8620000000012,1.3427699999999836,505.11999999999983,17,15,42,6,0.014607120960704439,O=C(CNC(=O)C(Cc1ccccc1)NC(=O)C1CCCN1C(=O)CNC(=O)C1CCCN1)NC(Cc1c[nH]c2ccccc12)C(=O)NC(Cc1ccccc1)C(=O)NCCc1c[nH]c2ccccc12,True
CHEMBL2170781,CC(C)C[C@H](NC(=O)[C@H](CC(C)C)NC(=O)[C@@H](Cc1c[nH]c2ccccc12)NC(=O)[C@H](Cc1ccccc1)NC(=O)[C@@H](Cc1cccc2ccccc12)NC(=O)[C@@H](N)CCCCN)C(N)=O,8.370801097952246,902.1539999999994,3.806800000000007,256.42,9,8,25,5,0.038867195654003484,O=C(CCc1cccc2ccccc12)NC(Cc1ccccc1)C(=O)NCCc1c[nH]c2ccccc12,True
CHEMBL2170701,CC(C)C[C@H](NC(=O)[C@H](CC(C)C)NC(=O)[C@@H](Cc1c[nH]c2ccccc12)NC(=O)[C@H](Cc1ccccc1)NC(=O)[C@@H](Cc1cn(C)c2ccccc12)NC(=O)[C@@H](N)CCCCN)C(N)=O,7.655607726314889,905.1579999999993,3.145300000000007,261.35,9,8,25,5,0.03923574451967097,O=C(CCc1c[nH]c2ccccc12)NC(Cc1ccccc1)C(=O)NCCc1c[nH]c2ccccc12,True
CHEMBL450217,CC(C)C[C@H](NC(=O)[C@H](CC(C)C)NC(=O)[C@@H](Cc1c[nH]c2ccccc12)NC(=O)[C@H](Cc1ccccc1)NC(=O)[C@H](N)Cc1c[nH]c2ccccc12)C(N)=O,6.275724130399211,762.9559999999998,3.521100000000005,217.09,8,6,19,5,0.06294482507234579,O=C(CCc1c[nH]c2ccccc12)NC(Cc1ccccc1)C(=O)NCCc1c[nH]c2ccccc12,True
CHEMBL2170779,CC(C)C[C@H](NC(=O)[C@H](CC(C)C)NC(=O)[C@@H](Cc1ccc2ccccc2c1)NC(=O)[C@H](Cc1ccccc1)NC(=O)[C@@H](Cc1c[nH]c2ccccc12)NC(=O)[C@@H](N)CCCCN)C(N)=O,6.630413109263656,902.1539999999994,3.8068000000000053,256.42,9,8,25,5,0.038867195654003484,O=C(CCc1c[nH]c2ccccc12)NC(Cc1ccccc1)C(=O)NCCc1ccc2ccccc2c1,True
CHEMBL2170780,CC(C)C[C@H](NC(=O)[C@H](CC(C)C)NC(=O)[C@@H](Cc1cccc2ccccc12)NC(=O)[C@H](Cc1ccccc1)NC(=O)[C@@H](Cc1c[nH]c2ccccc12)NC(=O)[C@@H](N)CCCCN)C(N)=O,6.606951533583222,902.1539999999994,3.8068000000000053,256.42,9,8,25,5,0.038867195654003484,O=C(CCc1c[nH]c2ccccc12)NC(Cc1ccccc1)C(=O)NCCc1cccc2ccccc12,True
CHEMBL2170694,CC(C)C[C@H](NC(=O)[C@H](CC(C)C)NC(=O)[C@@H](Cc1cccc2ccccc12)NC(=O)[C@H](Cc1ccccc1)NC(=O)[C@@H](Cc1cccc2ccccc12)NC(=O)[C@@H](N)CCCCN)C(N)=O,7.45717457304082,913.1769999999995,4.478700000000004,240.63000000000002,8,8,25,5,0.038778010455616276,O=C(CCc1cccc2ccccc12)NC(Cc1ccccc1)C(=O)NCCc1cccc2ccccc12,True
CHEMBL2170693,CC(C)C[C@H](NC(=O)[C@H](CC(C)C)NC(=O)[C@@H](Cc1csc2ccccc12)NC(=O)[C@H](Cc1ccccc1)NC(=O)[C@@H](Cc1c[nH]c2ccccc12)NC(=O)[C@@H](N)CCCCN)C(N)=O,7.504455662453552,908.1829999999994,3.868300000000004,256.42,9,9,25,5,0.03879212225054219,O=C(CCc1c[nH]c2ccccc12)NC(Cc1ccccc1)C(=O)NCCc1csc2ccccc12,True
CHEMBL2310894,CC(C)C[C@H](NC(=O)[C@H](CCCCN)NC(=O)[C@H](C)NC(=O)[C@@H]1CCCN1C(=O)[C@@H]1CCCN1C(=O)[C@H](CCCCN)NC(=O)[C@H](CCCCN)NC(=O)[C@H](CO)NC(=O)[C@H](CCC(=O)O)NC(=O)[C@H](CCCCN)NC(=O)[C@H](CCCN=C(N)N)NC(=O)[C@H](CCC(N)=O)NC(=O)[C@H](CCC(N)=O)NC(=O)[C@@H](NC(=O)[C@H](CCCN=C(N)N)NC(=O)[C@H](CCC(N)=O)NC(=O)[C@H](Cc1c[nH]cn1)NC(=O)[C@H](CCC(=O)O)NC(=O)[C@@H]1CCCN1C(=O)[C@H](CO)NC(=O)[C@H](CC(C)C)NC(=O)[C@H](Cc1ccccc1)NC(=O)[C@H](COC(=O)c1ccccc1)NC(=O)[C@H](CO)NC(=O)CN)C(C)C)C(=O)N[C@@H](CCC(N)=O)C(=O)N1CCC[C@H]1C(=O)N[C@@H](CCCN=C(N)N)C(=O)O,7.958607314841775,3348.8269999999925,-16.577000000000172,1473.769999999999,45,48,112,3,0.010797760878442428,O=C(CNC(=O)CNC(=O)CNC(=O)CNC(=O)CNC(=O)CNC(=O)C(Cc1c[nH]cn1)NC(=O)CNC(=O)C1CCCN1C(=O)CNC(=O)CNC(=O)C(Cc1ccccc1)NC(=O)CCOC(=O)c1ccccc1)NCC(=O)NCC(=O)NCC(=O)NCC(=O)NCC(=O)N1CCCC1C(=O)N1CCCC1C(=O)NCC(=O)NCC(=O)NCC(=O)NCC(=O)N1CCCC1,True
CHEMBL525994,CC(C)C[C@H](NC(=O)[C@H](CCCCN)NC(=O)[C@H](C)NC(=O)[C@@H]1CCCN1C(=O)[C@@H]1CCCN1C(=O)[C@H](CCCCN)NC(=O)[C@H](CCCCN)NC(=O)[C@H](CO)NC(=O)[C@H](CCC(=O)O)NC(=O)[C@H](CCCCN)NC(=O)[C@H](CCCNC(=N)N)NC(=O)[C@H](CCC(N)=O)NC(=O)[C@H](CCC(N)=O)NC(=O)[C@@H](NC(=O)[C@H](CCCNC(=N)N)NC(=O)[C@H](CCC(N)=O)NC(=O)[C@H](Cc1cnc[nH]1)NC(=O)[C@H](CCC(=O)O)NC(=O)[C@@H]1CCCN1C(=O)[C@H](CO)NC(=O)[C@H](CC(C)C)NC(=O)[C@H](Cc1ccccc1)NC(=O)[C@H](COC(=O)CC12CC3CC(CC(C3)C1)C2)NC(=O)[C@H](CO)NC(=O)CN)C(C)C)C(=O)N[C@@H](CCC(N)=O)C(=O)N1CCC[C@H]1C(=O)N[C@@H](CCCNC(=N)N)C(=O)O,8.420818753952375,3420.977999999993,-14.655290000000138,1466.269999999999,48,48,113,2,0.012653926239358671,O=C(CNC(=O)CNC(=O)CNC(=O)CNC(=O)CNC(=O)CNC(=O)C(Cc1cnc[nH]1)NC(=O)CNC(=O)C1CCCN1C(=O)CNC(=O)CNC(=O)C(Cc1ccccc1)NC(=O)CCOC(=O)CC12CC3CC(CC(C3)C1)C2)NCC(=O)NCC(=O)NCC(=O)NCC(=O)NCC(=O)N1CCCC1C(=O)N1CCCC1C(=O)NCC(=O)NCC(=O)NCC(=O)NCC(=O)N1CCCC1,True
CHEMBL501253,CC(C)C[C@H](NC(=O)[C@H](CCCCN)NC(=O)[C@H](C)NC(=O)[C@@H]1CCCN1C(=O)[C@@H]1CCCN1C(=O)[C@H](CCCCN)NC(=O)[C@H](CCCCN)NC(=O)[C@H](CO)NC(=O)[C@H](CCC(=O)O)NC(=O)[C@H](CCCCN)NC(=O)[C@H](CCCNC(=N)N)NC(=O)[C@H](CCC(N)=O)NC(=O)[C@H](CCC(N)=O)NC(=O)[C@@H](NC(=O)[C@H](CCCNC(=N)N)NC(=O)[C@H](CCC(N)=O)NC(=O)[C@H](Cc1cnc[nH]1)NC(=O)[C@H](CCC(=O)O)NC(=O)[C@@H]1CCCN1C(=O)[C@H](CO)NC(=O)[C@H](CC(C)C)NC(=O)[C@H](Cc1ccccc1)NC(=O)[C@H](COC(=O)CCCCCCCBr)NC(=O)[C@H](CO)NC(=O)CN)C(C)C)C(=O)N[C@@H](CCC(N)=O)C(=O)N1CCC[C@H]1C(=O)N[C@@H](CCCNC(=N)N)C(=O)O,8.596910013008056,3449.8139999999935,-14.526290000000131,1466.269999999999,48,48,118,2,0.009612403537886664,O=C(CCc1ccccc1)NCC(=O)NCC(=O)N1CCCC1C(=O)NCC(=O)NC(Cc1cnc[nH]1)C(=O)NCC(=O)NCC(=O)NCC(=O)NCC(=O)NCC(=O)NCC(=O)NCC(=O)NCC(=O)NCC(=O)NCC(=O)NCC(=O)N1CCCC1C(=O)N1CCCC1C(=O)NCC(=O)NCC(=O)NCC(=O)NCC(=O)N1CCCC1,True
CHEMBL506624,CC(C)C[C@H](NC(=O)[C@H](Cc1ccccc1)NC(=O)[C@H](CNC(=O)CCCCCCCCCCCF)NC(=O)[C@H](CO)NC(=O)CN)C(=O)N[C@@H](CO)C(=O)N1CCC[C@H]1C(=O)N[C@@H](CCC(=O)O)C(=O)N[C@@H](Cc1cnc[nH]1)C(=O)N[C@@H](CCC(N)=O)C(=O)N[C@@H](CCCNC(=N)N)C(=O)N[C@H](C(=O)N[C@@H](CCC(N)=O)C(=O)N[C@@H](CCC(N)=O)C(N)=O)C(C)C,7.554395796726403,1798.0560000000016,-6.954529999999941,765.3299999999999,25,24,64,2,0.01662307430967588,O=C(CCc1ccccc1)NCC(=O)NCC(=O)N1CCCC1C(=O)NCC(=O)NCCc1cnc[nH]1,True
CHEMBL525751,CC(C)C[C@H](NC(=O)[C@H](Cc1ccccc1)NC(=O)[C@H](CNC(=O)CCCCCCCCF)NC(=O)[C@H](CO)NC(=O)CN)C(=O)N[C@@H](CO)C(=O)N1CCC[C@H]1C(=O)N[C@@H](CCC(=O)O)C(=O)N[C@@H](Cc1cnc[nH]1)C(=O)N[C@@H](CCC(N)=O)C(=O)N[C@@H](CCCNC(=N)N)C(=O)N[C@H](C(=O)N[C@@H](CCC(N)=O)C(=O)N[C@@H](CCC(N)=O)C(N)=O)C(C)C,7.402304814074488,1755.9750000000015,-8.12482999999994,765.3299999999999,25,24,61,2,0.016612968333853353,O=C(CCc1ccccc1)NCC(=O)NCC(=O)N1CCCC1C(=O)NCC(=O)NCCc1cnc[nH]1,True
CHEMBL506930,CC(C)C[C@H](NC(=O)[C@H](Cc1ccccc1)NC(=O)[C@H](CNC(=O)CCCCCF)NC(=O)[C@H](CO)NC(=O)CN)C(=O)N[C@@H](CO)C(=O)N1CCC[C@H]1C(=O)N[C@@H](CCC(=O)O)C(=O)N[C@@H](Cc1cnc[nH]1)C(=O)N[C@@H](CCC(N)=O)C(=O)N[C@@H](CCCNC(=N)N)C(=O)N[C@H](C(=O)N[C@@H](CCC(N)=O)C(=O)N[C@@H](CCC(N)=O)C(N)=O)C(C)C,6.8326826652518236,1713.8940000000011,-9.295129999999931,765.3299999999999,25,24,58,2,0.016610637253807698,O=C(CCc1ccccc1)NCC(=O)NCC(=O)N1CCCC1C(=O)NCC(=O)NCCc1cnc[nH]1,True
CHEMBL393576,CC(C)C[C@H](NCCN)c1cccc(F)c1N1CCN(C(=O)[C@@H](Cc2ccc(Cl)cc2Cl)N2CCCC2=O)CC1,6.142667503568731,592.5870000000001,4.650300000000004,81.91,2,5,11,2,0.3973188371992264,O=C(C(Cc1ccccc1)N1CCCC1=O)N1CCN(c2ccccc2)CC1,True
CHEMBL3920156,CC(C)C[C@H]1C(=O)NC2(CCCC2)C(=O)N[C@@H](Cc2ccccc2)C(=O)NC/C=C\c2ccccc2OCCN1C,6.0,560.7389999999999,3.711400000000001,99.77000000000001,3,5,4,2,0.529631798039825,O=C1CNCCOc2ccccc2C=CCNC(=O)C(Cc2ccccc2)NC(=O)C2(CCCC2)N1,False
CHEMBL3921493,CC(C)C[C@H]1NC[C@H](C)Oc2ccccc2CCCNC(=O)[C@H](Cc2cccc(Cl)c2)NC(=O)C2(CCCC2)NC1=O,6.0,597.2,4.3305000000000025,108.56,4,5,4,2,0.4201586925252394,O=C1CNCCOc2ccccc2CCCNC(=O)C(Cc2ccccc2)NC(=O)C2(CCCC2)N1,False
CHEMBL207754,CC(C)Cc1nc(N)nc(N)c1-c1ccc(NCc2ccc(S(C)(=O)=O)cc2)cc1,7.698970004336019,425.55800000000016,3.522100000000002,123.98999999999998,3,7,7,3,0.5288301047383461,c1ccc(CNc2ccc(-c3cncnc3)cc2)cc1,False
CHEMBL3586033,CC(C)N1[C@@H]2CC[C@H]1C=C(c1cnc(NCc3ccc4c(c3)OCC4)c(C(=O)NC[C@H]3COc4ccccc4O3)c1)C2,9.638272163982407,566.7020000000003,5.226900000000004,84.95,2,7,8,3,0.38648491940684493,O=C(NCC1COc2ccccc2O1)c1cc(C2=CC3CCC(C2)N3)cnc1NCc1ccc2c(c1)OCC2,False
CHEMBL212354,CC(C)NC(=O)Nc1ccc(-c2c(N)nc(N)nc2COCc2ccccc2)cc1,7.251811972993799,406.4900000000002,3.554700000000002,128.18,4,6,7,3,0.4749040579032892,c1ccc(COCc2ncncc2-c2ccccc2)cc1,False
CHEMBL1078115,CC(C)NC(=O)Nc1ccc(S(=O)(=O)Nc2ccc(CC(C)(C)N)cc2)cc1,6.0726296369609765,404.5360000000002,3.2971000000000013,113.32000000000001,4,4,7,2,0.5668684142292091,O=S(=O)(Nc1ccccc1)c1ccccc1,False
CHEMBL3319280,CC(C)NCCS(=O)(=O)c1ccc2nc(NC(=O)NC(=O)c3ccccc3Cl)sc2c1,7.568636235841012,480.9990000000002,3.683300000000002,117.25999999999999,3,7,7,3,0.4744802617479197,O=C(NC(=O)c1ccccc1)Nc1nc2ccccc2s1,False
CHEMBL2011829,CC(C)[C@@H](C(=O)NC1CCN(Cc2ccccc2)CC1)N1CC(=O)Nc2ccc(Oc3ccccc3)cc2C1=O,6.707743928643524,540.6640000000003,4.678600000000004,90.98000000000002,2,5,8,3,0.43314188277958043,O=C1CN(CC(=O)NC2CCN(Cc3ccccc3)CC2)C(=O)c2cc(Oc3ccccc3)ccc2N1,False
CHEMBL3980873,CC(C)[C@@H]1NCCOc2ccccc2/C=C\CNC(=O)[C@H](Cc2ccccc2)NC(=O)C2(CC2)NC1=O,7.0,504.6310000000003,2.1989,108.56,4,5,3,2,0.5126553494901571,O=C1CNCCOc2ccccc2C=CCNC(=O)C(Cc2ccccc2)NC(=O)C2(CC2)N1,False
CHEMBL3902856,CC(C)[C@@H]1NCCOc2ccccc2/C=C\CNC(=O)[C@H](Cc2ccccc2)NC(=O)C2(CCCC2)NC1=O,8.0,532.6850000000004,2.9791000000000007,108.56,4,5,3,2,0.4862135086996683,O=C1CNCCOc2ccccc2C=CCNC(=O)C(Cc2ccccc2)NC(=O)C2(CCCC2)N1,False
CHEMBL3951110,CC(C)[C@@H]1NCCOc2ccccc2/C=C\CNC(=O)[C@H](Cc2ccccc2)NC(=O)C2(CCCCC2)NC1=O,7.0,546.7120000000004,3.369200000000001,108.56,4,5,3,2,0.4722557360990354,O=C1CNCCOc2ccccc2C=CCNC(=O)C(Cc2ccccc2)NC(=O)C2(CCCCC2)N1,False
CHEMBL3913335,CC(C)[C@@H]1NCCOc2ccccc2/C=C\CNC(=O)[C@H](Cc2ccccc2)NC(=O)C2(CCOC2)NC1=O,8.0,534.6570000000004,1.8254000000000006,117.79000000000002,4,6,3,2,0.4774274978202535,O=C1CNCCOc2ccccc2C=CCNC(=O)C(Cc2ccccc2)NC(=O)C2(CCOC2)N1,False
CHEMBL3910661,CC(C)[C@@H]1NCCOc2ccccc2/C=C\CNC(=O)[C@H](Cc2ccccc2)NC(=O)C2(CCOCC2)NC1=O,7.0,548.6840000000004,2.2155000000000005,117.79000000000002,4,6,3,2,0.46742024312040303,O=C1CNCCOc2ccccc2C=CCNC(=O)C(Cc2ccccc2)NC(=O)C2(CCOCC2)N1,False
CHEMBL3936957,CC(C)[C@@H]1NCCOc2ccccc2/C=C\CNC(=O)[C@H](Cc2ccccc2)NC(=O)C2(CCSCC2)NC1=O,7.0,564.7520000000003,2.932100000000001,108.56,4,6,3,2,0.45676095717182724,O=C1CNCCOc2ccccc2C=CCNC(=O)C(Cc2ccccc2)NC(=O)C2(CCSCC2)N1,False
CHEMBL3934184,CC(C)[C@@H]1NCCOc2ccccc2/C=C\CNC(=O)[C@H](Cc2ccccc2)NC(=O)C2(Cc3ccccc3C2)NC1=O,7.0,580.7290000000002,3.203900000000001,108.56,4,5,3,3,0.38072784491831596,O=C1CNCCOc2ccccc2C=CCNC(=O)C(Cc2ccccc2)NC(=O)C2(Cc3ccccc3C2)N1,False
CHEMBL3969367,CC(C)[C@@H]1NCCOc2ccccc2/C=C\CNC(=O)[C@H](Cc2ccccc2)NC(=O)[C@@H](C)N(C)C1=O,10.0,506.6470000000003,2.397000000000001,99.77000000000001,3,5,3,2,0.5938331770276178,O=C1CNCCOc2ccccc2C=CCNC(=O)C(Cc2ccccc2)NC(=O)CN1,False
CHEMBL3934561,CC(C)[C@@H]1NCCOc2ccccc2CCCNC(=O)[C@@H](Cc2ccccc2)NC(=O)CN(C)C1=O,6.97061622231479,494.63600000000025,1.9279000000000013,99.77000000000001,3,5,3,2,0.6056537089185159,O=C1CNCCOc2ccccc2CCCNC(=O)C(Cc2ccccc2)NC(=O)CN1,False
CHEMBL3981235,CC(C)[C@@H]1NCCOc2ccccc2CCCNC(=O)[C@H](Cc2ccccc2)NC(=O)C2(CC2)NC1=O,6.0,506.6470000000003,2.1183,108.56,4,5,3,2,0.510125877302137,O=C1CNCCOc2ccccc2CCCNC(=O)C(Cc2ccccc2)NC(=O)C2(CC2)N1,False
CHEMBL3905987,CC(C)[C@@H]1NCCOc2ccccc2CCCNC(=O)[C@H](Cc2ccccc2)NC(=O)C2(CCCC2)NC1=O,7.0,534.7010000000004,2.8985000000000003,108.56,4,5,3,2,0.48442352079171874,O=C1CNCCOc2ccccc2CCCNC(=O)C(Cc2ccccc2)NC(=O)C2(CCCC2)N1,False
CHEMBL1923619,CC(C)[C@@H]1NC[C@@H](C)Oc2ccccc2CCCNC(=O)[C@@H](Cc2ccc(F)cc2)NC(=O)[C@@H](C)N(C)C1=O,6.982966660701219,540.6800000000002,2.844000000000001,99.77000000000001,3,5,3,2,0.5562240749983813,O=C1CNCCOc2ccccc2CCCNC(=O)C(Cc2ccccc2)NC(=O)CN1,False
CHEMBL2011833,CC(C)[C@H](C(=O)N1CCC(NC(C)(C)c2ccccc2)CC1)N1CC(=O)Nc2ccc(Oc3ccccc3)cc2C1=O,7.782516055786093,568.7180000000003,5.413700000000005,90.98000000000002,2,5,8,3,0.37913397293481477,O=C1CN(CC(=O)N2CCC(NCc3ccccc3)CC2)C(=O)c2cc(Oc3ccccc3)ccc2N1,False
CHEMBL2011887,CC(C)[C@H](C(=O)N1CCC(NCC2CC2)CC1)N1CC(=O)Nc2ccc(Oc3ccccc3)cc2C1=O,7.301029995663981,504.63100000000026,3.8884000000000025,90.98000000000002,2,5,8,2,0.5693374295931721,O=C1CN(CC(=O)N2CCC(NCC3CC3)CC2)C(=O)c2cc(Oc3ccccc3)ccc2N1,False
CHEMBL2011835,CC(C)[C@H](C(=O)N1CCC(NCCC2CCCCC2)CC1)N1CC(=O)Nc2ccc(Oc3ccccc3)cc2C1=O,8.387216143280265,560.7390000000003,5.448800000000005,90.98000000000002,2,5,9,2,0.4257865603270577,O=C1CN(CC(=O)N2CCC(NCCC3CCCCC3)CC2)C(=O)c2cc(Oc3ccccc3)ccc2N1,True
CHEMBL2011836,CC(C)[C@H](C(=O)N1CCC(NCCC2CCOCC2)CC1)N1CC(=O)Nc2ccc(Oc3ccccc3)cc2C1=O,6.504455662453552,562.7110000000002,4.295100000000002,100.21000000000001,2,6,9,2,0.47301977660085276,O=C1CN(CC(=O)N2CCC(NCCC3CCOCC3)CC2)C(=O)c2cc(Oc3ccccc3)ccc2N1,True
CHEMBL2011894,CC(C)[C@H](C(=O)N1CCC(NCc2ccccc2)CC1)N1CC(=O)Nc2ccc(Oc3ccc(F)cc3F)cc2C1=O,8.522878745280337,576.6440000000003,4.956800000000004,90.98000000000002,2,5,8,3,0.395930671069558,O=C1CN(CC(=O)N2CCC(NCc3ccccc3)CC2)C(=O)c2cc(Oc3ccccc3)ccc2N1,False
CHEMBL2011831,CC(C)[C@H](C(=O)N1CCC(NCc2ccccc2)CC1)N1CC(=O)Nc2ccc(Oc3ccccc3)cc2C1=O,8.096910013008056,540.6640000000003,4.678600000000004,90.98000000000002,2,5,8,3,0.43314188277958043,O=C1CN(CC(=O)N2CCC(NCc3ccccc3)CC2)C(=O)c2cc(Oc3ccccc3)ccc2N1,False
CHEMBL2011834,CC(C)[C@H](C(=O)N1CCC(N[C@H](C)C2CCCCC2)CC1)N1CC(=O)Nc2ccc(Oc3ccccc3)cc2C1=O,8.602059991327963,560.7390000000003,5.447200000000005,90.98000000000002,2,5,8,2,0.4483354175335022,O=C1CN(CC(=O)N2CCC(NCC3CCCCC3)CC2)C(=O)c2cc(Oc3ccccc3)ccc2N1,False
CHEMBL2011832,CC(C)[C@H](C(=O)N1CCC(N[C@H](C)c2ccccc2)CC1)N1CC(=O)Nc2ccc(Oc3ccccc3)cc2C1=O,8.602059991327963,554.6910000000004,5.239600000000005,90.98000000000002,2,5,8,3,0.3975482553167983,O=C1CN(CC(=O)N2CCC(NCc3ccccc3)CC2)C(=O)c2cc(Oc3ccccc3)ccc2N1,False
CHEMBL2011821,CC(C)[C@H](C(=O)NC1CCN(Cc2ccccc2)CC1)N1CC(=O)Nc2ccc(Oc3ccc(Cl)cc3)cc2C1=O,7.552841968657781,575.1090000000003,5.332000000000005,90.98000000000002,2,5,8,3,0.3793163260872083,O=C1CN(CC(=O)NC2CCN(Cc3ccccc3)CC2)C(=O)c2cc(Oc3ccccc3)ccc2N1,False
CHEMBL2011817,CC(C)[C@H](C(=O)NC1CCN(Cc2ccccc2)CC1)N1CC(=O)Nc2ccc(Oc3ccc(F)cc3)cc2C1=O,7.958607314841775,558.6540000000003,4.817700000000004,90.98000000000002,2,5,8,3,0.4139566274057984,O=C1CN(CC(=O)NC2CCN(Cc3ccccc3)CC2)C(=O)c2cc(Oc3ccccc3)ccc2N1,False
CHEMBL2011820,CC(C)[C@H](C(=O)NC1CCN(Cc2ccccc2)CC1)N1CC(=O)Nc2ccc(Oc3cccc(Cl)c3)cc2C1=O,6.767003889607846,575.1090000000003,5.332000000000005,90.98000000000002,2,5,8,3,0.3793163260872083,O=C1CN(CC(=O)NC2CCN(Cc3ccccc3)CC2)C(=O)c2cc(Oc3ccccc3)ccc2N1,False
CHEMBL2011816,CC(C)[C@H](C(=O)NC1CCN(Cc2ccccc2)CC1)N1CC(=O)Nc2ccc(Oc3ccccc3)cc2C1=O,8.226728668260934,540.6640000000003,4.678600000000004,90.98000000000002,2,5,8,3,0.43314188277958043,O=C1CN(CC(=O)NC2CCN(Cc3ccccc3)CC2)C(=O)c2cc(Oc3ccccc3)ccc2N1,False
CHEMBL2011891,CC(C)[C@H](C[C@H]1CC[C@@H](NCC2CC2)CC1)N1CC(=O)Nc2ccc(Oc3ccc(F)cc3F)cc2C1=O,7.698970004336019,525.6400000000001,6.1245000000000065,70.67000000000002,2,4,9,2,0.41360903762259815,O=C1CN(CCC2CCC(NCC3CC3)CC2)C(=O)c2cc(Oc3ccccc3)ccc2N1,True
CHEMBL2011892,CC(C)[C@H](C[C@H]1CC[C@@H](NCC2CC2)CC1)N1CCCc2ccc(Oc3ccc(F)cc3F)cc2C1=O,8.698970004336019,510.6690000000002,7.118600000000009,41.57,1,3,9,2,0.39056519767209136,O=C1c2cc(Oc3ccccc3)ccc2CCCN1CCC1CCC(NCC2CC2)CC1,True
CHEMBL2011893,CC(C)[C@H](C[C@H]1CC[C@@H](NCC2CC2)CC1)N1CCc2ccc(Oc3ccc(F)cc3F)cc2C1=O,8.154901959985743,496.64200000000017,6.7285000000000075,41.57,1,3,9,2,0.41858658442763763,O=C1c2cc(Oc3ccccc3)ccc2CCN1CCC1CCC(NCC2CC2)CC1,False
CHEMBL2011890,CC(C)[C@H](C[C@H]1CC[C@@H](NCc2ccccc2)CC1)N1CC(=O)Nc2ccc(Oc3ccccc3)cc2C1=O,8.221848749616356,525.6930000000003,6.636500000000007,70.67000000000002,2,4,9,3,0.32870297189482,O=C1CN(CCC2CCC(NCc3ccccc3)CC2)C(=O)c2cc(Oc3ccccc3)ccc2N1,True
CHEMBL497746,CC(C)[C@H](NC(=O)CCN(C)C)c1cccc(F)c1N1CCN(C(=O)[C@H](C)Cc2ccc(Cl)cc2)CC1,6.619788758288394,531.1160000000001,4.771500000000005,55.89000000000001,1,4,10,2,0.48050572136348674,O=C(CCc1ccccc1)N1CCN(c2ccccc2)CC1,True
CHEMBL1078900,CC(C)c1ccc(NC(=O)Nc2ccc(S(=O)(=O)Nc3ccc(CC(C)(C)N)cc3)cc2)cc1,8.096910013008056,480.63400000000024,5.534600000000004,113.32000000000001,4,4,8,3,0.33914579750446194,O=C(Nc1ccccc1)Nc1ccc(S(=O)(=O)Nc2ccccc2)cc1,False
CHEMBL205374,CC(C)c1nc(N)nc(N)c1-c1ccc(NCc2ccc(S(C)(=O)=O)cc2)cc1,8.060739102249396,411.5310000000001,3.447000000000002,123.98999999999998,3,7,6,3,0.5672873061120185,c1ccc(CNc2ccc(-c3cncnc3)cc2)cc1,False
CHEMBL3358453,CC(NC(=O)N(Cc1ccccc1Cl)C1CCN(C)CC1)c1cccc(Cl)c1Cl,7.42021640338319,454.8290000000002,6.013800000000006,35.580000000000005,1,2,5,2,0.5999026190451898,O=C(NCc1ccccc1)N(Cc1ccccc1)C1CCNCC1,False
CHEMBL208842,CC(NC(=O)Nc1ccc(-c2c(N)nc(N)nc2COCc2ccccc2)cc1)c1ccccc1,8.0,468.56100000000015,4.907500000000003,128.18,4,6,8,4,0.29092051928648593,O=C(NCc1ccccc1)Nc1ccc(-c2cncnc2COCc2ccccc2)cc1,False
CHEMBL3978864,CC(O)[C@@H]1NCCOc2ccccc2CCCNC(=O)[C@@H](Cc2ccccc2)NC(=O)[C@@H](C)N(C)C1=O,7.0,510.6350000000003,1.0412000000000012,120.0,4,6,3,2,0.48998770876398473,O=C1CNCCOc2ccccc2CCCNC(=O)C(Cc2ccccc2)NC(=O)CN1,False
CHEMBL489370,CC(Oc1cccc(Cl)c1)C(=O)N(Cc1ccccc1)C[C@H]1CCCN1,6.522878745280337,372.89600000000013,3.8881000000000023,41.57,1,3,7,2,0.8012753628646416,O=C(COc1ccccc1)N(Cc1ccccc1)CC1CCCN1,False
CHEMBL3898348,CC1(C)NC(=O)C2(CCCC2)NCCOc2ccccc2/C=C\CNC(=O)[C@H](Cc2cccc(Cl)c2)NC1=O,8.0,553.1030000000002,3.3865,108.56,4,5,2,2,0.4566393157779752,O=C1CNC(=O)C2(CCCC2)NCCOc2ccccc2C=CCNC(=O)C(Cc2ccccc2)N1,False
CHEMBL3949023,CC1(C)NCCOc2ccccc2/C=C\CNC(=O)[C@H](Cc2cccc(Cl)c2)NC(=O)C(C)(C)NC1=O,7.0,527.0650000000003,2.8523000000000005,108.56,4,5,2,2,0.4810418582849483,O=C1CNCCOc2ccccc2C=CCNC(=O)C(Cc2ccccc2)NC(=O)CN1,False
CHEMBL3951476,CC1(C)NCCOc2ccccc2/C=C\CNC(=O)[C@H](Cc2cccc(Cl)c2)NC(=O)C2(CCCC2)NC1=O,8.0,553.1030000000004,3.3865000000000007,108.56,4,5,2,2,0.4566393157779752,O=C1CNCCOc2ccccc2C=CCNC(=O)C(Cc2ccccc2)NC(=O)C2(CCCC2)N1,False
CHEMBL3961456,CC1C(=O)NC(Cc2ccc(F)cc2)C(=O)NCCCc2ncccc2OCCNC(C2CC2)C(=O)N1C,8.0,525.6250000000003,1.6045000000000003,112.66000000000001,3,6,3,2,0.561443474946499,O=C1CNC(=O)C(C2CC2)NCCOc2cccnc2CCCNC(=O)C(Cc2ccccc2)N1,False
CHEMBL3958492,CC1C(=O)NC(Cc2ccc(F)cc2)C(=O)NCCOCCOCCNC(C2CC2)C(=O)N1C,6.0,478.5650000000004,0.23110000000000297,109.00000000000001,3,6,3,1,0.5741450664871567,O=C1CNC(=O)C(C2CC2)NCCOCCOCCNC(=O)C(Cc2ccccc2)N1,False
CHEMBL3924635,CC1C(=O)NC(Cc2ccc(F)cc2)C(=O)NC[C@H]2C[C@@H]2c2ccccc2OCCNC(C2CC2)C(=O)N1C,8.0,536.6480000000003,2.3804000000000007,99.77,3,5,3,2,0.5596424488267594,O=C1CNC(=O)C(C2CC2)NCCOc2ccccc2C2CC2CNC(=O)C(Cc2ccccc2)N1,False
CHEMBL2164825,CC1CCN(CC(=O)NC2(c3ccc(Cl)cc3)C(=O)Nc3cc(Cl)c(Cl)cc32)CC1,5.5951662833800615,466.7960000000002,4.690600000000003,61.440000000000005,2,3,4,2,0.6870022457173285,O=C(CN1CCCCC1)NC1(c2ccccc2)C(=O)Nc2ccccc21,False
CHEMBL3929656,CC1CCNC(=O)[C@@H](Cc2ccc(F)cc2)NC(=O)[C@@H](C)N(C)C(=O)[C@H](C2CC2)NCCOc2ccccc21,7.0,538.6640000000003,2.770500000000001,99.77000000000001,3,5,3,2,0.5583351212974962,O=C1CNC(=O)C(C2CC2)NCCOc2ccccc2CCCNC(=O)C(Cc2ccccc2)N1,False
CHEMBL3985477,CC1CNC(=O)[C@@H](Cc2ccc(F)cc2)NC(=O)[C@@H](C)N(C)C(=O)[C@H](C2CC2)NCCOc2ccccc2C1,7.0,538.6640000000002,2.4555000000000016,99.77000000000001,3,5,3,2,0.557770939891606,O=C1CNC(=O)C(C2CC2)NCCOc2ccccc2CCCNC(=O)C(Cc2ccccc2)N1,False
CHEMBL1923637,CC1COc2ccccc2CCCNC(=O)[C@@H](Cc2ccc(F)cc2)NC(=O)[C@@H](C)N(C)C(=O)[C@H](C2CC2)N1,9.022878745280337,538.6640000000001,2.598,99.77000000000001,3,5,3,2,0.5581335528453903,O=C1CNC(=O)C(C2CC2)NCCOc2ccccc2CCCNC(=O)C(Cc2ccccc2)N1,False
CHEMBL275373,CCC(=O)N[C@@H](Cc1c[nH]c2ccccc12)NC(=O)[C@@H](Cc1c[nH]c2ccccc12)NC(=O)C(C)(C)N,6.535035219957706,502.61900000000026,2.624999999999999,144.9,6,4,10,4,0.18519108199820028,O=C(CCc1c[nH]c2ccccc12)NCCc1c[nH]c2ccccc12,True
CHEMBL18853,CCC(=O)N[C@@H](Cc1c[nH]c2ccccc12)NC(=O)[C@@H](Cc1c[nH]c2ccccc12)NC(=O)C(C)(C)NC,6.777283528852417,516.6460000000002,2.8857,130.91,6,4,11,4,0.17119447516300518,O=C(CCc1c[nH]c2ccccc12)NCCc1c[nH]c2ccccc12,True
CHEMBL2163463,CCC(=O)N[C@H](Cc1c[nH]c2ccccc12)C(=O)NN(CC(C)C)C(=O)N[C@@H](Cc1c[nH]c2ccccc12)C(=O)N[C@H](Cc1ccccc1)C(=O)N[C@@H](CCCCN)C(N)=O,5.413412695328245,835.0229999999996,3.223200000000003,249.42999999999998,9,7,21,5,0.03941866969291709,O=C(CCc1c[nH]c2ccccc12)NNC(=O)NC(Cc1c[nH]c2ccccc12)C(=O)NCCc1ccccc1,True
CHEMBL386290,CCC(=O)Nc1ccc(-c2c(N)nc(N)nc2COCc2ccccc2)cc1,6.655607726314889,377.44800000000004,3.373300000000002,116.15,3,6,7,3,0.5811632009704091,c1ccc(COCc2ncncc2-c2ccccc2)cc1,False
CHEMBL362303,CCC(C(=O)NC1CCCCC1)N(CCCN(CC)CC)C(=O)c1ccc(-c2ccccc2)[nH]1,6.657577319177793,466.67000000000013,5.083300000000005,68.44,2,3,12,2,0.4581401533017298,O=C(CNC(=O)c1ccc(-c2ccccc2)[nH]1)NC1CCCCC1,False
CHEMBL3943159,CCC(C)C1NCC(C)Oc2ccccc2CCCNC(=O)C(Cc2cccc(Cl)c2)NC(=O)C2(CCCC2)NC1=O,8.0,597.2,4.3305000000000025,108.56,4,5,4,2,0.4201586925252394,O=C1CNCCOc2ccccc2CCCNC(=O)C(Cc2ccccc2)NC(=O)C2(CCCC2)N1,False
CHEMBL3914338,CCC(C)C1NCCCCCCCCNC(=O)C(Cc2ccccc2)NC(=O)C(C)N(C)C1=O,7.0,472.67400000000015,3.0355000000000025,90.53999999999999,3,4,4,1,0.6283028789959872,O=C1CNCCCCCCCCNC(=O)C(Cc2ccccc2)NC(=O)CN1,False
CHEMBL3909431,CCC(C)C1NCCCc2ccccc2/C=C\CNC(=O)C(Cc2ccc(F)cc2)NC(=O)C(C)N(C)C1=O,8.0,536.6920000000002,3.480000000000002,90.53999999999999,3,4,4,2,0.5582727416662256,O=C1CNCCCc2ccccc2C=CCNC(=O)C(Cc2ccccc2)NC(=O)CN1,False
CHEMBL3926434,CCC(C)C1NCCCc2ccccc2/C=C\CNC(=O)C(Cc2cccc(Cl)c2)NC(=O)C2(CCCC2)NC1=O,8.0,579.1850000000002,4.576400000000003,99.32999999999998,4,4,4,2,0.4267961629327068,O=C1CNCCCc2ccccc2C=CCNC(=O)C(Cc2ccccc2)NC(=O)C2(CCCC2)N1,False
CHEMBL3954124,CCC(C)C1NCCOc2ccccc2/C=C\CNC(=O)C(COCc2ccccc2)NC(=O)C(C)(C)NC1=O,7.0,550.7000000000003,2.809100000000001,117.78999999999999,4,6,6,2,0.4395398401868683,O=C1CNCCOc2ccccc2C=CCNC(=O)C(COCc2ccccc2)NC(=O)CN1,False
CHEMBL3954620,CCC(C)C1NCCOc2ccccc2/C=C\CNC(=O)C(Cc2cc(F)cc(F)c2)NC(=O)C2(CCCC2)NC1=O,7.0,582.6920000000001,3.647400000000001,108.56,4,5,4,2,0.4404313459749094,O=C1CNCCOc2ccccc2C=CCNC(=O)C(Cc2ccccc2)NC(=O)C2(CCCC2)N1,False
CHEMBL3976853,CCC(C)C1NCCOc2ccccc2/C=C\CNC(=O)C(Cc2ccc(Cl)cc2)NC(=O)C2(CCOC2)NC1=O,8.0,583.1290000000002,2.868900000000001,117.79000000000002,4,6,4,2,0.44037187995917365,O=C1CNCCOc2ccccc2C=CCNC(=O)C(Cc2ccccc2)NC(=O)C2(CCOC2)N1,False
CHEMBL3981960,CCC(C)C1NCCOc2ccccc2/C=C\CNC(=O)C(Cc2ccc(F)c(F)c2)NC(=O)C2(CCCC2)NC1=O,7.0,582.6920000000001,3.647400000000001,108.56,4,5,4,2,0.4404313459749094,O=C1CNCCOc2ccccc2C=CCNC(=O)C(Cc2ccccc2)NC(=O)C2(CCCC2)N1,False
CHEMBL3949926,CCC(C)C1NCCOc2ccccc2/C=C\CNC(=O)C(Cc2cccc(C(F)(F)F)c2)NC(=O)C2(CCCC2)NC1=O,7.0,614.7089999999998,4.388000000000003,108.56,4,5,4,2,0.4089129218668654,O=C1CNCCOc2ccccc2C=CCNC(=O)C(Cc2ccccc2)NC(=O)C2(CCCC2)N1,False
CHEMBL3946007,CCC(C)C1NCCOc2ccccc2/C=C\CNC(=O)C(Cc2ccccc2)NC(=O)C2(CCCC2)NC1=O,8.0,546.7120000000003,3.369200000000001,108.56,4,5,4,2,0.4704239991806147,O=C1CNCCOc2ccccc2C=CCNC(=O)C(Cc2ccccc2)NC(=O)C2(CCCC2)N1,False
CHEMBL3980176,CCC(C)C1NCCOc2ccccc2CCCNC(=O)C(Cc2ccccc2)N2CCC(C2=O)N(C)C1=O,6.0,534.7010000000002,2.8027000000000006,90.97999999999999,2,5,4,2,0.6297452167157581,O=C1CNCCOc2ccccc2CCCNC(=O)C(Cc2ccccc2)N2CCC(N1)C2=O,False
CHEMBL3903647,CCC(C)C1NCCOc2ccccc2CCCNC(=O)C(Cc2ccccc2)NC(=O)C(CO)N(C)C1=O,7.0,538.6890000000002,1.678900000000001,120.0,4,6,5,2,0.4599816597477015,O=C1CNCCOc2ccccc2CCCNC(=O)C(Cc2ccccc2)NC(=O)CN1,False
CHEMBL3958657,CCC(C)C1NCCc2ccccc2CCCCNC(=O)C(Cc2ccccc2)NC(=O)C(C)N(C)C1=O,7.0,520.7180000000002,3.2603000000000018,90.53999999999999,3,4,4,2,0.5773466810564316,O=C1CNCCc2ccccc2CCCCNC(=O)C(Cc2ccccc2)NC(=O)CN1,False
CHEMBL3955437,CCC(C)C1NC[C@H](C)Oc2ccccc2CCCNC(=O)C(Cc2cccc(Cl)c2)NC(=O)C2(CCCC2)NC1=O,10.0,597.2,4.3305000000000025,108.56,4,5,4,2,0.4201586925252394,O=C1CNCCOc2ccccc2CCCNC(=O)C(Cc2ccccc2)NC(=O)C2(CCCC2)N1,False
CHEMBL3967506,CCC(C)C1NCc2ccccc2CCCCNC(=O)C(Cc2ccccc2)NC(=O)C(C)N(C)C1=O,7.0,506.69100000000026,3.2178000000000004,90.53999999999999,3,4,4,2,0.594048878958098,O=C1CNCc2ccccc2CCCCNC(=O)C(Cc2ccccc2)NC(=O)CN1,False
CHEMBL3931716,CCC(C)[C@@H]1NCCOc2ccccc2CCCNC(=O)[C@@H](Cc2c[nH]cn2)NC(=O)[C@@H](C)N(C)C1=O,7.0,512.6550000000002,1.429600000000002,128.45000000000002,4,6,4,2,0.49073375055651575,O=C1CNCCOc2ccccc2CCCNC(=O)C(Cc2c[nH]cn2)NC(=O)CN1,False
CHEMBL3922056,CCC(C)[C@H]1NCCOc2ccccc2[C@H]2C[C@@H]2CNC(=O)[C@H](Cc2cccc(Cl)c2)NC(=O)C2(CCCC2)NC1=O,10.0,595.1840000000001,4.112900000000002,108.56,4,5,4,2,0.4260176558852625,O=C1CNCCOc2ccccc2C2CC2CNC(=O)C(Cc2ccccc2)NC(=O)C2(CCCC2)N1,False
CHEMBL3923918,CCC1NCCOc2ccccc2/C=C\CNC(=O)C(Cc2ccccc2)NC(=O)C2(CCCC2)NC1=O,7.0,518.6580000000004,2.7331000000000003,108.56,4,5,3,2,0.4998366259103265,O=C1CNCCOc2ccccc2C=CCNC(=O)C(Cc2ccccc2)NC(=O)C2(CCCC2)N1,False
CHEMBL189561,CCCC(C(=O)NC1CCCCC1)N(CCCN(CC)CC)C(=O)c1ccc(-c2ccccc2)[nH]1,6.060480747381382,480.6970000000002,5.473400000000005,68.44,2,3,13,2,0.39922089530425897,O=C(CNC(=O)c1ccc(-c2ccccc2)[nH]1)NC1CCCCC1,False
CHEMBL2310887,CCCC(CCC)C(=O)OC[C@H](NC(=O)[C@H](CO)NC(=O)CN)C(=O)N[C@@H](Cc1ccccc1)C(=O)N[C@@H](CC(C)C)C(=O)N[C@@H](CO)C(=O)N1CCC[C@H]1C(=O)N[C@@H](CCC(=O)O)C(=O)N[C@@H](Cc1c[nH]cn1)C(=O)N[C@@H](CCC(N)=O)C(=O)N[C@@H](CCCN=C(N)N)C(=O)N[C@H](C(=O)N[C@@H](CCC(N)=O)C(=O)N[C@@H](CCC(N)=O)C(=O)N[C@@H](CCCN=C(N)N)C(=O)N[C@@H](CCCCN)C(=O)N[C@@H](CCC(=O)O)C(=O)N[C@@H](CO)C(=O)N[C@@H](CCCCN)C(=O)N[C@@H](CCCCN)C(=O)N1CCC[C@H]1C(=O)N1CCC[C@H]1C(=O)N[C@@H](C)C(=O)N[C@@H](CCCCN)C(=O)N[C@@H](CC(C)C)C(=O)N[C@@H](CCC(N)=O)C(=O)N1CCC[C@H]1C(=O)N[C@@H](CCCN=C(N)N)C(=O)O)C(C)C,9.017728766960431,3370.917999999996,-15.674400000000128,1473.769999999999,45,48,116,2,0.012653925613874746,O=C(CCc1ccccc1)NCC(=O)NCC(=O)N1CCCC1C(=O)NCC(=O)NC(Cc1c[nH]cn1)C(=O)NCC(=O)NCC(=O)NCC(=O)NCC(=O)NCC(=O)NCC(=O)NCC(=O)NCC(=O)NCC(=O)NCC(=O)NCC(=O)N1CCCC1C(=O)N1CCCC1C(=O)NCC(=O)NCC(=O)NCC(=O)NCC(=O)N1CCCC1,True
CHEMBL365489,CCCCC(C(=O)NC1CCCCC1)N(CCCN(CC)CC)C(=O)c1ccc(-c2ccccc2)[nH]1,6.552841968657781,494.72400000000016,5.863500000000006,68.44,2,3,14,2,0.3454139772849654,O=C(CNC(=O)c1ccc(-c2ccccc2)[nH]1)NC1CCCCC1,False
CHEMBL498956,CCCCCCC(=O)OC[C@H](NC(=O)[C@H](CO)NC(=O)CN)C(=O)N[C@@H](Cc1ccccc1)C(=O)N[C@@H](CC(C)C)C(=O)N[C@@H](CO)C(=O)N1CCC[C@H]1C(=O)N[C@@H](CCC(=O)O)C(=O)N[C@@H](Cc1cnc[nH]1)C(=O)N[C@@H](CCC(N)=O)C(=O)N[C@@H](CCCNC(=N)N)C(=O)N[C@H](C(=O)N[C@@H](CCC(N)=O)C(=O)N[C@@H](CCC(N)=O)C(=O)O)C(C)C,5.017728766960431,1711.899000000001,-7.828329999999951,756.74,24,25,58,2,0.012657599402814905,O=C(CCc1ccccc1)NCC(=O)NCC(=O)N1CCCC1C(=O)NCC(=O)NCCc1cnc[nH]1,True
CHEMBL447282,CCCCCCC(=O)OC[C@H](NC(=O)[C@H](CO)NC(=O)CN)C(=O)N[C@@H](Cc1ccccc1)C(=O)N[C@@H](CC(C)C)C(N)=O,4.259637310505756,620.748,-0.8356999999999899,232.04,7,9,21,1,0.06699271429718849,c1ccccc1,True
CHEMBL476471,CCCCCCC(=O)OC[C@H](NC(=O)[C@H](CO)NC(=O)CN)C(=O)N[C@@H](Cc1ccccc1)C(N)=O,3.0510982390297867,507.5880000000003,-1.3665999999999925,202.94,6,8,17,1,0.10939950792910585,c1ccccc1,True
CHEMBL412565,CCCCCCCC(=O)NC[C@H](NC(=O)[C@H](CO)NC(=O)CN)C(=O)N[C@@H](Cc1ccccc1)C(=O)N[C@@H](CC(C)C)C(=O)N[C@@H](CO)C(=O)N1CCC[C@@H]1C(=O)N[C@@H](CCC(=O)O)C(=O)N[C@@H](Cc1c[nH]cn1)C(=O)N[C@@H](CCC(N)=O)C(=O)N[C@@H](CCCN=C(N)N)C(=O)N[C@H](C(=O)N[C@@H](CCC(N)=O)C(=O)N[C@@H](CCC(N)=O)C(=O)O)C(C)C,8.096910013008056,1724.9420000000011,-8.074899999999946,762.0400000000001,24,24,59,2,0.01661323606338298,O=C(CCc1ccccc1)NCC(=O)NCC(=O)N1CCCC1C(=O)NCC(=O)NCCc1c[nH]cn1,True
CHEMBL504776,CCCCCCCC(=O)NC[C@H](NC(=O)[C@H](CO)NC(=O)CN)C(=O)N[C@@H](Cc1ccccc1)C(=O)N[C@@H](CC(C)C)C(=O)N[C@@H](CO)C(=O)N1CCC[C@H]1C(=O)N[C@@H](CCC(=O)O)C(=O)N[C@@H](Cc1cnc[nH]1)C(=O)N[C@@H](CCC(N)=O)C(=O)N[C@@H](CCCNC(=N)N)C(=O)N[C@H](C(=O)N[C@@H](CCC(N)=O)C(=O)N[C@@H](CCC(N)=O)C(=O)N[C@@H](CCCNC(=N)N)C(=O)N[C@@H](CCCCN)C(=O)N[C@@H](CCC(=O)O)C(=O)N[C@@H](CO)C(=O)N[C@@H](CCCCN)C(=O)N[C@@H](CCCCN)C(=O)N1CCC[C@H]1C(=O)N1CCC[C@H]1C(=O)N[C@@H](C)C(=O)N[C@@H](CCCCN)C(=O)N[C@@H](CC(C)C)C(=O)N[C@@H](CCC(N)=O)C(=O)N1CCC[C@H]1C(=O)N[C@@H](CCCNC(=N)N)C(=O)O)C(C)C,7.876750709602099,3369.9339999999956,-15.328290000000138,1469.069999999999,49,47,117,2,0.0166096695619747,O=C(CCc1ccccc1)NCC(=O)NCC(=O)N1CCCC1C(=O)NCC(=O)NC(Cc1cnc[nH]1)C(=O)NCC(=O)NCC(=O)NCC(=O)NCC(=O)NCC(=O)NCC(=O)NCC(=O)NCC(=O)NCC(=O)NCC(=O)NCC(=O)N1CCCC1C(=O)N1CCCC1C(=O)NCC(=O)NCC(=O)NCC(=O)NCC(=O)N1CCCC1,True
CHEMBL294324,CCCCCCCC(=O)OC[C@@H](NC(=O)C(C)(C)N)C(=O)N1CCC2(CC1)CN(S(C)(=O)=O)c1ccccc12.O=C(O)C(F)(F)F,8.090443970758825,678.7710000000005,3.0855000000000024,176.40999999999997,3,8,12,1,0.2215715645422482,c1ccc2c(c1)NCC21CCNCC1,True
CHEMBL291333,CCCCCCCC(=O)OC[C@@H](NC(=O)[C@@H](N)CO)C(=O)N1CCC2(CC1)CN(S(C)(=O)=O)c1ccccc12.O=C(O)C(F)(F)F,6.081707487244644,680.7430000000006,1.6678000000000053,196.63999999999996,4,9,13,1,0.17573883403754312,c1ccc2c(c1)NCC21CCNCC1,True
CHEMBL61292,CCCCCCCC(=O)OC[C@@H](NC(=O)[C@H](CO)NC(=O)CN)C(=O)N1CCC2(CC1)CN(S(C)(=O)=O)c1ccccc12.O=C(O)C(F)(F)F,6.892790030352131,737.7950000000005,0.7840000000000076,225.73999999999998,5,10,15,1,0.12494045238454352,c1ccc2c(c1)NCC21CCNCC1,True
CHEMBL59572,CCCCCCCC(=O)OC[C@H](NC(=O)C(C)(C)N)C(=O)N1CCC2(CC1)CN(S(C)(=O)=O)c1ccccc12.O=C(O)C(F)(F)F,6.228780098050466,678.7710000000005,3.0855000000000024,176.40999999999997,3,8,12,1,0.2215715645422482,c1ccc2c(c1)NCC21CCNCC1,True
CHEMBL2310893,CCCCCCCC(=O)OC[C@H](NC(=O)CN)C(=O)N[C@@H](CO)C(=O)N[C@@H](Cc1ccccc1)C(=O)N[C@@H](CC(C)C)C(=O)N[C@@H](CO)C(=O)N1CCC[C@H]1C(=O)N[C@@H](CCC(=O)O)C(=O)N[C@@H](Cc1c[nH]cn1)C(=O)N[C@@H](CCC(N)=O)C(=O)N[C@@H](CCCN=C(N)N)C(=O)N[C@H](C(=O)N[C@@H](CCC(N)=O)C(=O)N[C@@H](CCC(N)=O)C(=O)N[C@@H](CCCN=C(N)N)C(=O)N[C@@H](CCCCN)C(=O)N[C@@H](CCC(=O)O)C(=O)N[C@@H](CO)C(=O)N[C@@H](CCCCN)C(=O)N[C@@H](CCCCN)C(=O)N1CCC[C@H]1C(=O)N1CCC[C@H]1C(=O)N[C@@H](C)C(=O)N[C@@H](CCCCN)C(=O)N[C@@H](CC(C)C)C(=O)N[C@@H](CCC(N)=O)C(=O)N1CCC[C@H]1C(=O)N[C@@H](CCCN=C(N)N)C(=O)O)C(C)C,7.318758762624412,3370.917999999996,-15.530300000000132,1473.769999999999,45,48,117,2,0.012653925662723444,O=C(CCc1ccccc1)NCC(=O)NCC(=O)N1CCCC1C(=O)NCC(=O)NC(Cc1c[nH]cn1)C(=O)NCC(=O)NCC(=O)NCC(=O)NCC(=O)NCC(=O)NCC(=O)NCC(=O)NCC(=O)NCC(=O)NCC(=O)NCC(=O)N1CCCC1C(=O)N1CCCC1C(=O)NCC(=O)NCC(=O)NCC(=O)NCC(=O)N1CCCC1,True
CHEMBL61663,CCCCCCCC(=O)OC[C@H](NC(=O)CN)C(=O)N[C@@H](CO)C(=O)N[C@@H](Cc1ccccc1)C(=O)O,6.051098239029786,522.5990000000003,-0.3771999999999934,197.14999999999998,6,8,18,1,0.10992228806115881,c1ccccc1,True
CHEMBL500468,CCCCCCCC(=O)OC[C@H](NC(=O)CNC(=O)[C@@H](N)CCCNC(=N)N)C(=O)N[C@@H](CO)C(=O)N[C@@H](Cc1ccccc1)C(=O)N[C@@H](CC(C)C)C(=O)N[C@@H](CO)C(=O)N1CCC[C@H]1C(=O)N[C@@H](CCC(=O)O)C(=O)N[C@@H](Cc1cnc[nH]1)C(=O)N[C@@H](CCC(N)=O)C(=O)N[C@@H](CCCCN)C(=O)N[C@@H](C)C(=O)N[C@@H](CCC(N)=O)C(=O)N[C@@H](CCC(N)=O)C(=O)N[C@@H](CCCNC(=N)N)C(=O)N[C@@H](CCCCN)C(=O)N[C@@H](CCC(=O)O)C(=O)N[C@@H](CO)C(=O)N[C@@H](CCCCN)C(=O)N[C@@H](CCCCN)C(=O)N1CCC[C@H]1C(=O)N1CCC[C@H]1C(=O)N[C@@H](C)C(=O)N[C@@H](CCCCN)C(=O)N[C@@H](CC(C)C)C(=O)N[C@@H](CCC(N)=O)C(=O)N1CCC[C@H]1C(=O)O,8.897438435398172,3314.8499999999954,-14.671660000000115,1430.3899999999992,46,48,116,2,0.012653926222009136,O=C(CCc1ccccc1)NCC(=O)NCC(=O)N1CCCC1C(=O)NCC(=O)NC(Cc1cnc[nH]1)C(=O)NCC(=O)NCC(=O)NCC(=O)NCC(=O)NCC(=O)NCC(=O)NCC(=O)NCC(=O)NCC(=O)NCC(=O)NCC(=O)N1CCCC1C(=O)N1CCCC1C(=O)NCC(=O)NCC(=O)NCC(=O)NCC(=O)N1CCCC1,True
CHEMBL58758,CCCCCCCC(=O)OC[C@H](NC(=O)[C@H](CO)NC(=O)CN)C(=O)N1CCC2(CC1)CN(S(C)(=O)=O)c1ccccc12.O=C(O)C(F)(F)F,5.573488738635424,737.7950000000005,0.7840000000000076,225.73999999999998,5,10,15,1,0.12494045238454352,c1ccc2c(c1)NCC21CCNCC1,True
CHEMBL412799,CCCCCCCC(=O)OC[C@H](NC(=O)[C@H](CO)NC(=O)CN)C(=O)N[C@@H](Cc1ccccc1)C(=O)N[C@@H](CC(C)C)C(=O)N[C@@H](CO)C(=O)N1CCC[C@@H]1C(=O)N[C@@H](CCC(=O)O)C(=O)N[C@@H](Cc1c[nH]cn1)C(=O)N[C@@H](CCC(N)=O)C(=O)N[C@@H](CCCN=C(N)N)C(=O)N[C@H](C(=O)N[C@@H](CCC(N)=O)C(=O)N[C@@H](CCC(N)=O)C(=O)N[C@@H](CCCN=C(N)N)C(=O)N[C@@H](CCCCN)C(=O)N[C@@H](CCC(=O)O)C(=O)N[C@@H](CO)C(N)=O)C(C)C,9.113509274827518,2225.4990000000007,-12.268299999999911,1029.38,32,33,79,2,0.012653941454618359,O=C(CCc1ccccc1)NCC(=O)NCC(=O)N1CCCC1C(=O)NCC(=O)NCCc1c[nH]cn1,True
CHEMBL410108,CCCCCCCC(=O)OC[C@H](NC(=O)[C@H](CO)NC(=O)CN)C(=O)N[C@@H](Cc1ccccc1)C(=O)N[C@@H](CC(C)C)C(=O)N[C@@H](CO)C(=O)N1CCC[C@@H]1C(=O)N[C@@H](CCC(=O)O)C(=O)N[C@@H](Cc1c[nH]cn1)C(=O)N[C@@H](CCC(N)=O)C(=O)N[C@@H](CCCN=C(N)N)C(=O)N[C@H](C(=O)N[C@@H](CCC(N)=O)C(=O)N[C@@H](CCC(N)=O)C(=O)O)C(C)C,8.017728766960431,1725.926000000001,-7.6478999999999475,759.24,23,25,59,2,0.012658421359598014,O=C(CCc1ccccc1)NCC(=O)NCC(=O)N1CCCC1C(=O)NCC(=O)NCCc1c[nH]cn1,True
CHEMBL263544,CCCCCCCC(=O)OC[C@H](NC(=O)[C@H](CO)NC(=O)CN)C(=O)N[C@@H](Cc1ccccc1)C(=O)N[C@@H](CC(C)C)C(=O)N[C@@H](CO)C(=O)N1CCC[C@@H]1C(=O)N[C@@H](CCC(=O)O)C(=O)N[C@@H](Cc1c[nH]cn1)C(=O)N[C@@H](CCC(N)=O)C(N)=O,8.148741651280925,1213.3580000000002,-4.427000000000027,498.04999999999984,15,18,40,2,0.02211582696806701,O=C(CCc1ccccc1)NCC(=O)NCC(=O)N1CCCC1C(=O)NCC(=O)NCCc1c[nH]cn1,True
CHEMBL437713,CCCCCCCC(=O)OC[C@H](NC(=O)[C@H](CO)NC(=O)CN)C(=O)N[C@@H](Cc1ccccc1)C(=O)N[C@@H](CC(C)C)C(=O)N[C@@H](CO)C(=O)N1CCC[C@H]1C(=O)N[C@@H](CCC(=O)O)C(=O)N[C@@H](Cc1c[nH]cn1)C(=O)N[C@@H](CCC(N)=O)C(=O)N[C@@H](CCCN=C(N)N)C(=O)N[C@H](C(=O)N[C@@H](CCC(N)=O)C(=O)N[C@@H](CCC(N)=O)C(=O)N[C@@H](CCCN=C(N)N)C(=O)N[C@@H](CCCCN)C(=O)N[C@@H](CCC(=O)O)C(=O)N[C@@H](CO)C(=O)N[C@@H](CCCCN)C(=O)N[C@@H](CCCCN)C(=O)N1CCC[C@H]1C(=O)N1CCC[C@H]1C(=O)N1CCC[C@H]1C(=O)N[C@@H](C)C(=O)N[C@@H](CCCCN)C(=O)N[C@@H](CC(C)C)C(=O)N[C@@H](CCC(N)=O)C(=O)N1CCC[C@H]1C(=O)N[C@@H](CCCN=C(N)N)C(=O)O)C(C)C,9.148741651280925,3468.0349999999958,-15.53930000000014,1494.079999999999,45,49,118,2,0.012653925659415666,O=C(CCc1ccccc1)NCC(=O)NCC(=O)N1CCCC1C(=O)NCC(=O)NC(Cc1c[nH]cn1)C(=O)NCC(=O)NCC(=O)NCC(=O)NCC(=O)NCC(=O)NCC(=O)NCC(=O)NCC(=O)NCC(=O)NCC(=O)NCC(=O)N1CCCC1C(=O)N1CCCC1C(=O)N1CCCC1C(=O)NCC(=O)NCC(=O)NCC(=O)NCC(=O)N1CCCC1,True
CHEMBL2310888,CCCCCCCC(=O)OC[C@H](NC(=O)[C@H](CO)NC(=O)CN)C(=O)N[C@@H](Cc1ccccc1)C(=O)N[C@@H](CC(C)C)C(=O)N[C@@H](CO)C(=O)N1CCC[C@H]1C(=O)N[C@@H](CCC(=O)O)C(=O)N[C@@H](Cc1c[nH]cn1)C(=O)N[C@@H](CCC(N)=O)C(=O)N[C@@H](CCCN=C(N)N)C(=O)N[C@H](C(=O)N[C@@H](CCC(N)=O)C(=O)N[C@@H](CCC(N)=O)C(=O)N[C@@H](CCCN=C(N)N)C(=O)N[C@@H](CCCCN)C(=O)N[C@@H](CCC(=O)O)C(=O)N[C@@H](CO)C(=O)N[C@@H](CCCCN)C(=O)N[C@@H](CCCCN)C(=O)N1CCC[C@H]1C(=O)N1CCC[C@H]1C(=O)N[C@@H](C)C(N)=O)C(C)C,9.795880017344075,2747.161999999999,-13.554000000000016,1209.3399999999997,37,40,95,2,0.01265392871740919,O=C(CCc1ccccc1)NCC(=O)NCC(=O)N1CCCC1C(=O)NCC(=O)NC(Cc1c[nH]cn1)C(=O)NCC(=O)NCC(=O)NCC(=O)NCC(=O)NCC(=O)NCC(=O)NCC(=O)NCC(=O)NCC(=O)NCC(=O)NCC(=O)N1CCCC1C(=O)N1CCCC1,True
CHEMBL425281,CCCCCCCC(=O)OC[C@H](NC(=O)[C@H](CO)NC(=O)CN)C(=O)N[C@@H](Cc1ccccc1)C(=O)N[C@@H](CC(C)C)C(=O)N[C@@H](CO)C(=O)N1CCC[C@H]1C(=O)N[C@@H](CCC(=O)O)C(=O)N[C@@H](Cc1cnc[nH]1)C(=O)N[C@@H](CCC(N)=O)C(=O)N[C@@H](CCCNC(=N)N)C(=O)N[C@H](C(=O)N[C@@H](CCC(N)=O)C(=O)N[C@@H](CCC(N)=O)C(=O)N[C@@H](CCCNC(=N)N)C(=O)N[C@@H](CCCCN)C(=O)N[C@@H](CCC(=O)O)C(=O)N[C@@H](CO)C(=O)N[C@@H](CCCCN)C(=O)N[C@@H](CCCCN)C(=O)N1CCC[C@H]1C(=O)N1CCC[C@H]1C(=O)N[C@@H](C)C(=O)N[C@@H](CCCCN)C(=O)N[C@@H](CC(C)C)C(=O)N[C@@H](CCC(N)=O)C(=O)N1CCC[C@H]1C(=O)N[C@@H](CCCNC(=N)N)C(=O)O)C(C)C,9.247425010840047,3370.9179999999956,-14.901290000000117,1466.269999999999,48,48,117,2,0.01265392601175605,O=C(CCc1ccccc1)NCC(=O)NCC(=O)N1CCCC1C(=O)NCC(=O)NC(Cc1cnc[nH]1)C(=O)NCC(=O)NCC(=O)NCC(=O)NCC(=O)NCC(=O)NCC(=O)NCC(=O)NCC(=O)NCC(=O)NCC(=O)NCC(=O)N1CCCC1C(=O)N1CCCC1C(=O)NCC(=O)NCC(=O)NCC(=O)NCC(=O)N1CCCC1,True
CHEMBL422461,CCCCCCCC(=O)OC[C@H](NC(=O)[C@H](CO)NC(=O)CN)C(=O)N[C@@H](Cc1ccccc1)C(=O)N[C@@H](CC(C)C)C(N)=O,7.259637310505756,634.7750000000001,-0.4455999999999904,232.04,7,9,22,1,0.06458530433640032,c1ccccc1,True
CHEMBL335799,CCCCCCCC(=O)OC[C@H](NC(=O)[C@H](CO)NC(=O)CN)C(=O)N[C@@H](Cc1ccccc1)C(N)=O,6.051098239029786,521.6150000000002,-0.9764999999999928,202.94,6,8,18,1,0.104416757283178,c1ccccc1,True
CHEMBL5416334,CCCCCCCC(=O)OC[C@H](NC(=O)[C@H](CO)NCC(N)=O)C(=O)N[C@@H](Cc1ccccc1)C(=O)N[C@@H](CC(C)C)C(=O)N[C@@H](CO)C(=O)N1CCC[C@H]1C(=O)N[C@@H](CCC(=O)O)C(=O)N[C@@H](Cc1c[nH]cn1)C(=O)N[C@@H](CCC(N)=O)C(=O)N[C@@H](CCCNC(=N)N)C(=O)N[C@@]1(C)CCC/C=C\CCC[C@@](C)(C(=O)N[C@@H](CCC(=O)O)C(=O)N[C@@H](CO)C(=O)N[C@@H](CCCCN)C(=O)N[C@@H](CCCCN)C(=O)O)NC(=O)[C@H](CCCNC(=N)N)NC(=O)[C@H](CCC(N)=O)NC(=O)[C@H](CCC(N)=O)NC1=O,8.84163750790475,2505.8669999999993,-10.116459999999917,1102.81,37,36,79,2,0.009612569255989955,O=C(CCc1ccccc1)NCC(=O)NCC(=O)N1CCCC1C(=O)NCC(=O)NC(Cc1c[nH]cn1)C(=O)NCC(=O)NCC(=O)NC1CCCC=CCCCCNC(=O)CNC(=O)CNC(=O)CNC1=O,True
CHEMBL5410324,CCCCCCCC(=O)OC[C@H](NC(=O)[C@H](CO)NCC(N)=O)C(=O)N[C@@H](Cc1ccccc1)C(=O)N[C@@H](CC(C)C)C(=O)N[C@@H](CO)C(=O)N1CCC[C@H]1C(=O)N[C@@H](CCC(=O)O)C(=O)N[C@@H](Cc1c[nH]cn1)C(=O)N[C@@H](CCC(N)=O)C(=O)N[C@@H](CCCNC(=N)N)C(=O)N[C@H](C(=O)N[C@@H](CCC(N)=O)C(=O)N[C@@H](CCC(N)=O)C(=O)N[C@@H](CCCNC(=N)N)C(=O)N[C@@H](CCCCN)C(=O)N[C@@H](CCC(=O)O)C(=O)N[C@@H](CO)C(=O)N[C@@H](CCCCN)C(=O)N[C@@H](CCCCN)C(=O)N1CCC[C@H]1C(=O)N1CCC[C@H]1C(=O)N[C@@H](C)C(=O)N[C@@H](CCCCN)C(=O)N[C@@H](CC(C)C)C(=O)N[C@@H](CCC(N)=O)C(=O)N1CCC[C@H]1C(=O)N[C@@H](CCCNC(=N)N)C(=O)O)C(C)C,8.861482055913946,3370.9179999999956,-14.901290000000117,1466.269999999999,48,48,118,2,0.01265392601175605,O=C(CCc1ccccc1)NCC(=O)NCC(=O)N1CCCC1C(=O)NCC(=O)NC(Cc1c[nH]cn1)C(=O)NCC(=O)NCC(=O)NCC(=O)NCC(=O)NCC(=O)NCC(=O)NCC(=O)NCC(=O)NCC(=O)NCC(=O)NCC(=O)N1CCCC1C(=O)N1CCCC1C(=O)NCC(=O)NCC(=O)NCC(=O)NCC(=O)N1CCCC1,True
CHEMBL5403042,CCCCCCCC(=O)OC[C@H](NC(=O)[C@H](CO)NCC(N)=O)C(=O)N[C@@H](Cc1ccccc1)C(=O)N[C@@H](CC(C)C)C(=O)N[C@@H](CO)C(=O)N1CCC[C@H]1C(=O)N[C@@H](CCC(=O)O)C(=O)N[C@@H](Cc1c[nH]cn1)C(=O)N[C@@H](CCC(N)=O)C(=O)N[C@@H](CCCNC(=N)N)C(=O)N[C@H](C(=O)N[C@@H](CCC(N)=O)C(=O)N[C@@H](CCC(N)=O)C(=O)N[C@@H](CCCNC(=N)N)C(=O)N[C@@H](CCCCN)C(=O)N[C@@H](CCC(=O)O)C(=O)N[C@@H](CO)C(=O)N[C@@H](CCCCN)C(=O)N[C@@H](CCCCN)C(=O)N1CCC[C@H]1C(=O)N1CCC[C@H]1C(=O)N[C@@H](C)C(N)=O)C(C)C,9.795880017344075,2747.161999999999,-13.134660000000007,1204.3399999999997,39,40,96,2,0.01265393094998045,O=C(CCc1ccccc1)NCC(=O)NCC(=O)N1CCCC1C(=O)NCC(=O)NC(Cc1c[nH]cn1)C(=O)NCC(=O)NCC(=O)NCC(=O)NCC(=O)NCC(=O)NCC(=O)NCC(=O)NCC(=O)NCC(=O)NCC(=O)NCC(=O)N1CCCC1C(=O)N1CCCC1,True
CHEMBL5426545,CCCCCCCC(=O)OC[C@H](NC(=O)[C@H](CO)NCC(N)=O)C(=O)N[C@@H](Cc1ccccc1)C(=O)N[C@@H](CC(C)C)C(=O)N[C@@H](CO)C(=O)N1CCC[C@H]1C(=O)N[C@@H](CCC(=O)O)C(=O)N[C@@H](Cc1c[nH]cn1)C(=O)N[C@@H](CCC(N)=O)C(=O)N[C@@H](CCCNC(=N)N)C(=O)N[C@H](C(=O)N[C@@H](CCC(N)=O)C(=O)N[C@@H](CCC(N)=O)C(=O)N[C@@H](CCCNC(=N)N)C(=O)N[C@@H](CCCCN)C(=O)N[C@@H](CCC(=O)O)C(=O)N[C@@H](CO)C(=O)N[C@@H](CCCCN)C(=O)N[C@@H](CCCCN)C(=O)O)C(C)C,8.642065152999546,2482.8329999999996,-12.022059999999954,1128.83,38,37,92,2,0.012653946976540362,O=C(CCc1ccccc1)NCC(=O)NCC(=O)N1CCCC1C(=O)NCC(=O)NCCc1c[nH]cn1,True
CHEMBL5411633,CCCCCCCC(=O)OC[C@H](NC(=O)[C@H](CO)NCC(N)=O)C(=O)N[C@@H](Cc1ccccc1)C(=O)N[C@@H](CC(C)C)C(=O)N[C@@H](CO)C(=O)N1CCC[C@H]1C(=O)N[C@@H](CCC(=O)O)C(=O)N[C@@H](Cc1c[nH]cn1)C(=O)N[C@@H](CCC(N)=O)C(=O)N[C@@H](CCCNC(=N)N)C(=O)N[C@H](C(=O)N[C@@H](CCC(N)=O)C(=O)N[C@@H](CCC(N)=O)C(=O)N[C@@H](CCCNC(=N)N)C(=O)N[C@@H](CCCCN)C(=O)N[C@@H](CCC(=O)O)C(=O)N[C@@H](CO)C(=O)N[C@@H](CCCCN)C(=O)N[C@@H](CCCCN)C(N)=O)C(C)C,8.102372908709558,2481.849,-12.621359999999965,1134.62,38,37,92,2,0.012653935793363547,O=C(CCc1ccccc1)NCC(=O)NCC(=O)N1CCCC1C(=O)NCC(=O)NCCc1c[nH]cn1,True
CHEMBL5411243,CCCCCCCC(=O)OC[C@H](NC(=O)[C@H](CO)NCC(N)=O)C(=O)N[C@@H](Cc1ccccc1)C(=O)N[C@@H](CC(C)C)C(=O)N[C@@H](CO)C(=O)N1CCC[C@H]1C(=O)N[C@@H](CCC(=O)O)C(=O)N[C@@H](Cc1c[nH]cn1)C(=O)N[C@@H](CCC(N)=O)C(=O)N[C@@H](CCCNC(=N)N)C(=O)N[C@H]1CCCCNC(=O)C[C@@H](C(=O)N[C@@H](CCC(=O)O)C(=O)N[C@@H](CO)C(=O)N[C@@H](CCCCN)C(=O)N[C@@H](CCCCN)C(=O)O)NC(=O)[C@H](CCCNC(=N)N)NC(=O)[C@H](CCC(N)=O)NC(=O)[C@H](CCC(N)=O)NC1=O,8.924453038607469,2480.7730000000006,-13.11685999999996,1131.9099999999999,38,37,79,2,0.012653931141870727,O=C1CCNC(=O)CNC(=O)CNC(=O)CNC(=O)C(NC(=O)CNC(=O)CNC(=O)C(Cc2c[nH]cn2)NC(=O)CNC(=O)C2CCCN2C(=O)CNC(=O)CNC(=O)CCc2ccccc2)CCCCN1,True
CHEMBL5402226,CCCCCCCC(=O)OC[C@H](NC(=O)[C@H](CO)NCC(N)=O)C(=O)N[C@@H](Cc1ccccc1)C(=O)N[C@@H](CC(C)C)C(=O)N[C@@H](CO)C(=O)N1CCC[C@H]1C(=O)N[C@@H](CCC(=O)O)C(=O)N[C@@H](Cc1c[nH]cn1)C(=O)N[C@@H](CCC(N)=O)C(=O)N[C@@H](CCCNC(=N)N)C(=O)N[C@H]1CCCCn2cc(nn2)C[C@@H](C(=O)N[C@@H](CCC(=O)O)C(=O)N[C@@H](CO)C(=O)N[C@@H](CCCCN)C(=O)N[C@@H](CCCCN)C(=O)O)NC(=O)[C@H](CCCNC(=N)N)NC(=O)[C@H](CCC(N)=O)NC(=O)[C@H](CCC(N)=O)NC1=O,9.036212172654444,2504.799,-12.788959999999946,1133.5199999999998,37,38,79,3,0.010797768127853583,O=C(CCc1ccccc1)NCC(=O)NCC(=O)N1CCCC1C(=O)NCC(=O)NC(Cc1c[nH]cn1)C(=O)NCC(=O)NCC(=O)NC1CCCCn2cc(nn2)CCNC(=O)CNC(=O)CNC(=O)CNC1=O,True
CHEMBL5414374,CCCCCCCC(=O)OC[C@H](NC(=O)[C@H](CO)NCC(N)=O)C(=O)N[C@@H](Cc1ccccc1)C(=O)N[C@@H](CC(C)C)C(=O)N[C@@H](CO)C(=O)N1CCC[C@H]1C(=O)N[C@@H](CCC(=O)O)C(=O)N[C@@H](Cc1c[nH]cn1)C(=O)N[C@@H](CCC(N)=O)C(=O)N[C@@H](CCCNC(=N)N)C(=O)N[C@H]1COCC#CC#CCOC[C@@H](C(=O)N[C@@H](CCC(=O)O)C(=O)N[C@@H](CO)C(=O)N[C@@H](CCCCN)C(=O)N[C@@H](CCCCN)C(=O)O)NC(=O)[C@H](CCCNC(=N)N)NC(=O)[C@H](CCC(N)=O)NC(=O)[C@H](CCC(N)=O)NC1=O,8.39469495385889,2503.763,-13.753459999999965,1121.27,37,38,79,2,0.009612404810325182,O=C(CCc1ccccc1)NCC(=O)NCC(=O)N1CCCC1C(=O)NCC(=O)NC(Cc1c[nH]cn1)C(=O)NCC(=O)NCC(=O)NC1COCC#CC#CCOCCNC(=O)CNC(=O)CNC(=O)CNC1=O,True
CHEMBL5438862,CCCCCCCC(=O)OC[C@H](NC(=O)[C@H](CO)NCC(N)=O)C(=O)N[C@@H](Cc1ccccc1)C(=O)N[C@@H](CC(C)C)C(=O)N[C@@H](CO)C(=O)N1CCC[C@H]1C(=O)N[C@@H](CCC(=O)O)C(=O)N[C@@H](Cc1c[nH]cn1)C(=O)N[C@@H](CCC(N)=O)C(=O)N[C@@H](CCCNC(=N)N)C(=O)N[C@H]1CSCc2ccc(cc2)CSC[C@@H](C(=O)N[C@@H](CCC(=O)O)C(=O)N[C@@H](CO)C(=O)N[C@@H](CCCCN)C(=O)N[C@@H](CCCCN)C(=O)O)NC(=O)[C@H](CCCNC(=N)N)NC(=O)[C@H](CCC(N)=O)NC(=O)[C@H](CCC(N)=O)NC1=O,8.30715308072277,2563.952999999999,-10.626859999999922,1102.81,37,38,79,3,0.00820246602171426,O=C(CCc1ccccc1)NCC(=O)NCC(=O)N1CCCC1C(=O)NCC(=O)NC(Cc1c[nH]cn1)C(=O)NCC(=O)NCC(=O)NC1CSCc2ccc(cc2)CSCCNC(=O)CNC(=O)CNC(=O)CNC1=O,True
CHEMBL2310891,CCCCCCCCCCC(=O)OC[C@H](NC(=O)[C@H](CO)NC(=O)CN)C(=O)N[C@@H](Cc1ccccc1)C(=O)N[C@@H](CC(C)C)C(=O)N[C@@H](CO)C(=O)N1CCC[C@H]1C(=O)N[C@@H](CCC(=O)O)C(=O)N[C@@H](Cc1c[nH]cn1)C(=O)N[C@@H](CCC(N)=O)C(=O)N[C@@H](CCCN=C(N)N)C(=O)N[C@H](C(=O)N[C@@H](CCC(N)=O)C(=O)N[C@@H](CCC(N)=O)C(=O)N[C@@H](CCCN=C(N)N)C(=O)N[C@@H](CCCCN)C(=O)N[C@@H](CCC(=O)O)C(=O)N[C@@H](CO)C(=O)N[C@@H](CCCCN)C(=O)N[C@@H](CCCCN)C(=O)N1CCC[C@H]1C(=O)N1CCC[C@H]1C(=O)N[C@@H](C)C(=O)N[C@@H](CCCCN)C(=O)N[C@@H](CC(C)C)C(=O)N[C@@H](CCC(N)=O)C(=O)N1CCC[C@H]1C(=O)N[C@@H](CCCN=C(N)N)C(=O)O)C(C)C,9.920818753952375,3412.9989999999957,-14.360000000000122,1473.769999999999,45,48,120,2,0.012653926619606327,O=C(CCc1ccccc1)NCC(=O)NCC(=O)N1CCCC1C(=O)NCC(=O)NC(Cc1c[nH]cn1)C(=O)NCC(=O)NCC(=O)NCC(=O)NCC(=O)NCC(=O)NCC(=O)NCC(=O)NCC(=O)NCC(=O)NCC(=O)NCC(=O)N1CCCC1C(=O)N1CCCC1C(=O)NCC(=O)NCC(=O)NCC(=O)NCC(=O)N1CCCC1,True
CHEMBL526723,CCCCCCCCCCCCCCCC(=O)OC[C@H](NC(=O)[C@H](CO)NC(=O)CN)C(=O)N[C@@H](Cc1ccccc1)C(=O)N[C@@H](CC(C)C)C(=O)N[C@@H](CO)C(=O)N1CCC[C@H]1C(=O)N[C@@H](CCC(=O)O)C(=O)N[C@@H](Cc1cnc[nH]1)C(=O)N[C@@H](CCC(N)=O)C(=O)N[C@@H](CCCNC(=N)N)C(=O)N[C@H](C(=O)N[C@@H](CCC(N)=O)C(=O)N[C@@H](CCC(N)=O)C(=O)N[C@@H](CCCNC(=N)N)C(=O)N[C@@H](CCCCN)C(=O)N[C@@H](CCC(=O)O)C(=O)N[C@@H](CO)C(=O)N[C@@H](CCCCN)C(=O)N[C@@H](CCCCN)C(=O)N1CCC[C@H]1C(=O)N1CCC[C@H]1C(=O)N[C@@H](C)C(=O)N[C@@H](CCCCN)C(=O)N[C@@H](CC(C)C)C(=O)N[C@@H](CCC(N)=O)C(=O)N1CCC[C@H]1C(=O)N[C@@H](CCCNC(=N)N)C(=O)O)C(C)C,7.560480747381382,3483.133999999995,-11.780490000000134,1466.269999999999,48,48,125,2,0.01265395435314889,O=C(CCc1ccccc1)NCC(=O)NCC(=O)N1CCCC1C(=O)NCC(=O)NC(Cc1cnc[nH]1)C(=O)NCC(=O)NCC(=O)NCC(=O)NCC(=O)NCC(=O)NCC(=O)NCC(=O)NCC(=O)NCC(=O)NCC(=O)NCC(=O)N1CCCC1C(=O)N1CCCC1C(=O)NCC(=O)NCC(=O)NCC(=O)NCC(=O)N1CCCC1,True
CHEMBL205995,CCCCCCCCc1nc(N)nc(N)c1-c1ccc(NCc2ccc(S(C)(=O)=O)cc2)cc1,7.7640609003463545,481.66600000000017,5.226600000000003,123.98999999999998,3,7,12,3,0.3026640802823637,c1ccc(CNc2ccc(-c3cncnc3)cc2)cc1,False
CHEMBL1078497,CCCCCCCNC(=O)Nc1ccc(S(=O)(=O)Nc2ccc(CC(C)(C)N)cc2)cc1,7.013228265733755,460.64400000000023,4.859100000000003,113.32000000000001,4,4,12,2,0.3387623184780302,O=S(=O)(Nc1ccccc1)c1ccccc1,False
CHEMBL424860,CCCCCCCc1nc(N)nc(N)c1-c1ccc(NCc2ccc(S(C)(=O)=O)cc2)cc1,7.821032576499773,467.6390000000002,4.836500000000003,123.98999999999998,3,7,11,3,0.34476539124281225,c1ccc(CNc2ccc(-c3cncnc3)cc2)cc1,False
CHEMBL1082044,CCCCCCNC(=O)Nc1ccc(S(=O)(=O)Nc2ccc(CC(C)(C)CN)cc2)cc1,6.35261702988538,460.6440000000003,4.716600000000003,113.32000000000001,4,4,12,2,0.3433160618926326,O=S(=O)(Nc1ccccc1)c1ccccc1,False
CHEMBL1079045,CCCCCCNC(=O)Nc1ccc(S(=O)(=O)Nc2ccc(CC(C)(C)N)cc2)cc1,7.337242168318426,446.61700000000025,4.469000000000003,113.32000000000001,4,4,11,2,0.38140036189254395,O=S(=O)(Nc1ccccc1)c1ccccc1,False
CHEMBL1079322,CCCCCCNC(=O)Nc1ccc(S(=O)(=O)Nc2ccc(CC(C)(C)NCC(F)(F)F)cc2)cc1,6.166215625343521,528.6410000000003,5.662200000000005,99.33000000000001,4,4,13,2,0.2521290540614176,O=S(=O)(Nc1ccccc1)c1ccccc1,True
CHEMBL1079046,CCCCCCNC(=O)Nc1ccc(S(=O)(=O)Nc2ccc(CC(C)(C)NCC)cc2)cc1,7.522878745280337,474.6710000000003,5.119800000000004,99.33000000000001,4,4,13,2,0.30283475166015095,O=S(=O)(Nc1ccccc1)c1ccccc1,False
CHEMBL1077617,CCCCCCNC(=O)Nc1ccc(S(=O)(=O)Nc2ccc(CC(C)(C)NC[C@H](O)COc3ccc(O)cc3)cc2)cc1,7.6419983281826,612.7930000000005,5.245400000000005,149.02,6,7,17,3,0.11414705097304818,O=S(=O)(Nc1ccc(CCNCCCOc2ccccc2)cc1)c1ccccc1,True
CHEMBL1079873,CCCCCCNC(=O)Nc1ccc(S(=O)(=O)Nc2ccc(CCC(C)(C)N)cc2)cc1,6.508638306165727,460.6440000000003,4.859100000000003,113.32000000000001,4,4,12,2,0.3387623184780302,O=S(=O)(Nc1ccccc1)c1ccccc1,False
CHEMBL1079872,CCCCCCNC(=O)Nc1ccc(S(=O)(=O)Nc2ccc(CCCN)cc2)cc1,6.96657624451305,432.59000000000026,4.0805000000000025,113.32000000000001,4,4,12,2,0.378453882637738,O=S(=O)(Nc1ccccc1)c1ccccc1,False
CHEMBL1077839,CCCCCCNC(=O)Nc1ccc(S(=O)(=O)Nc2ccc(CCN)cc2)cc1,6.565431095965801,418.5630000000002,3.690400000000002,113.32000000000001,4,4,11,2,0.41678234484622056,O=S(=O)(Nc1ccccc1)c1ccccc1,False
CHEMBL1078533,CCCCCCNC(=O)Nc1ccc(S(=O)(=O)Nc2ccc(CN)cc2)cc1,5.7657358756212105,404.5360000000002,3.6479000000000017,113.32000000000001,4,4,10,2,0.45267419631473577,O=S(=O)(Nc1ccccc1)c1ccccc1,False
CHEMBL1079302,CCCCCCNC(=O)Nc1ccc(S(=O)(=O)Nc2cccc(CCCN)c2)cc1,6.367542707815275,432.59000000000026,4.0805000000000025,113.32000000000001,4,4,12,2,0.378453882637738,O=S(=O)(Nc1ccccc1)c1ccccc1,False
CHEMBL1079340,CCCCCCNC(=O)Nc1ccc(S(=O)(=O)Nc2cccc(CCN)c2)cc1,6.204119982655925,418.5630000000002,3.690400000000002,113.32000000000001,4,4,11,2,0.41678234484622056,O=S(=O)(Nc1ccccc1)c1ccccc1,False
CHEMBL1077716,CCCCCCNC(=O)Nc1ccc(S(=O)(=O)Nc2ccccc2)cc1,5.366531544420413,375.4940000000001,4.189200000000002,87.30000000000001,3,3,9,2,0.5743865203092271,O=S(=O)(Nc1ccccc1)c1ccccc1,False
CHEMBL203578,CCCCCCc1nc(N)nc(N)c1-c1ccc(NCc2ccc(S(C)(=O)=O)cc2)cc1,7.714728530059051,453.61200000000014,4.446400000000002,123.98999999999998,3,7,10,3,0.3874608767561727,c1ccc(CNc2ccc(-c3cncnc3)cc2)cc1,False
CHEMBL222498,CCCCCCn1c(CCCc2c[nH]c3ccccc23)nnc1[C@@H](Cc1c[nH]c2ccccc12)NC(=O)C(C)(C)N,6.619788758288394,553.7550000000001,6.133600000000005,117.40999999999998,4,4,14,5,0.12368928838249761,c1ccc2c(CCCc3nnc(CCc4c[nH]c5ccccc45)[nH]3)c[nH]c2c1,True
CHEMBL222912,CCCCCCn1c(CCc2c[nH]c3ccccc23)nnc1[C@@H](Cc1c[nH]c2ccccc12)NC(=O)C(C)(C)N,6.709965388637482,539.7280000000002,5.743500000000003,117.40999999999998,4,4,13,5,0.14266412227284103,c1ccc2c(CCc3nnc(CCc4c[nH]c5ccccc45)[nH]3)c[nH]c2c1,True
CHEMBL223323,CCCCCCn1c(Cc2ccccc2)nnc1[C@@H](Cc1c[nH]c2ccccc12)NC(=O)C(C)(C)N,6.327902142064282,486.66400000000027,5.067800000000003,101.61999999999999,3,4,12,4,0.24341337628750392,c1ccc(Cc2nnc(CCc3c[nH]c4ccccc34)[nH]2)cc1,False
CHEMBL1078403,CCCCCNC(=O)Nc1ccc(S(=O)(=O)Nc2ccc(CC(C)(C)N)cc2)cc1,6.617982957425132,432.5900000000002,4.078900000000003,113.32000000000001,4,4,10,2,0.4236688576620965,O=S(=O)(Nc1ccccc1)c1ccccc1,False
CHEMBL206687,CCCCCc1nc(N)nc(N)c1-c1ccc(NCc2ccc(S(C)(=O)=O)cc2)cc1,7.198481971874739,439.5850000000002,4.056300000000003,123.98999999999998,3,7,9,3,0.42951415534992,c1ccc(CNc2ccc(-c3cncnc3)cc2)cc1,False
CHEMBL236311,CCCCNC(=O)CCCn1nnnc1[C@@H](COCc1ccccc1)NC(=O)C(C)(C)N,5.7495799976911055,445.56800000000015,1.4810000000000012,137.05,3,7,14,2,0.37457930031668185,c1ccc(COCCc2nnn[nH]2)cc1,False
CHEMBL238228,CCCCNC(=O)CCn1nnnc1[C@@H](CCc1ccccc1)NC(=O)C(C)(C)N,5.863279432843593,415.5420000000001,1.5069000000000004,127.82000000000001,3,6,12,2,0.4508887854481538,c1ccc(CCCc2nnn[nH]2)cc1,False
CHEMBL429799,CCCCNC(=O)CCn1nnnc1[C@@H](COCc1ccccc1)NC(=O)C(C)(C)N,5.6595558851598815,431.5410000000001,1.0909000000000013,137.05,3,7,13,2,0.40374926127720406,c1ccc(COCCc2nnn[nH]2)cc1,False
CHEMBL1078402,CCCCNC(=O)Nc1ccc(S(=O)(=O)Nc2ccc(CC(C)(C)N)cc2)cc1,6.324221658325914,418.5630000000002,3.6888000000000023,113.32000000000001,4,4,9,2,0.4651254273045521,O=S(=O)(Nc1ccccc1)c1ccccc1,False
CHEMBL207268,CCCCNc1nc(N)nc(CC)c1-c1ccc(NCc2ccc(S(C)(=O)=O)cc2)cc1,6.346106551798641,453.61200000000014,4.515800000000003,110.0,3,7,10,3,0.3872543356402712,c1ccc(CNc2ccc(-c3cncnc3)cc2)cc1,False
CHEMBL3934093,CCCC[C@@H]1NC(=O)[C@H](CCCC)NC(=O)[C@@H](C(C)C)NCCOc2ccccc2/C=C\CNC1=O,7.0,500.68400000000025,3.172600000000002,108.56,4,5,7,1,0.45994031297803506,O=C1CNCCOc2ccccc2C=CCNC(=O)CNC(=O)CN1,False
CHEMBL3918783,CCCC[C@@H]1NCCOc2ccccc2CCCNC(=O)[C@@H](Cc2ccccc2)NC(=O)CN(C)C1=O,7.173925197299173,508.66300000000024,2.4621000000000013,99.77000000000001,3,5,5,2,0.5763388137365659,O=C1CNCCOc2ccccc2CCCNC(=O)C(Cc2ccccc2)NC(=O)CN1,False
CHEMBL3970856,CCCC[C@@H]1NCCOc2ccccc2CCCNC(=O)[C@H](Cc2ccccc2)NC(=O)C2(CCCC2)NC1=O,7.0,548.7280000000003,3.4327000000000005,108.56,4,5,5,2,0.45797954394603846,O=C1CNCCOc2ccccc2CCCNC(=O)C(Cc2ccccc2)NC(=O)C2(CCCC2)N1,False
CHEMBL4517399,CCCC[C@H](N)C(=O)N[C@H](C(=O)N1CCC[C@H]1C(=O)N[C@@H](Cc1ccccc1)C(=O)N[C@@H](Cc1c[nH]c2ccccc12)C(=O)N[C@@H](CCCNC(=N)N)C(=O)NCC(=O)N[C@H](C(=O)N[C@@H](CO)C(=O)N[C@@H](CC(C)C)C(=O)N[C@@H](CCCNC(=N)N)C(=O)N1CCC[C@H]1C(=O)N[C@H](C(=O)NCC(=O)N[C@H](C)C(=O)N[C@H](CO)C(=O)N[C@@H]1CSSC[C@@H]2NC(=O)[C@H](CC(C)C)NC(=O)[C@H](CCCNC(=N)N)NC(=O)[C@H]([C@@H](C)O)NC(=O)[C@H]([C@@H](C)O)NC(=O)[C@H](CSSC[C@@H](C(=O)N[C@@H](CO)C(=O)N[C@@H](CC(C)C)C(=O)N[C@@H](CO)C(=O)N[C@H](C(=O)N[C@@H](C)C(=O)N[C@@H](CCC(N)=O)C(=O)N[C@@H](CCC(=O)O)C(=O)O)C(C)C)NC(=O)[C@H](CCCNC(=N)N)NC(=O)[C@H](CCCNC(=N)N)NC(=O)[C@H](CCCCN)NC(=O)[C@H](CCCNC(=N)N)NC2=O)NC(=O)[C@H](CCC(=O)O)NC(=O)[C@H](CO)NC(=O)[C@@H](CC(=O)O)NC(=O)[C@@H](CC(=O)O)NC(=O)[C@@H](CCCNC(=N)N)NC1=O)[C@@H](C)CC)C(C)C)[C@@H](C)O,8.899629454882437,4551.2599999999875,-23.915910000000412,2009.8799999999978,75,66,115,3,0.008202389596788732,O=C1CNC(=O)CNC(=O)CNC(=O)CNC(=O)C2CSSCC(NC(=O)CNC(=O)CNC(=O)CNC(=O)CNC(=O)C3CCCN3C(=O)CNC(=O)CNC(=O)CNC(=O)CNC(=O)CNC(=O)CNC(=O)C(Cc3c[nH]c4ccccc34)NC(=O)C(Cc3ccccc3)NC(=O)C3CCCN3)C(=O)NCC(=O)NCC(=O)NCC(=O)NCC(=O)NCC(=O)NC(CSSCCN1)C(=O)NCC(=O)NCC(=O)NCC(=O)NCC(=O)N2,True
CHEMBL4556887,CCCC[C@H](N)C(=O)N[C@H](C(=O)N1CCC[C@H]1C(=O)N[C@@H](Cc1ccccc1)C(=O)N[C@@H](Cc1c[nH]c2ccccc12)C(=O)N[C@@H](CCCNC(=N)N)C(=O)NCC(=O)N[C@H](C(=O)N[C@@H](CO)C(=O)N[C@@H](CC(C)C)C(=O)N[C@@H](CCCNC(=N)N)C(=O)N1CCC[C@H]1C(=O)N[C@H](C(=O)NCC(=O)O)[C@@H](C)CC)C(C)C)[C@@H](C)O,8.436518914605589,1598.9179999999997,-3.21935999999999,604.0899999999999,22,19,47,3,0.015024953758195844,O=C(CNC(=O)CNC(=O)CNC(=O)C(Cc1c[nH]c2ccccc12)NC(=O)C(Cc1ccccc1)NC(=O)C1CCCN1)NCC(=O)NCC(=O)NCC(=O)N1CCCC1,True
CHEMBL4475293,CCCC[C@H](N)C(=O)N[C@H](C(=O)N1CCC[C@H]1C(=O)N[C@@H](Cc1ccccc1)C(=O)N[C@@H](Cc1c[nH]c2ccccc12)C(=O)N[C@@H](CCCNC(=N)N)C(=O)NCC(=O)N[C@H](C(=O)N[C@@H](CO)C(=O)N[C@@H](CC(C)C)C(=O)N[C@@H](CCCNC(=N)N)C(=O)N1CCC[C@H]1C(=O)N[C@H](C(=O)NCC(N)=O)[C@@H](C)CC)C(C)C)[C@@H](C)O,8.515700160653214,1597.9339999999997,-3.818659999999977,609.8799999999999,22,19,47,3,0.014637432817589797,O=C(CNC(=O)CNC(=O)CNC(=O)C(Cc1c[nH]c2ccccc12)NC(=O)C(Cc1ccccc1)NC(=O)C1CCCN1)NCC(=O)NCC(=O)NCC(=O)N1CCCC1,True
CHEMBL4463042,CCCC[C@H](N)C(=O)N[C@H](C(=O)N1CCC[C@H]1C(=O)N[C@@H](Cc1ccccc1)C(=O)N[C@@H](Cc1c[nH]c2ccccc12)C(=O)N[C@@H](CCCNC(=N)N)C(=O)NCC(=O)N[C@H](C(=O)N[C@@H](CO)C(=O)N[C@@H](CC(C)C)C(=O)N[C@@H](CCCNC(=N)N)C(=O)N1CCC[C@H]1C(N)=O)C(C)C)[C@@H](C)O,8.568636235841012,1427.7219999999998,-3.465760000000001,551.68,20,17,41,3,0.014910468204264187,O=C(CNC(=O)CNC(=O)CNC(=O)C(Cc1c[nH]c2ccccc12)NC(=O)C(Cc1ccccc1)NC(=O)C1CCCN1)NCC(=O)NCC(=O)NCC(=O)N1CCCC1,True
CHEMBL4456830,CCCC[C@H](N)C(=O)N[C@H](C(=O)N1CCC[C@H]1C(=O)N[C@@H](Cc1ccccc1)C(=O)N[C@@H](Cc1c[nH]c2ccccc12)C(=O)N[C@@H](CCCNC(=N)N)C(=O)NCC(=O)N[C@H](C(=O)N[C@@H](CO)C(=O)N[C@@H](CC(C)C)C(N)=O)C(C)C)[C@@H](C)O,8.468521082957745,1174.415999999999,-2.2048300000000123,440.3699999999999,16,14,34,3,0.01714016577879536,O=C(NC(Cc1ccccc1)C(=O)NCCc1c[nH]c2ccccc12)C1CCCN1,True
CHEMBL4541252,CCCC[C@H](N)C(=O)N[C@H](C(=O)N1CCC[C@H]1C(=O)N[C@@H](Cc1ccccc1)C(=O)N[C@@H](Cc1c[nH]c2ccccc12)C(=O)N[C@@H](CCCNC(=N)N)C(=O)NCC(=O)N[C@H](C(N)=O)C(C)C)[C@@H](C)O,8.190440285364732,974.1779999999995,-1.2128300000000036,361.93999999999994,13,11,27,3,0.02432292065872253,O=C(NC(Cc1ccccc1)C(=O)NCCc1c[nH]c2ccccc12)C1CCCN1,True
CHEMBL4581511,CCCC[C@H](N)C(=O)N[C@H](C(=O)N1CCC[C@H]1C(=O)N[C@@H](Cc1ccccc1)C(=O)N[C@@H](Cc1c[nH]c2ccccc12)C(=O)N[C@@H](CCCNC(=N)N)C(N)=O)[C@@H](C)O,7.259637310505756,817.9929999999997,-0.4698299999999935,303.74,11,9,22,3,0.03520109327751282,O=C(NC(Cc1ccccc1)C(=O)NCCc1c[nH]c2ccccc12)C1CCCN1,True
CHEMBL1923511,CCCC[C@H]1NC(=O)CN(C)C(=O)[C@H](CCC)NCCOc2ccccc2CCCNC1=O,6.698970004336019,460.6190000000003,2.0195000000000016,99.77000000000001,3,5,5,1,0.6243588411683345,O=C1CNCCOc2ccccc2CCCNC(=O)CNC(=O)CN1,False
CHEMBL1078982,CCCCc1ccc(NC(=O)Nc2ccc(S(=O)(=O)Nc3ccc(CC(C)(C)N)cc3)cc2)cc1,7.552841968657781,494.66100000000023,5.753800000000004,113.32000000000001,4,4,10,3,0.28713327749963424,O=C(Nc1ccccc1)Nc1ccc(S(=O)(=O)Nc2ccccc2)cc1,False
CHEMBL205605,CCCCc1nc(N)nc(N)c1-c1ccc(NCc2ccc(S(C)(=O)=O)cc2)cc1,7.726728668260934,425.55800000000016,3.6662000000000026,123.98999999999998,3,7,8,3,0.502835502437611,c1ccc(CNc2ccc(-c3cncnc3)cc2)cc1,False
CHEMBL178463,CCCN(CC)c1ccc(NC(=O)c2c(-c3c(Cl)cccc3Cl)noc2C)cc1,6.339822983591164,432.35100000000006,6.445420000000005,58.370000000000005,1,4,7,3,0.4665051888079266,O=C(Nc1ccccc1)c1conc1-c1ccccc1,False
CHEMBL2310886,CCCNC(=O)CCC(=O)OC[C@H](NC(=O)[C@H](CO)NC(=O)CN)C(=O)N[C@@H](Cc1ccccc1)C(=O)N[C@@H](CC(C)C)C(=O)N[C@@H](CO)C(=O)N1CCC[C@H]1C(=O)N[C@@H](CCC(=O)O)C(=O)N[C@@H](Cc1c[nH]cn1)C(=O)N[C@@H](CCC(N)=O)C(=O)N[C@@H](CCCN=C(N)N)C(=O)N[C@H](C(=O)N[C@@H](CCC(N)=O)C(=O)N[C@@H](CCC(N)=O)C(=O)N[C@@H](CCCN=C(N)N)C(=O)N[C@@H](CCCCN)C(=O)N[C@@H](CCC(=O)O)C(=O)N[C@@H](CO)C(=O)N[C@@H](CCCCN)C(=O)N[C@@H](CCCCN)C(=O)N1CCC[C@H]1C(=O)N1CCC[C@H]1C(=O)N[C@@H](C)C(=O)N[C@@H](CCCCN)C(=O)N[C@@H](CC(C)C)C(=O)N[C@@H](CCC(N)=O)C(=O)N1CCC[C@H]1C(=O)N[C@@H](CCCN=C(N)N)C(=O)O)C(C)C,5.991399828238082,3385.8889999999956,-17.584400000000155,1502.869999999999,46,49,116,2,0.012653925383725279,O=C(CCc1ccccc1)NCC(=O)NCC(=O)N1CCCC1C(=O)NCC(=O)NC(Cc1c[nH]cn1)C(=O)NCC(=O)NCC(=O)NCC(=O)NCC(=O)NCC(=O)NCC(=O)NCC(=O)NCC(=O)NCC(=O)NCC(=O)NCC(=O)N1CCCC1C(=O)N1CCCC1C(=O)NCC(=O)NCC(=O)NCC(=O)NCC(=O)N1CCCC1,True
CHEMBL1078114,CCCNC(=O)Nc1ccc(S(=O)(=O)Nc2ccc(CC(C)(C)N)cc2)cc1,5.782779344355481,404.5360000000002,3.298700000000001,113.32000000000001,4,4,8,2,0.5404461273599217,O=S(=O)(Nc1ccccc1)c1ccccc1,False
CHEMBL377305,CCCNc1nc(N)nc(CC)c1-c1ccc(NCc2ccc(S(C)(=O)=O)cc2)cc1,6.723137353348363,439.5850000000002,4.125700000000003,110.0,3,7,9,3,0.45976437847605955,c1ccc(CNc2ccc(-c3cncnc3)cc2)cc1,False
CHEMBL2048815,CCCOc1ccc(CN2CC3(CCN(C(=O)Cc4ccc(OC)cc4)CC3)C2)cn1,6.6667503697191535,423.55700000000013,3.5461000000000027,54.900000000000006,0,5,8,2,0.6500282013178057,O=C(Cc1ccccc1)N1CCC2(CC1)CN(Cc1cccnc1)C2,False
CHEMBL3218913,CCCOc1cccc(-n2cc3nc(-c4cccnc4C)n(C[C@H]4CCCN(C[C@H]5CCCO5)C4)c(=O)c3n2)c1,8.318758762624412,542.6840000000004,4.632420000000003,87.3,0,7,9,4,0.3047144106457942,O=c1c2nn(-c3ccccc3)cc2nc(-c2cccnc2)n1CC1CCCN(CC2CCCO2)C1,True
CHEMBL3963523,CCC[C@@H]1NC(=O)[C@@H](C(C)C)NCCOc2ccccc2/C=C\CNC(=O)[C@H](Cc2ccccc2)NC1=O,7.0,520.6740000000002,2.835000000000001,108.56,4,5,5,2,0.4849874650862316,O=C1CNCCOc2ccccc2C=CCNC(=O)C(Cc2ccccc2)NC(=O)CN1,False
CHEMBL1923501,CCC[C@@H]1NCCOc2ccccc2/C=C/CNC(=O)[C@@H](Cc2ccccc2)NC(=O)CN(C)C1=O,7.0655015487564325,492.6200000000003,2.1526000000000005,99.77000000000001,3,5,4,2,0.6075308123964114,O=C1CNCCOc2ccccc2C=CCNC(=O)C(Cc2ccccc2)NC(=O)CN1,False
CHEMBL3978207,CCC[C@@H]1NCCOc2ccccc2/C=C\CNC(=O)[C@@H](Cc2ccccc2)NC(=O)CN(C)C1=O,8.0,492.6200000000003,2.1526000000000005,99.77000000000001,3,5,4,2,0.6075308123964114,O=C1CNCCOc2ccccc2C=CCNC(=O)C(Cc2ccccc2)NC(=O)CN1,False
CHEMBL3961108,CCC[C@@H]1NCCOc2ccccc2/C=C\CNC(=O)[C@@H](Cc2ccccc2)NC(=O)[C@@H](C)N(C)C1=O,10.0,506.6470000000003,2.541100000000001,99.77000000000001,3,5,4,2,0.5919951723218276,O=C1CNCCOc2ccccc2C=CCNC(=O)C(Cc2ccccc2)NC(=O)CN1,False
CHEMBL3971540,CCC[C@@H]1NCCOc2ccccc2/C=C\CNC(=O)[C@H](Cc2ccccc2)NC(=O)C2(CCCC2)NC1=O,8.0,532.6850000000004,3.1232000000000006,108.56,4,5,4,2,0.48402709951041967,O=C1CNCCOc2ccccc2C=CCNC(=O)C(Cc2ccccc2)NC(=O)C2(CCCC2)N1,False
CHEMBL3903845,CCC[C@@H]1NCCOc2ccccc2CCCNC(=O)[C@@H](Cc2c[nH]c3ccccc23)NC(=O)CN(C)C1=O,7.0,533.6730000000002,2.5533,115.56,4,5,4,3,0.4115564918259957,O=C1CNCCOc2ccccc2CCCNC(=O)C(Cc2c[nH]c3ccccc23)NC(=O)CN1,False
CHEMBL1923512,CCC[C@@H]1NCCOc2ccccc2CCCNC(=O)[C@@H](Cc2ccc(O)cc2)NC(=O)CN(C)C1=O,6.9604093769761874,510.6350000000003,1.7776,120.0,4,6,4,2,0.49786538982391704,O=C1CNCCOc2ccccc2CCCNC(=O)C(Cc2ccccc2)NC(=O)CN1,False
CHEMBL3945918,CCC[C@@H]1NCCOc2ccccc2CCCNC(=O)[C@@H](Cc2ccccc2)NC(=O)C(C)(C)NC1=O,7.0,508.66300000000024,2.5084,108.56,4,5,4,2,0.5076405852400627,O=C1CNCCOc2ccccc2CCCNC(=O)C(Cc2ccccc2)NC(=O)CN1,False
CHEMBL3943228,CCC[C@@H]1NCCOc2ccccc2CCCNC(=O)[C@@H](Cc2ccccc2)NC(=O)C2(CCCC2)NC1=O,7.0,534.7010000000004,3.0426,108.56,4,5,4,2,0.4823522049279311,O=C1CNCCOc2ccccc2CCCNC(=O)C(Cc2ccccc2)NC(=O)C2(CCCC2)N1,False
CHEMBL1923504,CCC[C@@H]1NCCOc2ccccc2CCCNC(=O)[C@@H](Cc2ccccc2)NC(=O)CN(C)C1=O,7.583745543646882,494.63600000000025,2.072,99.77000000000001,3,5,4,2,0.604458467053562,O=C1CNCCOc2ccccc2CCCNC(=O)C(Cc2ccccc2)NC(=O)CN1,False
CHEMBL3939196,CCC[C@@H]1NCCOc2ccccc2CCCNC(=O)[C@@H](Cc2ccccc2)NC(=O)CN(CC)C1=O,7.0,508.6630000000003,2.4621000000000004,99.77000000000001,3,5,5,2,0.5763388137365659,O=C1CNCCOc2ccccc2CCCNC(=O)C(Cc2ccccc2)NC(=O)CN1,False
CHEMBL3913486,CCC[C@@H]1NCCOc2ccccc2CCCNC(=O)[C@@H](Cc2ccccc2)NC(=O)CNC1=O,7.0,480.6090000000002,1.729800000000001,108.56,4,5,4,2,0.5331192090596533,O=C1CNCCOc2ccccc2CCCNC(=O)C(Cc2ccccc2)NC(=O)CN1,False
CHEMBL1923611,CCC[C@@H]1NCCOc2ccccc2CCCNC(=O)[C@@H](Cc2ccccc2)NC(=O)[C@@H](C)N(C)C1=O,7.795880017344075,508.66300000000024,2.4605000000000006,99.77000000000001,3,5,4,2,0.5893421236183236,O=C1CNCCOc2ccccc2CCCNC(=O)C(Cc2ccccc2)NC(=O)CN1,False
CHEMBL1923613,CCC[C@@H]1NCCOc2ccccc2CCCNC(=O)[C@@H](Cc2ccccc2)NC(=O)[C@@H](C)NC1=O,6.650514997831991,494.6360000000002,2.1183,108.56,4,5,4,2,0.5208094333080235,O=C1CNCCOc2ccccc2CCCNC(=O)C(Cc2ccccc2)NC(=O)CN1,False
CHEMBL3959055,CCC[C@@H]1NCCOc2ccccc2CCCNC(=O)[C@@H](Cc2ccccc2)NC(=O)[C@@H](Cc2ccccc2)NC1=O,6.0,570.7340000000003,3.341100000000001,108.56,4,5,6,3,0.3637181730619191,O=C1CNCCOc2ccccc2CCCNC(=O)C(Cc2ccccc2)NC(=O)C(Cc2ccccc2)N1,False
CHEMBL3959346,CCC[C@@H]1NCCOc2ccccc2CCCNC(=O)[C@@H](Cc2ccccc2)NC(=O)[C@@H]2CCCN2C1=O,6.0,520.6740000000003,2.6046000000000005,99.77000000000001,3,5,4,2,0.5756939873226143,O=C1NCCCc2ccccc2OCCNCC(=O)N2CCCC2C(=O)NC1Cc1ccccc1,False
CHEMBL1923612,CCC[C@@H]1NCCOc2ccccc2CCCNC(=O)[C@@H](Cc2ccccc2)NC(=O)[C@H](C)N(C)C1=O,7.061314327065113,508.66300000000024,2.4605000000000006,99.77000000000001,3,5,4,2,0.5893421236183236,O=C1CNCCOc2ccccc2CCCNC(=O)C(Cc2ccccc2)NC(=O)CN1,False
CHEMBL3974356,CCC[C@@H]1NCCOc2ccccc2CCCNC(=O)[C@@H](Cc2ccccc2)NC(=O)[C@H](C)NC1=O,6.0,494.6360000000002,2.1183,108.56,4,5,4,2,0.5208094333080235,O=C1CNCCOc2ccccc2CCCNC(=O)C(Cc2ccccc2)NC(=O)CN1,False
CHEMBL3984892,CCC[C@@H]1NCCOc2ccccc2CCCNC(=O)[C@@H](Cc2ccccc2)NC(=O)[C@H](CC(C)C)NC1=O,6.0,536.7170000000002,3.1445000000000007,108.56,4,5,6,2,0.45373898587713485,O=C1CNCCOc2ccccc2CCCNC(=O)C(Cc2ccccc2)NC(=O)CN1,False
CHEMBL3963236,CCC[C@@H]1NCCOc2ccccc2CCCNC(=O)[C@@H](Cc2ccccc2)NC(=O)[C@H](CCCCN)NC1=O,6.0,551.7320000000003,2.2274000000000016,134.58,5,6,8,2,0.3195788099294385,O=C1CNCCOc2ccccc2CCCNC(=O)C(Cc2ccccc2)NC(=O)CN1,False
CHEMBL3977265,CCC[C@@H]1NCCOc2ccccc2CCCNC(=O)[C@@H](Cc2ccccc2)NC(=O)[C@H]2CCCN2C1=O,7.0,520.6740000000003,2.6046000000000005,99.77000000000001,3,5,4,2,0.5756939873226143,O=C1NCCCc2ccccc2OCCNCC(=O)N2CCCC2C(=O)NC1Cc1ccccc1,False
CHEMBL3939431,CCC[C@@H]1NCCOc2ccccc2CCCNC(=O)[C@H](C(C)c2ccccc2)NC(=O)CN(C)C1=O,6.0,508.66300000000024,2.633000000000002,99.77000000000001,3,5,4,2,0.589774329700322,O=C1CNCCOc2ccccc2CCCNC(=O)C(Cc2ccccc2)NC(=O)CN1,False
CHEMBL1923506,CCC[C@@H]1NCCOc2ccccc2CCCNC(=O)[C@H](Cc2ccccc2)NC(=O)CN(C)C1=O,6.710108201691595,494.63600000000025,2.072,99.77000000000001,3,5,4,2,0.604458467053562,O=C1CNCCOc2ccccc2CCCNC(=O)C(Cc2ccccc2)NC(=O)CN1,False
CHEMBL1923618,CCC[C@@H]1NC[C@@H](C)Oc2ccccc2CCCNC(=O)[C@@H](Cc2ccc(F)cc2)NC(=O)[C@@H](C)N(C)C1=O,7.468521082957745,540.6800000000002,2.988100000000001,99.77000000000001,3,5,4,2,0.5539246844689227,O=C1CNCCOc2ccccc2CCCNC(=O)C(Cc2ccccc2)NC(=O)CN1,False
CHEMBL3974323,CCC[C@@H]1NCc2cccc(c2)CNC(=O)[C@@H](Cc2ccccc2)NC(=O)CN(C)C1=O,6.0,436.55600000000015,1.7605999999999997,90.53999999999999,3,4,4,2,0.6813353448974817,O=C1CNCc2cccc(c2)CNC(=O)C(Cc2ccccc2)NC(=O)CN1,False
CHEMBL3937314,CCC[C@@H]1NCc2ccccc2Sc2ccccc2CNC(=O)[C@@H](Cc2ccccc2)NC(=O)CN(C)C1=O,7.0,544.7210000000002,3.9118000000000013,90.53999999999999,3,5,4,3,0.46348690528549946,O=C1CNCc2ccccc2Sc2ccccc2CNC(=O)C(Cc2ccccc2)NC(=O)CN1,False
CHEMBL3980276,CCC[C@H]1C(=O)N(C)[C@H](C)C(=O)N[C@H](Cc2ccccc2)C(=O)NCCCc2ccccc2OCCN1C,7.0,522.6900000000004,2.8027000000000015,90.98,2,5,4,2,0.6446090413564364,O=C1CNCCOc2ccccc2CCCNC(=O)C(Cc2ccccc2)NC(=O)CN1,False
CHEMBL3897387,CCC[C@H]1NC(=O)[C@@H](C)N(C)C(=O)[C@H]([C@@H](C)CC)NCCOc2ccccc2CCCNC1=O,7.0,474.64600000000024,2.2639000000000005,99.77000000000001,3,5,4,1,0.6217202015005426,O=C1CNCCOc2ccccc2CCCNC(=O)CNC(=O)CN1,False
CHEMBL1923505,CCC[C@H]1NCCOc2ccccc2CCCNC(=O)[C@@H](Cc2ccccc2)NC(=O)CN(C)C1=O,5.9604093769761874,494.63600000000025,2.072,99.77000000000001,3,5,4,2,0.604458467053562,O=C1CNCCOc2ccccc2CCCNC(=O)C(Cc2ccccc2)NC(=O)CN1,False
CHEMBL187271,CCCc1onc(-c2c(Cl)cccc2Cl)c1C(=O)Nc1ccc(N(CC)CC)cc1,6.595381800788438,446.3780000000002,6.699400000000006,58.370000000000005,1,4,8,3,0.4184100420266661,O=C(Nc1ccccc1)c1conc1-c1ccccc1,False
CHEMBL3586023,CCCn1cc(-c2cnc(NCc3ccc4c(c3)OCC4)c(C(=O)NCC3COc4ccccc4O3)c2)cn1,7.958607314841775,525.6090000000003,4.471900000000003,99.53,2,7,9,4,0.3326095965277154,O=C(NCC1COc2ccccc2O1)c1cc(-c2cn[nH]c2)cnc1NCc1ccc2c(c1)OCC2,True
CHEMBL3586024,CCCn1cc(-c2cnc(NCc3ccc4c(c3)OCO4)c(C(=O)NCC3COc4ccccc4O3)c2)cn1,7.443697499232712,527.5810000000002,4.265700000000003,108.76,2,8,9,4,0.33237834914247616,O=C(NCC1COc2ccccc2O1)c1cc(-c2cn[nH]c2)cnc1NCc1ccc2c(c1)OCO2,True
CHEMBL3586022,CCCn1cc(-c2cnc(NCc3ccc4ncsc4c3)c(C(=O)NCC3COc4ccccc4O3)c2)cn1,6.585026652029182,540.6490000000002,5.146700000000004,103.19000000000001,2,8,9,5,0.26663111584725757,O=C(NCC1COc2ccccc2O1)c1cc(-c2cn[nH]c2)cnc1NCc1ccc2ncsc2c1,True
CHEMBL3586021,CCCn1cc(-c2cnc(NCc3ccc4occc4c3)c(C(=O)NCC3COc4ccccc4O3)c2)cn1,6.823908740944319,523.5930000000003,5.283200000000004,103.44000000000001,2,7,9,5,0.2708138941401201,O=C(NCC1COc2ccccc2O1)c1cc(-c2cn[nH]c2)cnc1NCc1ccc2occc2c1,True
CHEMBL3586020,CCCn1cc(-c2cnc(NCc3ccc4sccc4c3)c(C(=O)NCC3COc4ccccc4O3)c2)cn1,7.075720713938118,539.6610000000003,5.751700000000005,90.30000000000001,2,7,9,5,0.24787764618542443,O=C(NCC1COc2ccccc2O1)c1cc(-c2cn[nH]c2)cnc1NCc1ccc2sccc2c1,True
CHEMBL4284715,CCN(C(=O)N[C@@H](C)c1ccc(C#CC2CC2)c(Cl)c1Cl)C1CCN(C2CCc3cc(-c4cc(C)ncn4)ccc32)CC1,5.534617148551582,616.6370000000001,7.764720000000009,61.36000000000001,1,4,6,3,0.28776690376478453,O=C(NCc1ccc(C#CC2CC2)cc1)NC1CCN(C2CCc3cc(-c4ccncn4)ccc32)CC1,False
CHEMBL178494,CCN(C)c1ccc(NC(=O)c2c(-c3c(Cl)cccc3Cl)noc2C)cc1,5.293769726285019,404.2970000000001,5.665220000000003,58.370000000000005,1,4,5,3,0.5958105662116404,O=C(Nc1ccccc1)c1conc1-c1ccccc1,False
CHEMBL178138,CCN(CC)C(=O)c1ccccc1NC(=O)c1c(-c2c(Cl)cccc2Cl)noc1C,5.661653195187567,446.3340000000001,5.691120000000003,75.44,1,4,6,3,0.5278955004016312,O=C(Nc1ccccc1)c1conc1-c1ccccc1,False
CHEMBL4751674,CCN(CC)CC(=O)N[C@H](Cc1c[nH]c2ccccc12)c1nnc(CCc2ccccc2)n1Cc1ccc(OC)cc1,6.638272163982407,564.7340000000003,5.343300000000005,88.07000000000001,2,5,14,5,0.19006731838194227,c1ccc(CCc2nnc(CCc3c[nH]c4ccccc34)n2Cc2ccccc2)cc1,True
CHEMBL185887,CCN(CC)CCCN(C(=O)CCN1CCCc2ccccc21)C(C(=O)NC1CCCCC1)c1ccc(F)cc1,5.692503962086787,550.7630000000003,5.719100000000005,55.89,1,4,13,2,0.34672352615996516,O=C(CCN1CCCc2ccccc21)NC(C(=O)NC1CCCCC1)c1ccccc1,True
CHEMBL185876,CCN(CC)CCCN(C(=O)c1ccc(-c2ccccc2)[nH]1)C(C(=O)NC1CCCCC1)c1ccc(F)cc1,5.889410289700751,532.7040000000003,6.1851000000000065,68.44,2,3,12,3,0.29249735059730547,O=C(NC(C(=O)NC1CCCCC1)c1ccccc1)c1ccc(-c2ccccc2)[nH]1,True
CHEMBL363467,CCN(CC)CCCN(C(=O)c1ccc(-c2ccccc2)[nH]1)C(C(=O)NC1CCCCC1)c1ccc(O)cc1,5.8794260687941495,530.7130000000003,5.751600000000007,88.67,3,4,12,3,0.2781507152266117,O=C(NC(C(=O)NC1CCCCC1)c1ccccc1)c1ccc(-c2ccccc2)[nH]1,True
CHEMBL188839,CCN(CC)CCCN(C(=O)c1ccc(-c2ccccc2)[nH]1)C(C(=O)NC1CCCCC1)c1ccc(OC)c(OC)c1,5.580044251510242,574.7660000000003,6.063200000000006,86.9,2,5,14,3,0.24435350918841717,O=C(NC(C(=O)NC1CCCCC1)c1ccccc1)c1ccc(-c2ccccc2)[nH]1,True
CHEMBL186045,CCN(CC)CCCN(C(=O)c1ccc(-c2ccccc2)[nH]1)C(C(=O)NC1CCCCC1)c1ccncc1,6.040958607678906,515.7020000000003,5.441000000000005,81.33,2,4,12,3,0.33652804369603834,O=C(NC(C(=O)NC1CCCCC1)c1ccncc1)c1ccc(-c2ccccc2)[nH]1,True
CHEMBL189625,CCN(CC)CCCN(C(=O)c1ccc(-c2ccccc2)[nH]1)C(C(=O)NCc1ccc(F)cc1)c1ccc(F)cc1,5.939302159646388,558.6730000000002,6.191700000000006,68.44,2,3,13,4,0.20562038773359678,O=C(NC(C(=O)NCc1ccccc1)c1ccccc1)c1ccc(-c2ccccc2)[nH]1,True
CHEMBL188586,CCN(CC)CCCN(C(=O)c1ccc(-c2ccccc2)[nH]1)C(C)C(=O)NC(C)(C)C,5.928117992693874,426.60500000000013,4.1590000000000025,68.44,2,3,10,2,0.5994039296128671,c1ccc(-c2ccc[nH]2)cc1,False
CHEMBL188173,CCN(CC)CCCN(C(=O)c1ccc(-c2ccccc2)[nH]1)C(C)C(=O)NC1CCCCC1,5.71669877129645,452.64300000000026,4.693200000000004,68.44,2,3,11,2,0.519537825946582,O=C(CNC(=O)c1ccc(-c2ccccc2)[nH]1)NC1CCCCC1,False
CHEMBL186647,CCN(CC)CCCN(C(=O)c1ccc(-c2ccccc2)[nH]1)C(Cc1ccc(C)o1)C(=O)NC1CCCCC1,5.931814138253838,532.7290000000002,5.817420000000006,81.58000000000001,2,4,13,3,0.2907729753925335,O=C(NC(Cc1ccco1)C(=O)NC1CCCCC1)c1ccc(-c2ccccc2)[nH]1,True
CHEMBL3358450,CCN(CC)CCCS(=O)(=O)N[C@H](CCc1ccccc1)c1nc(-c2ccc(OC)cc2)n[nH]1,7.823908740944319,485.65400000000017,3.805500000000002,100.21000000000001,2,6,14,3,0.36021386891467255,c1ccc(CCCc2nc(-c3ccccc3)n[nH]2)cc1,False
CHEMBL3319400,CCN(CC)CCCS(=O)(=O)c1ccc2nc(NC(=O)NC(=O)c3cc(-n4cccc4)ccc3Cl)sc2c1,9.366531544420413,574.1280000000002,5.207900000000004,113.4,2,7,10,4,0.2692255193413343,O=C(NC(=O)c1cccc(-n2cccc2)c1)Nc1nc2ccccc2s1,True
CHEMBL3319401,CCN(CC)CCCS(=O)(=O)c1ccc2nc(NC(=O)NC(=O)c3cc(-n4cccn4)ccc3Cl)sc2c1,8.4089353929735,575.1160000000001,4.602900000000003,126.29,2,8,10,4,0.28322983111656985,O=C(NC(=O)c1cccc(-n2cccn2)c1)Nc1nc2ccccc2s1,True
CHEMBL3319402,CCN(CC)CCCS(=O)(=O)c1ccc2nc(NC(=O)NC(=O)c3cc(N4CCOCC4)ccc3Cl)sc2c1,8.537602002101044,594.1590000000003,4.253800000000002,120.94,2,9,10,3,0.35777734185872245,O=C(NC(=O)c1cccc(N2CCOCC2)c1)Nc1nc2ccccc2s1,True
CHEMBL3319212,CCN(CC)CCCS(=O)(=O)c1ccc2nc(NC(=O)NC(=O)c3ccccc3Cl)sc2c1,7.886056647693163,509.05300000000017,4.417200000000003,108.47,2,7,9,3,0.4426873367730828,O=C(NC(=O)c1ccccc1)Nc1nc2ccccc2s1,True
CHEMBL188582,CCN(CC)CCN(C(=O)c1ccc(-c2ccccc2)[nH]1)C(C(=O)NC1CCCCC1)c1ccc(F)cc1,5.863279432843593,518.6770000000004,5.795000000000005,68.44,2,3,11,3,0.3373913918474431,O=C(NC(C(=O)NC1CCCCC1)c1ccccc1)c1ccc(-c2ccccc2)[nH]1,True
CHEMBL181312,CCN(CC)CCN1C(=O)C(O)(c2ccccc2)c2c1cc(C(N)=O)cc2C(F)(F)F,6.935542010773082,435.4460000000002,2.7285999999999992,86.87,2,4,7,2,0.7003417290533154,O=C1Nc2ccccc2C1c1ccccc1,False
CHEMBL369533,CCN(CC)CCN1C(=O)C(O)(c2ccccc2Cl)c2c1cc(C(N)=O)cc2C(F)(F)F,8.397940008672037,469.8910000000002,3.3820000000000014,86.87,2,4,7,2,0.6505445063164255,O=C1Nc2ccccc2C1c1ccccc1,False
CHEMBL182035,CCN(CC)CCN1C(=O)[C@@](O)(c2c(Cl)cccc2Cl)c2c1cc(C(N)=O)cc2C(F)(F)F,8.3767507096021,504.3360000000002,4.035400000000003,86.87,2,4,7,2,0.59643516733223,O=C1Nc2ccccc2C1c1ccccc1,False
CHEMBL180349,CCN(CC)CCN1C(=O)[C@@](O)(c2cc(Cl)ccc2Cl)c2c1cc(C(N)=O)cc2C(F)(F)F,9.619788758288394,504.3360000000002,4.035400000000002,86.87,2,4,7,2,0.59643516733223,O=C1Nc2ccccc2C1c1ccccc1,False
CHEMBL359922,CCN(CC)CCN1C(=O)[C@@](O)(c2ccc(Cl)cc2)c2c1cc(C(N)=O)cc2C(F)(F)F,7.080921907623926,469.8910000000002,3.3820000000000014,86.87,2,4,7,2,0.6505445063164255,O=C1Nc2ccccc2C1c1ccccc1,False
CHEMBL178475,CCN(CC)CCN1C(=O)[C@@](O)(c2ccc(Cl)cc2Cl)c2c1cc(C(N)=O)cc2C(F)(F)F,10.698970004336019,504.3360000000002,4.035400000000003,86.87,2,4,7,2,0.59643516733223,O=C1Nc2ccccc2C1c1ccccc1,False
CHEMBL180755,CCN(CC)CCN1C(=O)[C@@](O)(c2ccc(OC)cc2)c2c1cc(C(N)=O)cc2C(F)(F)F,6.97469413473523,465.47200000000015,2.7371999999999996,96.1,2,5,8,2,0.6251918974970219,O=C1Nc2ccccc2C1c1ccccc1,False
CHEMBL180096,CCN(CC)CCN1C(=O)[C@@](O)(c2cccc(Cl)c2)c2c1cc(C(N)=O)cc2C(F)(F)F,7.823908740944319,469.8910000000002,3.3820000000000014,86.87,2,4,7,2,0.6505445063164255,O=C1Nc2ccccc2C1c1ccccc1,False
CHEMBL361804,CCN(CC)CCN1C(=O)[C@@](O)(c2cccc(Cl)c2Cl)c2c1cc(C(N)=O)cc2C(F)(F)F,8.795880017344075,504.3360000000002,4.035400000000002,86.87,2,4,7,2,0.59643516733223,O=C1Nc2ccccc2C1c1ccccc1,False
CHEMBL181313,CCN(CC)CCN1C(=O)[C@@](O)(c2cccc(OC)c2)c2c1cc(C(N)=O)cc2C(F)(F)F,7.113509274827518,465.4720000000002,2.7371999999999996,96.1,2,5,8,2,0.6251918974970219,O=C1Nc2ccccc2C1c1ccccc1,False
CHEMBL360227,CCN(CC)CCN1C(=O)[C@@](O)(c2ccccc2Cl)c2c1cc(C(N)=O)cc2C(F)(F)F,8.799299729609228,469.8910000000002,3.3820000000000014,86.87,2,4,7,2,0.6505445063164255,O=C1Nc2ccccc2C1c1ccccc1,False
CHEMBL183916,CCN(CC)CCN1C(=O)[C@@](O)(c2ccccc2OC)c2c1cc(C(N)=O)cc2C(F)(F)F,6.795880017344075,465.4720000000002,2.7371999999999996,96.1,2,5,8,2,0.6251918974970219,O=C1Nc2ccccc2C1c1ccccc1,False
CHEMBL4744139,CCN(CC)CCc1nnc([C@@H](Cc2c[nH]c3ccccc23)NC(=O)CNC(=O)/C(C#N)=C/c2ccc(OC)cc2)n1Cc1ccc(OC)cc1,8.0,688.8330000000001,4.832580000000003,150.18999999999997,3,8,17,5,0.09291214360964024,O=C(C=Cc1ccccc1)NCC(=O)NC(Cc1c[nH]c2ccccc12)c1nncn1Cc1ccccc1,True
CHEMBL428698,CCN(CC)[C@H]1CC[C@H](NC(=O)c2c(-c3c(Cl)cccc3Cl)noc2C)CC1,7.25992463736336,424.3720000000001,5.339620000000005,58.370000000000005,1,4,6,2,0.6802699933172575,O=C(NC1CCCCC1)c1conc1-c1ccccc1,False
CHEMBL363021,CCN(CC)[C@H]1CC[C@H](NC(=O)c2c(-c3c(Cl)cccc3Cl)noc2CCC2CCCO2)CC1,6.8496805226823,508.49000000000035,6.1428000000000065,67.60000000000001,1,5,9,2,0.4406705244976796,O=C(NC1CCCCC1)c1c(-c2ccccc2)noc1CCC1CCCO1,True
CHEMBL184093,CCN(CC)[C@H]1CC[C@H](NC(=O)c2c(-c3c(Cl)cccc3Cl)noc2CCC2OCCCO2)CC1,7.79167974633086,524.4890000000003,5.726800000000005,76.83000000000001,1,6,9,2,0.45190174965249785,O=C(NC1CCCCC1)c1c(-c2ccccc2)noc1CCC1OCCCO1,True
CHEMBL184368,CCN(CC)[C@H]1CC[C@H](NC(=O)c2c(-c3c(Cl)cccc3Cl)noc2CCN2CCCCC2=O)CC1,6.789115799396538,535.5160000000002,5.586200000000005,78.68,1,5,9,2,0.45334510074582013,O=C(NC1CCCCC1)c1c(-c2ccccc2)noc1CCN1CCCCC1=O,True
CHEMBL365294,CCN(CC)[C@H]1CC[C@H](NC(=O)c2c(-c3c(Cl)cccc3Cl)noc2CCc2ccc3c(c2)OCO3)CC1,7.381228130928562,558.5060000000001,6.545100000000006,76.83000000000001,1,6,9,3,0.3213248485660021,O=C(NC1CCCCC1)c1c(-c2ccccc2)noc1CCc1ccc2c(c1)OCO2,True
CHEMBL181350,CCN(CC)c1ccc(NC(=O)C2(N(C)C(=O)OCC(C)C)CCc3cccc(OC)c3C2)cc1,7.795880017344075,481.63700000000034,5.132000000000005,71.11000000000001,1,5,9,2,0.5375212580211652,O=C(Nc1ccccc1)C1CCc2ccccc2C1,False
CHEMBL411055,CCN(CC)c1ccc(NC(=O)C2(NC(=O)OC(C)(C)C)CCc3ccccc3C2)cc1,6.920818753952375,437.58400000000023,4.923700000000005,70.67,2,4,6,2,0.6726779398771832,O=C(Nc1ccccc1)C1CCc2ccccc2C1,False
CHEMBL390308,CCN(CC)c1ccc(NC(=O)C2(NC(=O)OCC(C)C)CCc3cccc(Cl)c3C2)cc1,8.698970004336019,472.0290000000003,5.434600000000005,70.67,2,4,8,2,0.5377938833445185,O=C(Nc1ccccc1)C1CCc2ccccc2C1,False
CHEMBL368034,CCN(CC)c1ccc(NC(=O)C2(NC(=O)OCC(C)C)CCc3ccccc3C2)cc1,7.958607314841775,437.58400000000023,4.781200000000005,70.67,2,4,8,2,0.6234397652092645,O=C(Nc1ccccc1)C1CCc2ccccc2C1,False
CHEMBL183123,CCN(CC)c1ccc(NC(=O)C2CCc3ccccc3C2)cc1,5.568636235841012,322.45200000000006,4.276400000000003,32.34,1,2,5,2,0.8910508102768535,O=C(Nc1ccccc1)C1CCc2ccccc2C1,False
CHEMBL186540,CCN(CC)c1ccc(NC(=O)c2c(-c3c(Cl)cccc3Cl)noc2C(C)C)cc1,6.444452794745332,446.37800000000016,6.870300000000005,58.370000000000005,1,4,7,3,0.43032025975515165,O=C(Nc1ccccc1)c1conc1-c1ccccc1,False
CHEMBL362595,CCN(CC)c1ccc(NC(=O)c2c(-c3c(Cl)cccc3Cl)noc2C)c(C#N)c1,5.196272488392665,443.3340000000002,5.927000000000004,82.16,1,5,6,3,0.51096222432092,O=C(Nc1ccccc1)c1conc1-c1ccccc1,False
CHEMBL179812,CCN(CC)c1ccc(NC(=O)c2c(-c3c(Cl)cccc3Cl)noc2C)c(C(F)(F)F)c1,5.3872161432802645,486.32100000000014,7.074120000000004,58.370000000000005,1,4,6,3,0.4048979395702629,O=C(Nc1ccccc1)c1conc1-c1ccccc1,False
CHEMBL434330,CCN(CC)c1ccc(NC(=O)c2c(-c3c(Cl)cccc3Cl)noc2C)c(C)c1,7.420366834453253,432.35100000000017,6.363740000000004,58.370000000000005,1,4,6,3,0.4922496917853867,O=C(Nc1ccccc1)c1conc1-c1ccccc1,False
CHEMBL443560,CCN(CC)c1ccc(NC(=O)c2c(-c3c(Cl)cccc3Cl)noc2C)c(OC)c1,5.8797253758587,448.3500000000002,6.063920000000004,67.60000000000001,1,5,7,3,0.4757252460328288,O=C(Nc1ccccc1)c1conc1-c1ccccc1,False
CHEMBL178668,CCN(CC)c1ccc(NC(=O)c2c(-c3c(Cl)cccc3Cl)noc2C)cc1,6.886056647693163,418.3240000000001,6.055320000000004,58.370000000000005,1,4,6,3,0.5291189339858969,O=C(Nc1ccccc1)c1conc1-c1ccccc1,False
CHEMBL185399,CCN(CC)c1ccc(NC(=O)c2c(-c3c(Cl)cccc3Cl)noc2CCC2CCCCO2)cc1,7.200167610605791,516.4690000000004,7.248600000000006,67.60000000000001,1,5,9,3,0.3245772167439473,O=C(Nc1ccccc1)c1c(-c2ccccc2)noc1CCC1CCCCO1,True
CHEMBL184429,CCN(CC)c1ccc(NC(=O)c2c(-c3c(Cl)cccc3Cl)noc2CCC2CCCO2)cc1,7.2441251443275085,502.44200000000035,6.858500000000006,67.60000000000001,1,5,9,3,0.34638154038367563,O=C(Nc1ccccc1)c1c(-c2ccccc2)noc1CCC1CCCO1,True
CHEMBL186974,CCN(CC)c1ccc(NC(=O)c2c(-c3c(Cl)cccc3Cl)noc2CCC2CCOCC2)cc1,7.186624573158303,516.4690000000004,7.106100000000006,67.60000000000001,1,5,9,3,0.32848304863498984,O=C(Nc1ccccc1)c1c(-c2ccccc2)noc1CCC1CCOCC1,True
CHEMBL361349,CCN(CC)c1ccc(NC(=O)c2c(-c3c(Cl)cccc3Cl)noc2CCC2OCCCO2)c(C)c1,8.022878745280337,532.4680000000004,6.750920000000006,76.83000000000001,1,6,9,3,0.3286061558264367,O=C(Nc1ccccc1)c1c(-c2ccccc2)noc1CCC1OCCCO1,True
CHEMBL178610,CCN(CC)c1ccc(NC(=O)c2c(-c3c(Cl)cccc3Cl)noc2CCC2OCCCO2)cc1,8.037860356969059,518.4410000000004,6.442500000000005,76.83000000000001,1,6,9,3,0.35132102700276463,O=C(Nc1ccccc1)c1c(-c2ccccc2)noc1CCC1OCCCO1,True
CHEMBL363930,CCN(CC)c1ccc(NC(=O)c2c(-c3c(Cl)cccc3Cl)noc2CCC2OCCO2)cc1,7.426935982160881,504.4140000000003,6.052400000000005,76.83000000000001,1,6,9,3,0.38232758873971223,O=C(Nc1ccccc1)c1c(-c2ccccc2)noc1CCC1OCCO1,True
CHEMBL182542,CCN(CC)c1ccc(NC(=O)c2c(-c3c(Cl)cccc3Cl)noc2CCCO)cc1,6.695437676146852,462.37700000000024,5.671800000000005,78.60000000000001,2,5,9,3,0.4284166234092112,O=C(Nc1ccccc1)c1conc1-c1ccccc1,False
CHEMBL364430,CCN(CC)c1ccc(NC(=O)c2c(-c3c(Cl)cccc3Cl)noc2CCN(C)C(C)=O)cc1,7.594883741002458,503.4300000000003,5.767700000000005,78.68,1,5,9,3,0.4013768305515391,O=C(Nc1ccccc1)c1conc1-c1ccccc1,True
CHEMBL365460,CCN(CC)c1ccc(NC(=O)c2c(-c3c(Cl)cccc3Cl)noc2CCN2C(=O)CCC2(C)C)cc1,7.6164220669589096,543.4950000000003,6.690400000000006,78.68,1,5,9,3,0.3254287508966729,O=C(Nc1ccccc1)c1c(-c2ccccc2)noc1CCN1CCCC1=O,True
CHEMBL185057,CCN(CC)c1ccc(NC(=O)c2c(-c3c(Cl)cccc3Cl)noc2CCN2CCCC2=O)cc1,7.7447274948966935,515.4410000000004,5.911800000000005,78.68,1,5,9,3,0.38336759373491647,O=C(Nc1ccccc1)c1c(-c2ccccc2)noc1CCN1CCCC1=O,True
CHEMBL363995,CCN(CC)c1ccc(NC(=O)c2c(-c3c(Cl)cccc3Cl)noc2CCN2CCCCC2=O)cc1,8.096910013008056,529.4680000000004,6.301900000000005,78.68,1,5,9,3,0.3519965892886068,O=C(Nc1ccccc1)c1c(-c2ccccc2)noc1CCN1CCCCC1=O,True
CHEMBL182655,CCN(CC)c1ccc(NC(=O)c2c(-c3c(Cl)cccc3Cl)noc2CCN2CCN(C)C2=O)cc1,7.83889035263304,530.4560000000004,5.656800000000005,81.92000000000002,1,5,9,3,0.3864464820955546,O=C(Nc1ccccc1)c1c(-c2ccccc2)noc1CCN1CCNC1=O,True
CHEMBL184258,CCN(CC)c1ccc(NC(=O)c2c(-c3c(Cl)cccc3Cl)noc2CCOC)cc1,6.948954737244081,462.37700000000024,5.935800000000005,67.60000000000001,1,5,9,3,0.42667121281726583,O=C(Nc1ccccc1)c1conc1-c1ccccc1,False
CHEMBL440939,CCN(CC)c1ccc(NC(=O)c2c(-c3c(Cl)cccc3Cl)noc2CCc2ccc3c(c2)OCO3)cc1,7.179709596755174,552.4580000000003,7.260800000000005,76.83000000000001,1,6,9,4,0.23559810247286456,O=C(Nc1ccccc1)c1c(-c2ccccc2)noc1CCc1ccc2c(c1)OCO2,True
CHEMBL185028,CCN(CC)c1ccc(NC(=O)c2c(-c3c(Cl)cccc3Cl)noc2CCc2cccc3c2OCO3)cc1,6.5196029407370135,552.4580000000003,7.260800000000006,76.83000000000001,1,6,9,4,0.23559810247286456,O=C(Nc1ccccc1)c1c(-c2ccccc2)noc1CCc1cccc2c1OCO2,True
CHEMBL365721,CCN(CC)c1ccc(NC(=O)c2c(-c3c(Cl)cccc3Cl)noc2CCc2ccccc2OC)cc1,6.2781760934490585,538.4750000000003,7.540700000000006,67.60000000000001,1,5,10,4,0.22599103125697373,O=C(Nc1ccccc1)c1c(-c2ccccc2)noc1CCc1ccccc1,True
CHEMBL187427,CCN(CC)c1ccc(NC(=O)c2c(-c3c(Cl)cccc3Cl)noc2CN2CCCC2=O)cc1,6.961207046816378,501.4140000000003,5.869300000000004,78.68,1,5,8,3,0.41787679912970194,O=C(Nc1ccccc1)c1c(-c2ccccc2)noc1CN1CCCC1=O,False
CHEMBL178838,CCN(CC)c1ccc(NC(=O)c2c(-c3ccc(Cl)cc3)noc2C)cc1,5.185295200448641,383.8790000000001,5.401920000000004,58.370000000000005,1,4,6,3,0.6185192760848681,O=C(Nc1ccccc1)c1conc1-c1ccccc1,False
CHEMBL180722,CCN(CC)c1ccc(NC(=O)c2c(-c3cccc(Cl)c3)noc2C)cc1,4.732828271596986,383.8790000000001,5.401920000000004,58.370000000000005,1,4,6,3,0.6185192760848681,O=C(Nc1ccccc1)c1conc1-c1ccccc1,False
CHEMBL361366,CCN(CC)c1ccc(NC(=O)c2c(-c3ccccc3)noc2C)cc1,5.102686277667746,349.4340000000001,4.748520000000004,58.370000000000005,1,4,6,3,0.6976317452512025,O=C(Nc1ccccc1)c1conc1-c1ccccc1,False
CHEMBL362612,CCN(CC)c1ccc(NC(=O)c2c(-c3ccccc3-c3ccccc3)noc2C)cc1,5.5433580491197905,425.53200000000015,6.415520000000006,58.370000000000005,1,4,7,4,0.37134449309920337,O=C(Nc1ccccc1)c1conc1-c1ccccc1-c1ccccc1,False
CHEMBL178289,CCN(CC)c1ccc(NC(=O)c2c(-c3ccccc3Br)noc2C)cc1,6.510681525807763,428.3300000000001,5.511020000000004,58.370000000000005,1,4,6,3,0.5625594252993973,O=C(Nc1ccccc1)c1conc1-c1ccccc1,False
CHEMBL359530,CCN(CC)c1ccc(NC(=O)c2c(-c3ccccc3Cl)noc2C)cc1,6.381605450295353,383.8790000000001,5.401920000000004,58.370000000000005,1,4,6,3,0.6185192760848681,O=C(Nc1ccccc1)c1conc1-c1ccccc1,False
CHEMBL181739,CCN(CC)c1ccc(NC(=O)c2c(-c3ccccc3OC)noc2C)cc1,5.2827155479829,379.46000000000015,4.757120000000004,67.60000000000001,1,5,7,3,0.6411297018406832,O=C(Nc1ccccc1)c1conc1-c1ccccc1,False
CHEMBL178137,CCN(CC)c1ccc(NC(=O)c2c(-c3ccccc3[N+](=O)[O-])noc2C)cc1,6.233622810503751,394.43100000000015,4.6567200000000035,101.51,1,6,7,3,0.46197846188108854,O=C(Nc1ccccc1)c1conc1-c1ccccc1,False
CHEMBL359714,CCN(CCO)c1ccc(NC(=O)c2c(-c3c(Cl)cccc3Cl)noc2C)cc1,5.272425239410086,434.32300000000015,5.027720000000003,78.60000000000001,2,5,7,3,0.5456535754299757,O=C(Nc1ccccc1)c1conc1-c1ccccc1,False
CHEMBL2164507,CCN1CCC(CC(=O)NC2(c3ccc(Cl)c(Cl)c3)C(=O)Nc3cc(Cl)cc(Cl)c32)CC1,8.761439372640169,515.2680000000003,5.734100000000004,61.440000000000005,2,3,5,2,0.5348182704610449,O=C(CC1CCNCC1)NC1(c2ccccc2)C(=O)Nc2ccccc21,False
CHEMBL2164505,CCN1CCCC(CC(=O)NC2(c3ccc(Cl)c(Cl)c3)C(=O)Nc3cc(Cl)cc(Cl)c32)C1,7.327902142064282,515.2680000000003,5.734100000000004,61.440000000000005,2,3,5,2,0.5348182704610449,O=C(CC1CCCNC1)NC1(c2ccccc2)C(=O)Nc2ccccc21,False
CHEMBL2164499,CCN1CCN(CC(=O)NC2(c3ccc(Cl)c(Cl)c3)C(=O)Nc3cc(Cl)cc(Cl)c32)CC1,8.1259059864969,516.2560000000002,4.249600000000004,64.67999999999999,2,4,5,2,0.6243857366782233,O=C(CN1CCNCC1)NC1(c2ccccc2)C(=O)Nc2ccccc21,False
CHEMBL2164506,CCN1CCN(CC(=O)NC2(c3ccc(Cl)c(Cl)c3)C(=O)Nc3cc(Cl)cc(Cl)c32)CC1=O,5.555955204081924,530.2390000000003,3.776200000000003,81.75,2,4,5,2,0.6172774191853062,O=C1CN(CC(=O)NC2(c3ccccc3)C(=O)Nc3ccccc32)CCN1,False
CHEMBL2164508,CCN1CCN(CC(=O)NC2(c3ccc(Cl)cc3)C(=O)Nc3cc(Cl)c(C)cc32)CC1,6.716522128285854,461.3930000000003,3.2512200000000027,64.67999999999999,2,4,5,2,0.7179330112357513,O=C(CN1CCNCC1)NC1(c2ccccc2)C(=O)Nc2ccccc21,False
CHEMBL2164823,CCN1CCN(CC(=O)NC2(c3ccc(Cl)cc3)C(=O)Nc3cc(Cl)c(Cl)cc32)CC1,6.826627972697575,481.8110000000003,3.5962000000000023,64.67999999999999,2,4,5,2,0.6849016837055466,O=C(CN1CCNCC1)NC1(c2ccccc2)C(=O)Nc2ccccc21,False
CHEMBL275141,CCNC(=O)N[C@@H](Cc1c[nH]c2ccccc12)NC(=O)[C@@H](Cc1c[nH]c2ccccc12)NC(=O)C(C)(C)N,7.281299140421847,517.6340000000002,2.417899999999999,156.93,7,4,10,4,0.16125529409249312,O=C(CCc1c[nH]c2ccccc12)NCCc1c[nH]c2ccccc12,True
CHEMBL1079323,CCNC(=O)Nc1ccc(S(=O)(=O)Nc2ccc(CC(C)(C)N)cc2)cc1,5.250650239402523,390.5090000000002,2.9086000000000007,113.32000000000001,4,4,7,2,0.5819506911927019,O=S(=O)(Nc1ccccc1)c1ccccc1,False
CHEMBL4787023,CCNCC(=O)N[C@H](Cc1c[nH]c2ccccc12)c1nnc(CCc2ccccc2)n1Cc1ccc(OC)cc1,6.522878745280337,536.6800000000004,4.611000000000003,96.86,3,5,13,5,0.20423486449502268,c1ccc(CCc2nnc(CCc3c[nH]c4ccccc34)n2Cc2ccccc2)cc1,True
CHEMBL205790,CCNc1nc(N)nc(CC)c1-c1ccc(NCc2ccc(S(C)(=O)=O)cc2)cc1,6.61261017366127,425.55800000000016,3.7356000000000025,110.0,3,7,8,3,0.5041861141920972,c1ccc(CNc2ccc(-c3cncnc3)cc2)cc1,False
CHEMBL3923467,CCOC(=O)CC[C@@H]1NC(=O)C2(CCCC2)NC(=O)[C@H](CC(C)C)NCCOc2ccccc2/C=C\CNC1=O,6.0,556.7040000000002,2.469800000000002,134.86,4,7,6,1,0.3955706294094426,O=C1CNC(=O)C2(CCCC2)NC(=O)CNCCOc2ccccc2C=CCN1,False
CHEMBL382138,CCOC(=O)CCc1nc(N)nc(N)c1-c1ccc(NCc2ccc(S(C)(=O)=O)cc2)cc1,7.086186147616283,469.5670000000002,2.819300000000001,150.29,3,9,9,3,0.40183947146869403,c1ccc(CNc2ccc(-c3cncnc3)cc2)cc1,False
CHEMBL281173,CCOC(=O)N[C@@H](Cc1c[nH]c2ccccc12)NC(=O)[C@@H](Cc1c[nH]c2ccccc12)NC(=O)C(C)(C)N,7.35206257739131,518.6180000000003,2.844900000000001,154.13,6,5,10,4,0.17823216112724727,O=C(CCc1c[nH]c2ccccc12)NCCc1c[nH]c2ccccc12,True
CHEMBL3218898,CCO[C@@H](C)CN1CCC[C@H](Cn2c(-c3cccnc3C)nc3cn(-c4cccc(OC)c4)nc3c2=O)C1,8.301029995663981,516.6460000000002,4.098220000000003,87.30000000000001,0,7,9,4,0.33102734433377806,O=c1c2nn(-c3ccccc3)cc2nc(-c2cccnc2)n1CC1CCCNC1,True
CHEMBL3218899,CCO[C@H](C)CN1CCC[C@H](Cn2c(-c3cccnc3C)nc3cn(-c4cccc(OC)c4)nc3c2=O)C1,7.3979400086720375,516.6460000000002,4.098220000000003,87.30000000000001,0,7,9,4,0.33102734433377806,O=c1c2nn(-c3ccccc3)cc2nc(-c2cccnc2)n1CC1CCCNC1,True
CHEMBL4635089,CCOc1cc(Cl)c(-c2ccc(-c3nc4c(s3)CN(C(=O)CO)CC4)c(=O)[nH]2)cc1N1CCOCC1,5.721246399047171,531.0340000000003,2.9311000000000016,107.98999999999998,2,8,6,3,0.504214465665118,O=c1[nH]c(-c2cccc(N3CCOCC3)c2)ccc1-c1nc2c(s1)CNCC2,False
CHEMBL4642043,CCOc1cc(Cl)c(-c2ccc(-c3nc4ccc(S(=O)(=O)C5CCN(C)CC5)cc4s3)c(=O)[nH]2)cc1N1CCOCC1,6.337242168318426,629.2040000000001,5.075200000000005,104.82999999999998,1,9,7,4,0.3023701014523334,O=c1[nH]c(-c2cccc(N3CCOCC3)c2)ccc1-c1nc2ccc(S(=O)(=O)C3CCNCC3)cc2s1,False
CHEMBL4649089,CCOc1cc(Cl)c(-c2ccc(-c3nc4ccccc4s3)c(=O)[nH]2)cc1N1CCOCC1,5.886056647693163,467.9780000000003,5.2073000000000045,67.45,1,6,5,4,0.43623399802925916,O=c1[nH]c(-c2cccc(N3CCOCC3)c2)ccc1-c1nc2ccccc2s1,False
CHEMBL4644587,CCOc1cc(Cl)c(-c2ncc(-c3nc4ccccc4s3)c(=O)[nH]2)cc1N1CCOCC1,5.2839966563652006,468.9660000000003,4.602300000000004,80.34,1,7,5,4,0.46068153356062397,O=c1[nH]c(-c2cccc(N3CCOCC3)c2)ncc1-c1nc2ccccc2s1,False
CHEMBL4632411,CCOc1cc(Cl)c(C(=O)NC(=O)Nc2nc3ccc(CN4CCN(C)CC4)cc3s2)cc1N1CCOCC1,6.017728766960431,573.1190000000001,3.894300000000003,99.26999999999998,2,9,7,3,0.43984806228977874,O=C(NC(=O)c1cccc(N2CCOCC2)c1)Nc1nc2ccc(CN3CCNCC3)cc2s1,False
CHEMBL4641579,CCOc1cc(Cl)c(C(=O)NC(=O)Nc2nc3ccc(S(=O)(=O)C4CCN(C)CC4)cc3s2)cc1-n1cccn1,8.096910013008056,603.1260000000002,4.363900000000004,135.51999999999998,2,9,7,4,0.3183985716841432,O=C(NC(=O)c1cccc(-n2cccn2)c1)Nc1nc2ccc(S(=O)(=O)C3CCNCC3)cc2s1,False
CHEMBL4649741,CCOc1cc(Cl)c(C(=O)Nc2nc3ccc(S(=O)(=O)CCCN4CCN(C)CC4)cc3s2)cc1N1CCO[C@H](C)C1,4.6777807052660805,636.2400000000001,4.237000000000004,104.30999999999997,1,10,10,3,0.35036063338124357,O=C(Nc1nc2ccc(S(=O)(=O)CCCN3CCNCC3)cc2s1)c1cccc(N2CCOCC2)c1,True
CHEMBL4636832,CCOc1cc(Cl)c(C(=O)Nc2nc3ccc(S(=O)(=O)CCCN4CCN(C)CC4)cc3s2)cc1N1C[C@@H](C)O[C@@H](C)C1,4.568636235841013,650.2670000000002,4.625500000000005,104.30999999999997,1,10,10,3,0.33680854448819353,O=C(Nc1nc2ccc(S(=O)(=O)CCCN3CCNCC3)cc2s1)c1cccc(N2CCOCC2)c1,True
CHEMBL4641503,CCOc1cc(Cl)c(C(=O)Nc2nc3ccc(S(=O)(=O)CCCN4CCN(C)CC4)cc3s2)cc1N1C[C@H](C)O[C@@H](C)C1,5.0,650.2670000000002,4.625500000000005,104.30999999999997,1,10,10,3,0.33680854448819353,O=C(Nc1nc2ccc(S(=O)(=O)CCCN3CCNCC3)cc2s1)c1cccc(N2CCOCC2)c1,True
CHEMBL3319220,CCOc1ccc(Cl)c(C(=O)NC(=O)Nc2nc3ccc(S(=O)(=O)CCCN4CCN(C)CC4)cc3s2)c1,9.508638306165727,580.1320000000004,3.7215000000000025,120.93999999999997,2,9,9,3,0.3933750861666975,O=C(NC(=O)c1ccccc1)Nc1nc2ccc(S(=O)(=O)CCCN3CCNCC3)cc2s1,True
CHEMBL3218912,CCOc1cccc(-n2cc3nc(-c4cccnc4C)n(C[C@H]4CCCN(C[C@H]5CCCO5)C4)c(=O)c3n2)c1,9.040958607678906,528.6570000000005,4.242320000000002,87.3,0,7,8,4,0.33803685398589844,O=c1c2nn(-c3ccccc3)cc2nc(-c2cccnc2)n1CC1CCCN(CC2CCCO2)C1,False
CHEMBL3967522,CC[C@@H](C)[C@@H]1C(=O)N[C@H](Cc2ccccc2)C(=O)NCCCc2ccccc2OCCN[C@@H]([C@@H](C)CC)C(=O)N1C,6.0,564.7710000000003,3.732700000000003,99.77,3,5,6,2,0.49667449681631026,O=C1CNCCOc2ccccc2CCCNC(=O)C(Cc2ccccc2)NC(=O)CN1,False
CHEMBL3949704,CC[C@@H](C)[C@H]1NC(=O)[C@@H](C)N(C)C(=O)[C@H]([C@@H](C)CC)NCCOc2ccccc2CCCNC1=O,7.0,488.6730000000003,2.509900000000001,99.77000000000001,3,5,4,1,0.6048425234492685,O=C1CNCCOc2ccccc2CCCNC(=O)CNC(=O)CN1,False
CHEMBL3923633,CC[C@@H]1C(=O)N[C@H](Cc2ccccc2)C(=O)NCCCc2ccccc2OCCN[C@@H]([C@@H](C)CC)C(=O)N1C,8.0,536.7170000000003,3.0966000000000022,99.77,3,5,5,2,0.545522652769531,O=C1CNCCOc2ccccc2CCCNC(=O)C(Cc2ccccc2)NC(=O)CN1,False
CHEMBL3897527,CC[C@@H]1NCCOc2ccccc2/C=C\CNC(=O)[C@H](Cc2ccccc2)NC(=O)C2(CCCC2)NC1=O,8.0,518.6580000000004,2.7331000000000003,108.56,4,5,3,2,0.4998366259103265,O=C1CNCCOc2ccccc2C=CCNC(=O)C(Cc2ccccc2)NC(=O)C2(CCCC2)N1,False
CHEMBL3968175,CC[C@@H]1NCCOc2ccccc2CCCNC(=O)[C@@H](Cc2ccccc2)NC(=O)[C@@H](C)N(C)C1=O,8.0,494.63600000000025,2.0704000000000002,99.77000000000001,3,5,3,2,0.6068004941410055,O=C1CNCCOc2ccccc2CCCNC(=O)C(Cc2ccccc2)NC(=O)CN1,False
CHEMBL3967783,CC[C@H](C)C1NCCCc2ccccc2/C=C\CNC(=O)C(Cc2ccccc2)NC(=O)C(C)N(C)C1=O,8.0,518.7020000000002,3.3409000000000013,90.53999999999999,3,4,4,2,0.5792011346178236,O=C1CNCCCc2ccccc2C=CCNC(=O)C(Cc2ccccc2)NC(=O)CN1,False
CHEMBL1923632,CC[C@H](C)[C@@H]1NCCCC/C=C/CCNC(=O)[C@@H](Cc2ccccc2)NC(=O)[C@@H](C)N(C)C1=O,6.795880017344075,470.6580000000002,2.8115000000000014,90.53999999999999,3,4,4,1,0.5904810125025045,O=C1CNCCCCC=CCCNC(=O)C(Cc2ccccc2)NC(=O)CN1,False
CHEMBL3902804,CC[C@H](C)[C@@H]1NCCCC/C=C/CCNC(=O)[C@H](Cc2cccc(Cl)c2)NC(=O)C2(CCCC2)NC1=O,7.0,531.1410000000003,4.047000000000002,99.32999999999998,4,4,4,1,0.44127293111226956,O=C1CNCCCCC=CCCNC(=O)C(Cc2ccccc2)NC(=O)C2(CCCC2)N1,False
CHEMBL1923631,CC[C@H](C)[C@@H]1NCCCCCCCCNC(=O)[C@@H](Cc2ccccc2)NC(=O)[C@@H](C)N(C)C1=O,6.411954370472159,472.67400000000015,3.0355000000000025,90.53999999999999,3,4,4,1,0.6283028789959872,O=C1CNCCCCCCCCNC(=O)C(Cc2ccccc2)NC(=O)CN1,False
CHEMBL3900035,CC[C@H](C)[C@@H]1NCCCCCCCCNC(=O)[C@H](Cc2cccc(Cl)c2)NC(=O)C2(CCCC2)NC1=O,7.0,533.1570000000003,4.271000000000003,99.32999999999998,4,4,4,1,0.46505224607561074,O=C1CNCCCCCCCCNC(=O)C(Cc2ccccc2)NC(=O)C2(CCCC2)N1,False
CHEMBL3948746,CC[C@H](C)[C@@H]1NCCCCCCCNC(=O)[C@H](Cc2cccc(Cl)c2)NC(=O)C2(CCCC2)NC1=O,7.0,519.1300000000002,3.8809000000000013,99.32999999999998,4,4,4,1,0.48575367262365293,O=C1CNCCCCCCCNC(=O)C(Cc2ccccc2)NC(=O)C2(CCCC2)N1,False
CHEMBL3951362,CC[C@H](C)[C@@H]1NCCCCCCNC(=O)[C@H](Cc2cccc(Cl)c2)NC(=O)C2(CCCC2)NC1=O,7.0,505.10300000000024,3.490800000000001,99.32999999999998,4,4,4,1,0.504036335443168,O=C1CNCCCCCCNC(=O)C(Cc2ccccc2)NC(=O)C2(CCCC2)N1,False
CHEMBL3961157,CC[C@H](C)[C@@H]1NCCCCCNC(=O)[C@H](Cc2cccc(Cl)c2)NC(=O)C2(CCCC2)NC1=O,6.0,491.0760000000003,3.1007000000000007,99.32999999999998,4,4,4,1,0.5207843759327785,O=C1CNCCCCCNC(=O)C(Cc2ccccc2)NC(=O)C2(CCCC2)N1,False
CHEMBL3935626,CC[C@H](C)[C@@H]1NCCCCc2ccccc2CCNC(=O)[C@@H](Cc2ccccc2)NC(=O)[C@@H](C)N(C)C1=O,7.0,520.7180000000002,3.2603000000000018,90.53999999999999,3,4,4,2,0.5773466810564316,O=C1CNCCCCc2ccccc2CCNC(=O)C(Cc2ccccc2)NC(=O)CN1,False
CHEMBL3981843,CC[C@H](C)[C@@H]1NCCCNCCNC(=O)[C@H](Cc2cccc(Cl)c2)NC(=O)C2(CCCC2)NC1=O,7.0,506.0910000000003,1.9101000000000015,111.35999999999999,5,5,4,1,0.4290198033837098,O=C1CNCCCNCCNC(=O)C(Cc2ccccc2)NC(=O)C2(CCCC2)N1,False
CHEMBL3973940,CC[C@H](C)[C@@H]1NCCCc2ccccc2/C=C\CCNC(=O)[C@@H](Cc2ccccc2)NC(=O)[C@@H](C)N(C)C1=O,7.0,532.7290000000003,3.7310000000000025,90.53999999999999,3,4,4,2,0.5598228300884903,O=C1CNCCCc2ccccc2C=CCCNC(=O)C(Cc2ccccc2)NC(=O)CN1,False
CHEMBL3938132,CC[C@H](C)[C@@H]1NCCCc2ccccc2/C=C\CCNC(=O)[C@H](Cc2cccc(Cl)c2)NC(=O)C2(CCCC2)NC1=O,7.0,593.212,4.9665000000000035,99.32999999999998,4,4,4,2,0.40293571303098435,O=C1CNCCCc2ccccc2C=CCCNC(=O)C(Cc2ccccc2)NC(=O)C2(CCCC2)N1,False
CHEMBL3969506,CC[C@H](C)[C@@H]1NCCCc2ccccc2/C=C\CNC(=O)[C@@H](Cc2ccc(F)cc2)NC(=O)[C@@H](C)N(C)C1=O,8.0,536.6920000000002,3.480000000000002,90.53999999999999,3,4,4,2,0.5582727416662256,O=C1CNCCCc2ccccc2C=CCNC(=O)C(Cc2ccccc2)NC(=O)CN1,False
CHEMBL3943086,CC[C@H](C)[C@@H]1NCCCc2ccccc2/C=C\CNC(=O)[C@@H](Cc2ccccc2)NC(=O)[C@@H](C)N(C)C1=O,8.0,518.7020000000002,3.3409000000000013,90.53999999999999,3,4,4,2,0.5792011346178236,O=C1CNCCCc2ccccc2C=CCNC(=O)C(Cc2ccccc2)NC(=O)CN1,False
CHEMBL3916659,CC[C@H](C)[C@@H]1NCCCc2ccccc2/C=C\CNC(=O)[C@H](Cc2cccc(Cl)c2)NC(=O)C2(CCCC2)NC1=O,8.0,579.1850000000002,4.576400000000003,99.32999999999998,4,4,4,2,0.4267961629327068,O=C1CNCCCc2ccccc2C=CCNC(=O)C(Cc2ccccc2)NC(=O)C2(CCCC2)N1,False
CHEMBL1923636,CC[C@H](C)[C@@H]1NCCCc2ccccc2CCCCNC(=O)[C@@H](Cc2ccccc2)NC(=O)[C@@H](C)N(C)C1=O,7.55395269865476,534.7450000000002,3.650400000000002,90.53999999999999,3,4,4,2,0.5586639866848746,O=C1CNCCCc2ccccc2CCCCNC(=O)C(Cc2ccccc2)NC(=O)CN1,False
CHEMBL3893476,CC[C@H](C)[C@@H]1NCCCc2ccccc2CCCCNC(=O)[C@H](Cc2cccc(Cl)c2)NC(=O)C2(CCCC2)NC1=O,8.0,595.2280000000001,4.885900000000004,99.32999999999998,4,4,4,2,0.40516020117014295,O=C1CNCCCc2ccccc2CCCCNC(=O)C(Cc2ccccc2)NC(=O)C2(CCCC2)N1,False
CHEMBL1923635,CC[C@H](C)[C@@H]1NCCCc2ccccc2CCCNC(=O)[C@@H](Cc2ccccc2)NC(=O)[C@@H](C)N(C)C1=O,7.545757490560675,520.7180000000002,3.2603000000000018,90.53999999999999,3,4,4,2,0.5773466810564316,O=C1CNCCCc2ccccc2CCCNC(=O)C(Cc2ccccc2)NC(=O)CN1,False
CHEMBL1923633,CC[C@H](C)[C@@H]1NCCCc2ccccc2CCNC(=O)[C@@H](Cc2ccccc2)NC(=O)[C@@H](C)N(C)C1=O,6.698970004336019,506.69100000000026,2.8702000000000014,90.53999999999999,3,4,4,2,0.5949242967943642,O=C1CNCCCc2ccccc2CCNC(=O)C(Cc2ccccc2)NC(=O)CN1,False
CHEMBL3981072,CC[C@H](C)[C@@H]1NCCOC/C=C\CCNC(=O)[C@@H](Cc2ccccc2)NC(=O)[C@@H](C)N(C)C1=O,7.0,472.6300000000002,1.657800000000002,99.77000000000001,3,5,4,1,0.5790531424422715,O=C1CNCCOCC=CCCNC(=O)C(Cc2ccccc2)NC(=O)CN1,False
CHEMBL3979606,CC[C@H](C)[C@@H]1NCCOC/C=C\CCNC(=O)[C@H](Cc2cccc(Cl)c2)NC(=O)C2(CCCC2)NC1=O,7.0,533.1130000000003,2.893300000000001,108.56,4,5,4,1,0.4458886525449772,O=C1CNCCOCC=CCCNC(=O)C(Cc2ccccc2)NC(=O)C2(CCCC2)N1,False
CHEMBL3961641,CC[C@H](C)[C@@H]1NCCOC/C=C\CNC(=O)[C@@H](Cc2ccccc2)NC(=O)[C@@H](C)N(C)C1=O,7.0,458.6030000000002,1.2677000000000014,99.77000000000001,3,5,4,1,0.5903484267928217,O=C1CNCCOCC=CCNC(=O)C(Cc2ccccc2)NC(=O)CN1,False
CHEMBL3951593,CC[C@H](C)[C@@H]1NCCOCCCCCNC(=O)[C@@H](Cc2cccc(Cl)c2)NC(=O)C2(CCCC2)NC1=O,7.0,535.1290000000002,3.117300000000001,108.56,4,5,4,1,0.4744501343560457,O=C1CNCCOCCCCCNC(=O)C(Cc2ccccc2)NC(=O)C2(CCCC2)N1,False
CHEMBL3945984,CC[C@H](C)[C@@H]1NCCOCCOCCNC(=O)[C@H](Cc2cccc(Cl)c2)NC(=O)C2(CCCC2)NC1=O,7.0,537.1010000000002,1.9636000000000016,117.78999999999999,4,6,4,1,0.4671476464942852,O=C1CNCCOCCOCCNC(=O)C(Cc2ccccc2)NC(=O)C2(CCCC2)N1,False
CHEMBL3965516,CC[C@H](C)[C@@H]1NCCOc2cc(F)ccc2CCCNC(=O)[C@H](Cc2cccc(Cl)c2)NC(=O)C2(CCCC2)N(C)C1=O,7.0,615.1899999999998,4.423300000000004,99.77000000000001,3,5,4,2,0.4734963566551901,O=C1CNCCOc2ccccc2CCCNC(=O)C(Cc2ccccc2)NC(=O)C2(CCCC2)N1,False
CHEMBL3892517,CC[C@H](C)[C@@H]1NCCOc2ccc(C(=O)O)cc2CCCNC(=O)[C@@H](Cc2ccccc2)NC(=O)[C@@H](C)N(C)C1=O,7.0,566.6990000000003,2.404700000000001,137.07,4,6,5,2,0.43628770172694437,O=C1CNCCOc2ccccc2CCCNC(=O)C(Cc2ccccc2)NC(=O)CN1,False
CHEMBL3893850,CC[C@H](C)[C@@H]1NCCOc2ccc(Cl)cc2CCCNC(=O)[C@H](Cc2cccc(Cl)c2)NC(=O)C2(CCCC2)NC1=O,7.0,617.6179999999999,4.595400000000003,108.56,4,5,4,2,0.4015622354745539,O=C1CNCCOc2ccccc2CCCNC(=O)C(Cc2ccccc2)NC(=O)C2(CCCC2)N1,False
CHEMBL3896536,CC[C@H](C)[C@@H]1NCCOc2ccc(F)cc2CCCNC(=O)[C@H](Cc2cccc(Cl)c2)NC(=O)C2(CCCC2)NC1=O,8.0,601.1629999999999,4.081100000000003,108.56,4,5,4,2,0.4229696632708131,O=C1CNCCOc2ccccc2CCCNC(=O)C(Cc2ccccc2)NC(=O)C2(CCCC2)N1,False
CHEMBL3889678,CC[C@H](C)[C@@H]1NCCOc2ccccc2/C=C/CNC(=O)[C@H](Cc2cccc(Cl)c2)NC(=O)C2(CCCC2)NC1=O,8.0,581.1570000000002,4.022600000000002,108.56,4,5,4,2,0.43677099164714694,O=C1CNCCOc2ccccc2C=CCNC(=O)C(Cc2ccccc2)NC(=O)C2(CCCC2)N1,False
CHEMBL3913855,CC[C@H](C)[C@@H]1NCCOc2ccccc2/C=C\CNC(=O)[C@@H](Cc2ccccc2)NC(=O)[C@@H](C)N(C)C1=O,10.0,520.6740000000002,2.7871000000000015,99.77000000000001,3,5,4,2,0.5758944406355524,O=C1CNCCOc2ccccc2C=CCNC(=O)C(Cc2ccccc2)NC(=O)CN1,False
CHEMBL3905495,CC[C@H](C)[C@@H]1NCCOc2ccccc2/C=C\CNC(=O)[C@H](COCc2ccccc2)NC(=O)C(C)(C)NC1=O,7.0,550.7000000000003,2.809100000000001,117.78999999999999,4,6,6,2,0.4395398401868683,O=C1CNCCOc2ccccc2C=CCNC(=O)C(COCc2ccccc2)NC(=O)CN1,False
CHEMBL3942543,CC[C@H](C)[C@@H]1NCCOc2ccccc2/C=C\CNC(=O)[C@H](COCc2ccccc2)NC(=O)C2(CCCC2)NC1=O,7.0,576.7380000000002,3.343300000000001,117.78999999999999,4,6,6,2,0.4191940865168948,O=C1CNCCOc2ccccc2C=CCNC(=O)C(COCc2ccccc2)NC(=O)C2(CCCC2)N1,False
CHEMBL3950904,CC[C@H](C)[C@@H]1NCCOc2ccccc2/C=C\CNC(=O)[C@H](Cc2cc(F)cc(F)c2)NC(=O)C2(CCCC2)NC1=O,8.0,582.6920000000001,3.647400000000001,108.56,4,5,4,2,0.4404313459749094,O=C1CNCCOc2ccccc2C=CCNC(=O)C(Cc2ccccc2)NC(=O)C2(CCCC2)N1,False
CHEMBL3976941,CC[C@H](C)[C@@H]1NCCOc2ccccc2/C=C\CNC(=O)[C@H](Cc2ccc(C(=O)O)cc2)NC(=O)C2(CCCC2)N(C)C1=O,6.0,604.748,3.409600000000002,137.07000000000002,4,6,5,2,0.41065478721798876,O=C1CNCCOc2ccccc2C=CCNC(=O)C(Cc2ccccc2)NC(=O)C2(CCCC2)N1,False
CHEMBL3935670,CC[C@H](C)[C@@H]1NCCOc2ccccc2/C=C\CNC(=O)[C@H](Cc2ccc(Cl)c(Cl)c2)NC(=O)C2(CCCC2)NC1=O,10.0,615.602,4.676000000000003,108.56,4,5,4,2,0.39994921086306817,O=C1CNCCOc2ccccc2C=CCNC(=O)C(Cc2ccccc2)NC(=O)C2(CCCC2)N1,False
CHEMBL3973085,CC[C@H](C)[C@@H]1NCCOc2ccccc2/C=C\CNC(=O)[C@H](Cc2ccc(Cl)cc2)NC(=O)C2(CCOC2)NC1=O,8.0,583.1290000000002,2.868900000000001,117.79000000000002,4,6,4,2,0.44037187995917365,O=C1CNCCOc2ccccc2C=CCNC(=O)C(Cc2ccccc2)NC(=O)C2(CCOC2)N1,False
CHEMBL3984464,CC[C@H](C)[C@@H]1NCCOc2ccccc2/C=C\CNC(=O)[C@H](Cc2ccc(F)c(F)c2)NC(=O)C2(CCCC2)NC1=O,8.0,582.6920000000001,3.647400000000001,108.56,4,5,4,2,0.4404313459749094,O=C1CNCCOc2ccccc2C=CCNC(=O)C(Cc2ccccc2)NC(=O)C2(CCCC2)N1,False
CHEMBL3948268,CC[C@H](C)[C@@H]1NCCOc2ccccc2/C=C\CNC(=O)[C@H](Cc2cccc(Br)c2)NC(=O)C2(CCCC2)NC1=O,8.0,625.6079999999998,4.131700000000002,108.56,4,5,4,2,0.40902126503304254,O=C1CNCCOc2ccccc2C=CCNC(=O)C(Cc2ccccc2)NC(=O)C2(CCCC2)N1,False
CHEMBL3938452,CC[C@H](C)[C@@H]1NCCOc2ccccc2/C=C\CNC(=O)[C@H](Cc2cccc(C#N)c2)NC(=O)C2(CCCC2)NC1=O,8.0,571.7220000000002,3.2408800000000006,132.35,4,6,4,2,0.4455988059873907,O=C1CNCCOc2ccccc2C=CCNC(=O)C(Cc2ccccc2)NC(=O)C2(CCCC2)N1,False
CHEMBL3952596,CC[C@H](C)[C@@H]1NCCOc2ccccc2/C=C\CNC(=O)[C@H](Cc2cccc(C(F)(F)F)c2)NC(=O)C2(CCCC2)NC1=O,8.0,614.7089999999998,4.388000000000003,108.56,4,5,4,2,0.4089129218668654,O=C1CNCCOc2ccccc2C=CCNC(=O)C(Cc2ccccc2)NC(=O)C2(CCCC2)N1,False
CHEMBL3955632,CC[C@H](C)[C@@H]1NCCOc2ccccc2/C=C\CNC(=O)[C@H](Cc2cccc(Cl)c2)NC(=O)C2(CCCC2)NC1=O,7.0,581.1570000000002,4.022600000000002,108.56,4,5,4,2,0.43677099164714694,O=C1CNCCOc2ccccc2C=CCNC(=O)C(Cc2ccccc2)NC(=O)C2(CCCC2)N1,False
CHEMBL3890889,CC[C@H](C)[C@@H]1NCCOc2ccccc2/C=C\CNC(=O)[C@H](Cc2cccc(F)c2)NC(=O)C2(CCCC2)NC1=O,8.0,564.7020000000002,3.508300000000001,108.56,4,5,4,2,0.4547574679033867,O=C1CNCCOc2ccccc2C=CCNC(=O)C(Cc2ccccc2)NC(=O)C2(CCCC2)N1,False
CHEMBL3890602,CC[C@H](C)[C@@H]1NCCOc2ccccc2/C=C\CNC(=O)[C@H](Cc2cccc(OC)c2)NC(=O)C2(CCCC2)NC1=O,8.0,576.7380000000002,3.3778000000000015,117.78999999999999,4,6,5,2,0.4337231116212984,O=C1CNCCOc2ccccc2C=CCNC(=O)C(Cc2ccccc2)NC(=O)C2(CCCC2)N1,False
CHEMBL3948472,CC[C@H](C)[C@@H]1NCCOc2ccccc2/C=C\CNC(=O)[C@H](Cc2ccccc2)NC(=O)C2(CCCC2)NC1=O,8.0,546.7120000000003,3.369200000000001,108.56,4,5,4,2,0.4704239991806147,O=C1CNCCOc2ccccc2C=CCNC(=O)C(Cc2ccccc2)NC(=O)C2(CCCC2)N1,False
CHEMBL3891657,CC[C@H](C)[C@@H]1NCCOc2ccccc2/C=C\CNC(=O)[C@H](Cc2ccccc2)NC(=O)[C@@H](C)NC1=O,7.0,506.6470000000002,2.4449000000000005,108.56,4,5,4,2,0.5095491497128045,O=C1CNCCOc2ccccc2C=CCNC(=O)C(Cc2ccccc2)NC(=O)CN1,False
CHEMBL3908156,CC[C@H](C)[C@@H]1NCCOc2ccccc2/C=C\CNC(=O)[C@H](Cc2ccsc2)NC(=O)C2(CCCC2)NC1=O,7.0,552.7410000000003,3.4307000000000007,108.56,4,6,4,2,0.46493494259438545,O=C1CNCCOc2ccccc2C=CCNC(=O)C(Cc2ccsc2)NC(=O)C2(CCCC2)N1,False
CHEMBL3953033,CC[C@H](C)[C@@H]1NCCOc2ccccc2C#CCNC(=O)[C@H](Cc2cccc(Cl)c2)NC(=O)C2(CCCC2)NC1=O,8.0,579.1410000000001,3.360900000000001,108.56,4,5,4,2,0.41619518363100155,O=C1CNCCOc2ccccc2C#CCNC(=O)C(Cc2ccccc2)NC(=O)C2(CCCC2)N1,False
CHEMBL3977241,CC[C@H](C)[C@@H]1NCCOc2ccccc2C(C)(C)CCNC(=O)[C@H](Cc2cccc(Cl)c2)NC(=O)C2(CCCC2)NC1=O,7.0,611.227,4.677100000000003,108.56,4,5,4,2,0.4021631036190015,O=C1CNCCOc2ccccc2CCCNC(=O)C(Cc2ccccc2)NC(=O)C2(CCCC2)N1,False
CHEMBL3910288,CC[C@H](C)[C@@H]1NCCOc2ccccc2C(C)CCNC(=O)[C@H](Cc2cccc(Cl)c2)NC(=O)C2(CCCC2)NC1=O,7.0,597.2,4.503000000000003,108.56,4,5,4,2,0.41554003481077006,O=C1CNCCOc2ccccc2CCCNC(=O)C(Cc2ccccc2)NC(=O)C2(CCCC2)N1,False
CHEMBL3943294,CC[C@H](C)[C@@H]1NCCOc2ccccc2CC(C)CNC(=O)[C@H](Cc2cccc(Cl)c2)NC(=O)C2(CCCC2)NC1=O,8.0,597.2,4.188000000000002,108.56,4,5,4,2,0.4233280891498846,O=C1CNCCOc2ccccc2CCCNC(=O)C(Cc2ccccc2)NC(=O)C2(CCCC2)N1,False
CHEMBL3900122,CC[C@H](C)[C@@H]1NCCOc2ccccc2CCCNC(=O)[C@@H](C(C)C)NC(=O)[C@@H](C)N(C)C1=O,7.0,474.6460000000002,2.1198000000000015,99.77000000000001,3,5,3,1,0.6232520557777702,O=C1CNCCOc2ccccc2CCCNC(=O)CNC(=O)CN1,False
CHEMBL3897510,CC[C@H](C)[C@@H]1NCCOc2ccccc2CCCNC(=O)[C@@H](C(c2ccccc2)c2ccccc2)NC(=O)[C@@H](C)N(C)C1=O,8.0,598.788,4.295900000000003,99.77000000000001,3,5,5,3,0.4070163332411338,O=C1CNCCOc2ccccc2CCCNC(=O)C(C(c2ccccc2)c2ccccc2)NC(=O)CN1,False
CHEMBL1923616,CC[C@H](C)[C@@H]1NCCOc2ccccc2CCCNC(=O)[C@@H](CCc2ccccc2)NC(=O)[C@@H](C)N(C)C1=O,7.683265772210207,536.7170000000002,3.0966000000000014,99.77000000000001,3,5,5,2,0.545522652769531,O=C1CNCCOc2ccccc2CCCNC(=O)C(CCc2ccccc2)NC(=O)CN1,False
CHEMBL3900284,CC[C@H](C)[C@@H]1NCCOc2ccccc2CCCNC(=O)[C@@H](Cc2ccc(-c3ccccc3)cc2)NC(=O)[C@@H](C)N(C)C1=O,8.0,598.788,4.373500000000003,99.77000000000001,3,5,5,3,0.40518855748418725,O=C1CNCCOc2ccccc2CCCNC(=O)C(Cc2ccc(-c3ccccc3)cc2)NC(=O)CN1,False
CHEMBL1923617,CC[C@H](C)[C@@H]1NCCOc2ccccc2CCCNC(=O)[C@@H](Cc2ccc(Cl)cc2)NC(=O)[C@@H](C)N(C)C1=O,9.455931955649724,557.1350000000001,3.3599000000000014,99.77000000000001,3,5,4,2,0.5361526367612787,O=C1CNCCOc2ccccc2CCCNC(=O)C(Cc2ccccc2)NC(=O)CN1,False
CHEMBL3939993,CC[C@H](C)[C@@H]1NCCOc2ccccc2CCCNC(=O)[C@@H](Cc2ccc(F)cc2)NC(=O)C(COCc2ccccc2)N(C)C1=O,7.0,646.8040000000001,4.042500000000002,109.0,3,6,8,3,0.34116532648732467,O=C1CNCCOc2ccccc2CCCNC(=O)C(Cc2ccccc2)NC(=O)C(COCc2ccccc2)N1,False
CHEMBL3895776,CC[C@H](C)[C@@H]1NCCOc2ccccc2CCCNC(=O)[C@@H](Cc2ccc(F)cc2)NC(=O)[C@@H](C)N(C)C1=O,10.0,540.6800000000002,2.845600000000001,99.77000000000001,3,5,4,2,0.5540661804156797,O=C1CNCCOc2ccccc2CCCNC(=O)C(Cc2ccccc2)NC(=O)CN1,False
CHEMBL3909834,CC[C@H](C)[C@@H]1NCCOc2ccccc2CCCNC(=O)[C@@H](Cc2ccc(O)cc2)NC(=O)[C@@H](C)N(C)C1=O,8.0,538.6890000000002,2.4121000000000006,120.0,4,6,4,2,0.4747445694571444,O=C1CNCCOc2ccccc2CCCNC(=O)C(Cc2ccccc2)NC(=O)CN1,False
CHEMBL3893048,CC[C@H](C)[C@@H]1NCCOc2ccccc2CCCNC(=O)[C@@H](Cc2ccc(OC)cc2)NC(=O)[C@@H](C)N(C)C1=O,10.0,552.7160000000002,2.7151000000000023,109.0,3,6,5,2,0.5265352288387419,O=C1CNCCOc2ccccc2CCCNC(=O)C(Cc2ccccc2)NC(=O)CN1,False
CHEMBL3907497,CC[C@H](C)[C@@H]1NCCOc2ccccc2CCCNC(=O)[C@@H](Cc2ccc3ccccc3c2)NC(=O)[C@@H](C)N(C)C1=O,10.0,572.7500000000001,3.859700000000002,99.77000000000001,3,5,4,3,0.44111387540481856,O=C1CNCCOc2ccccc2CCCNC(=O)C(Cc2ccc3ccccc3c2)NC(=O)CN1,False
CHEMBL3952699,CC[C@H](C)[C@@H]1NCCOc2ccccc2CCCNC(=O)[C@@H](Cc2cccc(Cl)c2)NC(=O)C2(CCCC2)NC1=O,8.0,583.1730000000001,3.942000000000002,108.56,4,5,4,2,0.43664833225030375,O=C1CNCCOc2ccccc2CCCNC(=O)C(Cc2ccccc2)NC(=O)C2(CCCC2)N1,False
CHEMBL3959816,CC[C@H](C)[C@@H]1NCCOc2ccccc2CCCNC(=O)[C@@H](Cc2cccc(Cl)c2)NC(=O)[C@@H](C)N(C)C1=O,10.0,557.1350000000001,3.3599000000000014,99.77000000000001,3,5,4,2,0.5361526367612787,O=C1CNCCOc2ccccc2CCCNC(=O)C(Cc2ccccc2)NC(=O)CN1,False
CHEMBL3910300,CC[C@H](C)[C@@H]1NCCOc2ccccc2CCCNC(=O)[C@@H](Cc2cccc3ccccc23)NC(=O)[C@@H](C)N(C)C1=O,10.0,572.7500000000001,3.859700000000002,99.77000000000001,3,5,4,3,0.44111387540481856,O=C1CNCCOc2ccccc2CCCNC(=O)C(Cc2cccc3ccccc23)NC(=O)CN1,False
CHEMBL3923718,CC[C@H](C)[C@@H]1NCCOc2ccccc2CCCNC(=O)[C@@H](Cc2ccccc2)N2CC[C@@H](C1=O)C2=O,7.0,505.6590000000003,3.1610000000000014,87.74000000000001,2,5,4,2,0.6236462901849876,O=C1CNCCOc2ccccc2CCCNC(=O)C(Cc2ccccc2)N2CCC1C2=O,False
CHEMBL3912211,CC[C@H](C)[C@@H]1NCCOc2ccccc2CCCNC(=O)[C@@H](Cc2ccccc2)N2CC[C@@H](C2=O)N(C)C1=O,8.0,534.7010000000002,2.8027000000000006,90.97999999999999,2,5,4,2,0.6297452167157581,O=C1CNCCOc2ccccc2CCCNC(=O)C(Cc2ccccc2)N2CCC(N1)C2=O,False
CHEMBL3971356,CC[C@H](C)[C@@H]1NCCOc2ccccc2CCCNC(=O)[C@@H](Cc2ccccc2)N2CC[C@H](C2=O)N(C)C1=O,7.0,534.7010000000002,2.8027000000000006,90.97999999999999,2,5,4,2,0.6297452167157581,O=C1CNCCOc2ccccc2CCCNC(=O)C(Cc2ccccc2)N2CCC(N1)C2=O,False
CHEMBL3986906,CC[C@H](C)[C@@H]1NCCOc2ccccc2CCCNC(=O)[C@@H](Cc2ccccc2)NC(=O)[C@@H](C(C)C)N(C)C1=O,7.0,550.7440000000001,3.342600000000002,99.77000000000001,3,5,5,2,0.5304550070875994,O=C1CNCCOc2ccccc2CCCNC(=O)C(Cc2ccccc2)NC(=O)CN1,False
CHEMBL1923609,CC[C@H](C)[C@@H]1NCCOc2ccccc2CCCNC(=O)[C@@H](Cc2ccccc2)NC(=O)[C@@H](C)N(C)C1=O,8.221848749616356,522.6900000000002,2.706500000000001,99.77000000000001,3,5,4,2,0.5735543559871153,O=C1CNCCOc2ccccc2CCCNC(=O)C(Cc2ccccc2)NC(=O)CN1,False
CHEMBL3942528,CC[C@H](C)[C@@H]1NCCOc2ccccc2CCCNC(=O)[C@@H](Cc2ccccc2)NC(=O)[C@@H](C)N(CC)C1=O,8.0,536.7170000000002,3.0966000000000014,99.77000000000001,3,5,5,2,0.545522652769531,O=C1CNCCOc2ccccc2CCCNC(=O)C(Cc2ccccc2)NC(=O)CN1,False
CHEMBL3931856,CC[C@H](C)[C@@H]1NCCOc2ccccc2CCCNC(=O)[C@@H](Cc2ccccc2)NC(=O)[C@@H](C)NC1=O,6.752026733638193,508.6630000000002,2.3643,108.56,4,5,4,2,0.5072043849882436,O=C1CNCCOc2ccccc2CCCNC(=O)C(Cc2ccccc2)NC(=O)CN1,False
CHEMBL3967266,CC[C@H](C)[C@@H]1NCCOc2ccccc2CCCNC(=O)[C@@H](Cc2ccccc2)NC(=O)[C@@H](COC(C)(C)C)NC1=O,6.0,580.7700000000002,3.159500000000002,117.79000000000002,4,6,6,2,0.417165984266418,O=C1CNCCOc2ccccc2CCCNC(=O)C(Cc2ccccc2)NC(=O)CN1,False
CHEMBL3906788,CC[C@H](C)[C@@H]1NCCOc2ccccc2CCCNC(=O)[C@@H](Cc2ccccc2)NC(=O)[C@H](CC)N(C)C1=O,7.0,536.7170000000002,3.0966000000000014,99.77000000000001,3,5,5,2,0.545522652769531,O=C1CNCCOc2ccccc2CCCNC(=O)C(Cc2ccccc2)NC(=O)CN1,False
CHEMBL2203623,CC[C@H](C)[C@@H]1NCCOc2ccccc2CCCNC(=O)[C@@H](Cc2ccccc2)NC(=O)[C@H](CO)N(C)C1=O,7.0,538.6890000000002,1.678900000000001,120.0,4,6,5,2,0.4599816597477015,O=C1CNCCOc2ccccc2CCCNC(=O)C(Cc2ccccc2)NC(=O)CN1,False
CHEMBL3944936,CC[C@H](C)[C@@H]1NCCOc2ccccc2CCCNC(=O)[C@@H](Cc2ccccc2)NC(=O)[C@H]([C@@H](C)CC)N(C)C1=O,7.0,564.7710000000002,3.732700000000002,99.77000000000001,3,5,6,2,0.4966744968163103,O=C1CNCCOc2ccccc2CCCNC(=O)C(Cc2ccccc2)NC(=O)CN1,False
CHEMBL3898794,CC[C@H](C)[C@@H]1NCCOc2ccccc2CCCNC(=O)[C@@H](Cc2ccccc2Cl)NC(=O)[C@@H](C)N(C)C1=O,10.0,557.1350000000001,3.3599000000000014,99.77000000000001,3,5,4,2,0.5361526367612787,O=C1CNCCOc2ccccc2CCCNC(=O)C(Cc2ccccc2)NC(=O)CN1,False
CHEMBL3912375,CC[C@H](C)[C@@H]1NCCOc2ccccc2CCCNC(=O)[C@@H](Cc2ccccn2)NC(=O)[C@@H](C)N(C)C1=O,8.0,523.6780000000002,2.1015000000000015,112.66,3,6,4,2,0.5659524392448627,O=C1CNCCOc2ccccc2CCCNC(=O)C(Cc2ccccn2)NC(=O)CN1,False
CHEMBL3924192,CC[C@H](C)[C@@H]1NCCOc2ccccc2CCCNC(=O)[C@@H](Cc2cccnc2)NC(=O)[C@@H](C)N(C)C1=O,8.0,523.6780000000002,2.1015000000000015,112.66,3,6,4,2,0.5659524392448627,O=C1CNCCOc2ccccc2CCCNC(=O)C(Cc2cccnc2)NC(=O)CN1,False
CHEMBL3974701,CC[C@H](C)[C@@H]1NCCOc2ccccc2CCCNC(=O)[C@@H](Cc2cccs2)NC(=O)[C@@H](C)N(C)C1=O,8.0,528.7190000000002,2.7680000000000007,99.77000000000001,3,6,4,2,0.5668693984892795,O=C1CNCCOc2ccccc2CCCNC(=O)C(Cc2cccs2)NC(=O)CN1,False
CHEMBL3986628,CC[C@H](C)[C@@H]1NCCOc2ccccc2CCCNC(=O)[C@@H](Cc2ccncc2)NC(=O)[C@@H](C)N(C)C1=O,8.0,523.6780000000002,2.1015000000000006,112.66,3,6,4,2,0.5659524392448627,O=C1CNCCOc2ccccc2CCCNC(=O)C(Cc2ccncc2)NC(=O)CN1,False
CHEMBL3912034,CC[C@H](C)[C@@H]1NCCOc2ccccc2CCCNC(=O)[C@@H](Cc2cscn2)NC(=O)[C@@H](C)N(C)C1=O,7.0,529.7070000000002,2.163000000000001,112.66,3,7,4,2,0.5597041202598322,O=C1CNCCOc2ccccc2CCCNC(=O)C(Cc2cscn2)NC(=O)CN1,False
CHEMBL3914467,CC[C@H](C)[C@@H]1NCCOc2ccccc2CCCNC(=O)[C@@H]([C@@H](C)CC)NC(=O)[C@@H](C)N(C)C1=O,7.0,488.67300000000023,2.509900000000002,99.77000000000001,3,5,4,1,0.6048425234492685,O=C1CNCCOc2ccccc2CCCNC(=O)CNC(=O)CN1,False
CHEMBL3938683,CC[C@H](C)[C@@H]1NCCOc2ccccc2CCCNC(=O)[C@H](Cc2cccc(Cl)c2)NC(=O)C2(CCNC2)NC1=O,8.0,584.1610000000002,2.361300000000001,120.59,5,6,4,2,0.3768870300204541,O=C1CNCCOc2ccccc2CCCNC(=O)C(Cc2ccccc2)NC(=O)C2(CCNC2)N1,False
CHEMBL3898864,CC[C@H](C)[C@@H]1NCCOc2ccccc2CCCNC(=O)[C@H](Cc2ccccc2)NC(=O)[C@H](C(C)C)N(C)C1=O,7.0,550.7440000000001,3.342600000000002,99.77000000000001,3,5,5,2,0.5304550070875994,O=C1CNCCOc2ccccc2CCCNC(=O)C(Cc2ccccc2)NC(=O)CN1,False
CHEMBL1923634,CC[C@H](C)[C@@H]1NCCOc2ccccc2CCNC(=O)[C@@H](Cc2ccccc2)NC(=O)[C@@H](C)N(C)C1=O,6.83889035263304,508.6630000000003,2.3164000000000007,99.77000000000001,3,5,4,2,0.5887721184193223,O=C1CNCCOc2ccccc2CCNC(=O)C(Cc2ccccc2)NC(=O)CN1,False
CHEMBL3907480,CC[C@H](C)[C@@H]1NCCOc2cccnc2CCCNC(=O)[C@H](Cc2cccc(Cl)c2)NC(=O)C2(CCCC2)NC1=O,7.0,584.1610000000001,3.3370000000000006,121.44999999999999,4,6,4,2,0.4380267556738611,O=C1CNCCOc2cccnc2CCCNC(=O)C(Cc2ccccc2)NC(=O)C2(CCCC2)N1,False
CHEMBL3936664,CC[C@H](C)[C@@H]1NCCOc2ncccc2CCCNC(=O)[C@H](Cc2cccc(Cl)c2)NC(=O)C2(CCCC2)NC1=O,6.0,584.1610000000001,3.3370000000000006,121.44999999999999,4,6,4,2,0.4380267556738611,O=C1CNCCOc2ncccc2CCCNC(=O)C(Cc2ccccc2)NC(=O)C2(CCCC2)N1,False
CHEMBL3930811,CC[C@H](C)[C@@H]1NCCc2ccccc2/C=C\CNC(=O)[C@@H](Cc2ccccc2)NC(=O)[C@@H](C)N(C)C1=O,7.0,504.6750000000003,2.950800000000001,90.53999999999999,3,4,4,2,0.5972903114800916,O=C1CNCCc2ccccc2C=CCNC(=O)C(Cc2ccccc2)NC(=O)CN1,False
CHEMBL3970414,CC[C@H](C)[C@@H]1NCCc2ccccc2CCCCNC(=O)[C@@H](Cc2ccccc2)NC(=O)[C@@H](C)N(C)C1=O,7.0,520.7180000000002,3.2603000000000018,90.53999999999999,3,4,4,2,0.5773466810564316,O=C1CNCCc2ccccc2CCCCNC(=O)C(Cc2ccccc2)NC(=O)CN1,False
CHEMBL3942642,CC[C@H](C)[C@@H]1NCCc2ccccc2CCCNC(=O)[C@@H](Cc2ccccc2)NC(=O)[C@@H](C)N(C)C1=O,7.0,506.69100000000026,2.8702000000000014,90.53999999999999,3,4,4,2,0.5949242967943642,O=C1CNCCc2ccccc2CCCNC(=O)C(Cc2ccccc2)NC(=O)CN1,False
CHEMBL1923620,CC[C@H](C)[C@@H]1NC[C@@H](C)Oc2ccccc2CCCNC(=O)[C@@H](Cc2ccc(F)cc2)NC(=O)[C@@H](C)N(C)C1=O,7.494850021680094,554.7070000000002,3.2341000000000006,99.77000000000001,3,5,4,2,0.5391327161220563,O=C1CNCCOc2ccccc2CCCNC(=O)C(Cc2ccccc2)NC(=O)CN1,False
CHEMBL1923615,CC[C@H](C)[C@@H]1NC[C@@H](C)Oc2ccccc2CCCNC(=O)[C@@H](Cc2ccccc2)NC(=O)[C@@H](C(C)C)NC1=O,6.42021640338319,550.7440000000003,3.3889000000000022,108.56,4,5,5,2,0.45655875679221225,O=C1CNCCOc2ccccc2CCCNC(=O)C(Cc2ccccc2)NC(=O)CN1,False
CHEMBL3907891,CC[C@H](C)[C@@H]1NC[C@@H](C)Oc2ccccc2CCCNC(=O)[C@H](Cc2cccc(Cl)c2)NC(=O)C2(CCCC2)NC1=O,10.0,597.2,4.3305000000000025,108.56,4,5,4,2,0.4201586925252394,O=C1CNCCOc2ccccc2CCCNC(=O)C(Cc2ccccc2)NC(=O)C2(CCCC2)N1,False
CHEMBL3924187,CC[C@H](C)[C@@H]1NC[C@H](C)Oc2ccccc2/C=C\CNC(=O)[C@H](Cc2cccc(Cl)c2)NC(=O)C2(CCOC2)NC1=O,6.0,597.1560000000002,3.2574000000000005,117.79000000000002,4,6,4,2,0.4304354672483927,O=C1CNCCOc2ccccc2C=CCNC(=O)C(Cc2ccccc2)NC(=O)C2(CCOC2)N1,False
CHEMBL3921499,CC[C@H](C)[C@@H]1NC[C@H](C)Oc2ccccc2CCCNC(=O)[C@@H](Cc2ccccc2)NC(=O)[C@@H](C)N(C)C1=O,8.0,536.7170000000002,3.0950000000000015,99.77000000000001,3,5,4,2,0.5578403005040405,O=C1CNCCOc2ccccc2CCCNC(=O)C(Cc2ccccc2)NC(=O)CN1,False
CHEMBL3914259,CC[C@H](C)[C@@H]1NC[C@H](C)Oc2ccccc2CCCNC(=O)[C@H](Cc2cccc(Cl)c2)NC(=O)C2(CCCC2)NC1=O,10.0,597.2,4.3305000000000025,108.56,4,5,4,2,0.4201586925252394,O=C1CNCCOc2ccccc2CCCNC(=O)C(Cc2ccccc2)NC(=O)C2(CCCC2)N1,False
CHEMBL3937200,CC[C@H](C)[C@@H]1NCc2ccccc2C/C=C\CCNC(=O)[C@@H](Cc2ccccc2)NC(=O)[C@@H](C)N(C)C1=O,8.0,518.7020000000002,3.3839000000000015,90.53999999999999,3,4,4,2,0.5415528364133491,O=C1CNCc2ccccc2CC=CCCNC(=O)C(Cc2ccccc2)NC(=O)CN1,False
CHEMBL3963078,CC[C@H](C)[C@@H]1NCc2ccccc2C/C=C\CNC(=O)[C@@H](Cc2ccccc2)NC(=O)[C@@H](C)N(C)C1=O,7.0,504.6750000000003,2.993800000000001,90.53999999999999,3,4,4,2,0.5586744137219177,O=C1CNCc2ccccc2CC=CCNC(=O)C(Cc2ccccc2)NC(=O)CN1,False
CHEMBL3958451,CC[C@H](C)[C@@H]1NCc2ccccc2CCCCCNC(=O)[C@@H](Cc2ccccc2)NC(=O)[C@@H](C)N(C)C1=O,8.0,520.7180000000002,3.6079000000000017,90.53999999999999,3,4,4,2,0.5746160417365513,O=C1CNCc2ccccc2CCCCCNC(=O)C(Cc2ccccc2)NC(=O)CN1,False
CHEMBL3940860,CC[C@H](C)[C@@H]1NCc2ccccc2CCCCCNC(=O)[C@H](Cc2cccc(Cl)c2)NC(=O)C2(CCCC2)NC1=O,7.0,581.201,4.8434000000000035,99.32999999999998,4,4,4,2,0.41562807602758056,O=C1CNCc2ccccc2CCCCCNC(=O)C(Cc2ccccc2)NC(=O)C2(CCCC2)N1,False
CHEMBL3970180,CC[C@H](C)[C@@H]1NCc2ccccc2CCCCNC(=O)[C@@H](Cc2ccccc2)NC(=O)[C@@H](C)N(C)C1=O,7.0,506.69100000000026,3.2178000000000004,90.53999999999999,3,4,4,2,0.594048878958098,O=C1CNCc2ccccc2CCCCNC(=O)C(Cc2ccccc2)NC(=O)CN1,False
CHEMBL3959108,CC[C@H](C)[C@]1(C)NCCOc2ccccc2CCCNC(=O)[C@@H](CC(C)C)NC(=O)[C@@H](C)N(C)C1=O,8.0,502.7000000000003,2.900000000000003,99.77000000000001,3,5,4,1,0.5880092315765961,O=C1CNCCOc2ccccc2CCCNC(=O)CNC(=O)CN1,False
CHEMBL4293331,CC[C@H](NC(=O)N(C)C1CCN(C2CCc3cc(-c4cc(C)ncn4)ccc32)CC1)c1ccc(C#CC2CC2)c(Cl)c1Cl,6.71669877129645,616.6370000000002,7.7647200000000085,61.36000000000001,1,4,6,3,0.28776690376478453,O=C(NCc1ccc(C#CC2CC2)cc1)NC1CCN(C2CCc3cc(-c4ccncn4)ccc32)CC1,False
CHEMBL1923614,CC[C@H]1NC(=O)[C@H]([C@@H](C)CC)NC[C@@H](C)Oc2ccccc2CCCNC(=O)[C@@H](Cc2ccccc2)NC1=O,7.455931955649724,536.7170000000002,3.142900000000001,108.56,4,5,5,2,0.46965475408465146,O=C1CNCCOc2ccccc2CCCNC(=O)C(Cc2ccccc2)NC(=O)CN1,False
CHEMBL181736,CCc1cc(N(CC)CC)ccc1NC(=O)c1c(-c2c(Cl)cccc2Cl)noc1C,6.909507209606635,446.3780000000002,6.617720000000005,58.370000000000005,1,4,7,3,0.44332378148224133,O=C(Nc1ccccc1)c1conc1-c1ccccc1,False
CHEMBL2113327,CCc1ccc(-n2c(CCc3c[nH]c4ccccc34)nnc2[C@@H](Cc2c[nH]c3ccccc23)NC(=O)C2CCNCC2)cc1,7.017728766960431,585.7560000000001,5.9771000000000045,103.41999999999999,4,4,10,6,0.15889406978811918,O=C(NC(Cc1c[nH]c2ccccc12)c1nnc(CCc2c[nH]c3ccccc23)n1-c1ccccc1)C1CCNCC1,True
CHEMBL2113320,CCc1ccc(-n2c(CCc3c[nH]c4ccccc34)nnc2[C@@H](Cc2c[nH]c3ccccc23)NC(=O)[C@@H]2CCCN2)cc1,6.455931955649724,571.7290000000002,5.729500000000004,103.41999999999999,4,4,10,6,0.1686384273772802,O=C(NC(Cc1c[nH]c2ccccc12)c1nnc(CCc2c[nH]c3ccccc23)n1-c1ccccc1)C1CCCN1,True
CHEMBL266961,CCc1ccc(-n2c(CCc3c[nH]c4ccccc34)nnc2[C@H](NC(=O)Cc2ccccn2)c2c[nH]c3ccccc23)cc1,7.017728766960431,579.7080000000002,6.420800000000005,104.28,3,4,10,7,0.17392395385737705,O=C(Cc1ccccn1)NC(c1c[nH]c2ccccc12)c1nnc(CCc2c[nH]c3ccccc23)n1-c1ccccc1,True
CHEMBL250807,CCc1ccc(-n2c(CCc3c[nH]c4ccccc34)nnc2[C@H](NC(=O)c2ccccn2)c2c[nH]c3ccccc23)cc1,7.309803919971486,565.6810000000002,6.491900000000005,104.28,3,4,9,7,0.18604965550454644,O=C(NC(c1c[nH]c2ccccc12)c1nnc(CCc2c[nH]c3ccccc23)n1-c1ccccc1)c1ccccn1,True
CHEMBL2426688,CCc1ccc(CC(=O)N2CCC3(CC2)CN([C@@H]2CCc4cc(-c5ncccn5)ccc42)C3)nc1,7.809948582240794,467.6170000000002,4.255400000000003,62.220000000000006,0,5,5,3,0.5612721381324624,O=C(Cc1ccccn1)N1CCC2(CC1)CN(C1CCc3cc(-c4ncccn4)ccc31)C2,False
CHEMBL2426666,CCc1ccc(CC(=O)N2CCC3(CC2)CN([C@@H]2CCc4cc(-n5nccn5)ccc42)C3)nc1,7.789949150124863,456.59400000000016,3.379100000000002,67.15,0,5,5,3,0.5888974013971067,O=C(Cc1ccccn1)N1CCC2(CC1)CN(C1CCc3cc(-n4nccn4)ccc31)C2,False
CHEMBL239464,CCc1ccc(CN2C([C@@H](Cc3c[nH]c4ccccc34)NC(=O)C3CNCCN3)=NNC2CCc2ccccc2)cc1,6.7495799976911055,563.7500000000003,3.696800000000003,96.58,5,6,11,4,0.19187435896533253,O=C(NC(Cc1c[nH]c2ccccc12)C1=NNC(CCc2ccccc2)N1Cc1ccccc1)C1CNCCN1,True
CHEMBL392902,CCc1ccc(CN2C([C@@H](Cc3c[nH]c4ccccc34)NC(=O)[C@@H](C)N)=NNC2CCc2ccccc2)cc1,6.560667306169737,522.6970000000003,4.482600000000002,98.54,4,5,11,4,0.2334136391440627,c1ccc(CCC2NN=C(CCc3c[nH]c4ccccc34)N2Cc2ccccc2)cc1,True
CHEMBL396682,CCc1ccc(CN2C([C@@H](Cc3c[nH]c4ccccc34)NC(=O)[C@@H]3CCCN3)=NNC2CCc2ccccc2)cc1,6.309803919971486,548.7350000000004,4.887400000000003,84.55000000000001,4,5,11,4,0.21515972716230525,O=C(NC(Cc1c[nH]c2ccccc12)C1=NNC(CCc2ccccc2)N1Cc1ccccc1)C1CCCN1,True
CHEMBL239007,CCc1ccc(CN2C([C@@H](Cc3c[nH]c4ccccc34)NC(=O)[C@H]3CCCCN3)=NNC2CCc2ccccc2)cc1,6.425968732272281,562.7620000000004,5.277500000000004,84.55000000000001,4,5,11,4,0.20053795730009685,O=C(NC(Cc1c[nH]c2ccccc12)C1=NNC(CCc2ccccc2)N1Cc1ccccc1)C1CCCCN1,True
CHEMBL3319217,CCc1ccc(Cl)c(C(=O)NC(=O)Nc2nc3ccc(S(=O)(=O)CCCN4CCN(C)CC4)cc3s2)c1,10.10790539730952,564.1330000000004,3.885200000000003,111.70999999999998,2,8,8,3,0.4275135034330756,O=C(NC(=O)c1ccccc1)Nc1nc2ccc(S(=O)(=O)CCCN3CCNCC3)cc2s1,False
CHEMBL374992,CCc1ccc(Cn2c(CCc3ccccc3)nnc2[C@@H](Cc2c[nH]c3ccccc23)NC(=O)C(C)(C)N)cc1,7.356547323513812,534.7080000000003,5.292600000000003,101.61999999999999,3,4,11,5,0.21422310812511122,c1ccc(CCc2nnc(CCc3c[nH]c4ccccc34)n2Cc2ccccc2)cc1,True
CHEMBL2113328,CCc1ccc(Cn2c(CCc3ccccc3)nnc2[C@@H](Cc2c[nH]c3ccccc23)NC(=O)C2CCNCC2)cc1,7.721246399047171,560.7460000000002,5.554900000000004,87.63,3,4,11,5,0.19757149207028296,O=C(NC(Cc1c[nH]c2ccccc12)c1nnc(CCc2ccccc2)n1Cc1ccccc1)C1CCNCC1,True
CHEMBL240179,CCc1ccc(Cn2c(CCc3ccccc3)nnc2[C@@H](Cc2c[nH]c3ccccc23)NC(=O)CN)cc1,6.11975822410452,506.6540000000003,4.514000000000002,101.61999999999999,3,4,11,5,0.24524231979395528,c1ccc(CCc2nnc(CCc3c[nH]c4ccccc34)n2Cc2ccccc2)cc1,True
CHEMBL414132,CCc1ccc(Cn2c(CCc3ccccc3)nnc2[C@@H](Cc2c[nH]c3ccccc23)NC(=O)[C@H]2CCCNC2)cc1,6.886056647693163,560.7460000000003,5.554900000000004,87.63,3,4,11,5,0.19757149207028296,O=C(NC(Cc1c[nH]c2ccccc12)c1nnc(CCc2ccccc2)n1Cc1ccccc1)C1CCCNC1,True
CHEMBL401468,CCc1ccc(Cn2c(CCc3ccccc3)nnc2[C@H](NC(=O)Cc2ccccn2)c2c[nH]c3ccccc23)cc1,7.292429823902063,554.6980000000002,5.998600000000006,88.49000000000001,2,4,11,6,0.20567896905470812,O=C(Cc1ccccn1)NC(c1c[nH]c2ccccc12)c1nnc(CCc2ccccc2)n1Cc1ccccc1,True
CHEMBL441567,CCc1ccc(Cn2c(CCc3ccccc3)nnc2[C@H](NC(=O)Cc2cccnc2)c2c[nH]c3ccccc23)cc1,6.318758762624412,554.6980000000002,5.998600000000006,88.49000000000001,2,4,11,6,0.20567896905470812,O=C(Cc1cccnc1)NC(c1c[nH]c2ccccc12)c1nnc(CCc2ccccc2)n1Cc1ccccc1,True
CHEMBL251640,CCc1ccc(Cn2c(CCc3ccccc3)nnc2[C@H](NC(=O)c2ccccn2)c2c[nH]c3ccccc23)cc1,7.173925197299173,540.6710000000002,6.069700000000005,88.49000000000001,2,4,10,6,0.22077283308430326,O=C(NC(c1c[nH]c2ccccc12)c1nnc(CCc2ccccc2)n1Cc1ccccc1)c1ccccn1,True
CHEMBL415135,CCc1ccc(Cn2c(CCc3ccccc3)nnc2[C@H](NC(=O)c2cnccn2)c2c[nH]c3ccccc23)cc1,7.050609993355087,541.6590000000002,5.464700000000005,101.38,2,5,10,6,0.23969980361765728,O=C(NC(c1c[nH]c2ccccc12)c1nnc(CCc2ccccc2)n1Cc1ccccc1)c1cnccn1,True
CHEMBL1078899,CCc1ccc(NC(=O)Nc2ccc(S(=O)(=O)Nc3ccc(CC(C)(C)N)cc3)cc2)cc1,7.853871964321762,466.6070000000002,4.973600000000004,113.32000000000001,4,4,8,3,0.37510356121275484,O=C(Nc1ccccc1)Nc1ccc(S(=O)(=O)Nc2ccccc2)cc1,False
CHEMBL2426685,CCc1cnc(-c2ccc3c(c2)CC[C@H]3N2CC3(CCN(C(=O)Cc4ccc(OC)cn4)CC3)C2)nc1,8.040005161671584,497.6430000000003,4.264000000000004,71.45,0,6,6,3,0.5067607895419853,O=C(Cc1ccccn1)N1CCC2(CC1)CN(C1CCc3cc(-c4ncccn4)ccc31)C2,False
CHEMBL381159,CCc1nc(N)nc(N(C)C)c1-c1ccc(NCc2ccc(S(C)(=O)=O)cc2)cc1,6.414540735480357,425.55800000000016,3.3698000000000023,101.20999999999998,2,7,7,3,0.5983258085065598,c1ccc(CNc2ccc(-c3cncnc3)cc2)cc1,False
CHEMBL383058,CCc1nc(N)nc(N(CC)CC)c1-c1ccc(NCc2ccc(S(C)(=O)=O)cc2)cc1,6.383501944803923,453.61200000000014,4.150000000000003,101.20999999999998,2,7,9,3,0.5017530460870756,c1ccc(CNc2ccc(-c3cncnc3)cc2)cc1,False
CHEMBL206091,CCc1nc(N)nc(N)c1-c1ccc(CNc2ccc(Cl)cc2)cc1,6.012284095745368,353.8570000000001,4.135900000000002,89.85,3,5,5,3,0.64107547445525,c1ccc(NCc2ccc(-c3cncnc3)cc2)cc1,False
CHEMBL203373,CCc1nc(N)nc(N)c1-c1ccc(CNc2ccc(S(C)(=O)=O)cc2)cc1,7.46479633912994,397.50400000000013,2.886000000000002,123.98999999999998,3,7,6,3,0.5839840911894737,c1ccc(NCc2ccc(-c3cncnc3)cc2)cc1,False
CHEMBL205136,CCc1nc(N)nc(N)c1-c1ccc(CNc2ccc([N+](=O)[O-])cc2)cc1,7.378729285850808,364.4090000000001,3.3907000000000016,132.99,3,7,6,3,0.45072848146647027,c1ccc(NCc2ccc(-c3cncnc3)cc2)cc1,False
CHEMBL206446,CCc1nc(N)nc(N)c1-c1ccc(N(C)Cc2ccc(S(C)(=O)=O)cc2)cc1,7.963324148806549,411.5310000000001,2.910300000000001,115.19999999999999,2,7,6,3,0.640585721383686,c1ccc(CNc2ccc(-c3cncnc3)cc2)cc1,False
CHEMBL205286,CCc1nc(N)nc(N)c1-c1ccc(NCc2cc(F)c(S(=O)(=O)C(F)(F)F)c(F)c2)cc1,6.919465807264412,487.4540000000001,4.054200000000002,123.98999999999998,3,7,6,3,0.44822133689013816,c1ccc(CNc2ccc(-c3cncnc3)cc2)cc1,False
CHEMBL206486,CCc1nc(N)nc(N)c1-c1ccc(NCc2cc(F)c(S(C)(=O)=O)c(F)c2)cc1,7.983288122256525,433.48400000000015,3.164200000000002,123.98999999999998,3,7,6,3,0.5453497143611785,c1ccc(CNc2ccc(-c3cncnc3)cc2)cc1,False
CHEMBL203843,CCc1nc(N)nc(N)c1-c1ccc(NCc2ccc(C#N)cc2)cc1,6.451892707326797,344.4220000000001,3.354180000000002,113.63999999999999,3,6,5,3,0.6538108988835086,c1ccc(CNc2ccc(-c3cncnc3)cc2)cc1,False
CHEMBL204564,CCc1nc(N)nc(N)c1-c1ccc(NCc2ccc(C(C)=O)cc2)cc1,7.101366229584642,361.4490000000001,3.685100000000002,106.91999999999999,3,6,6,3,0.5781616674323288,c1ccc(CNc2ccc(-c3cncnc3)cc2)cc1,False
CHEMBL204511,CCc1nc(N)nc(N)c1-c1ccc(NCc2ccc(C(C)O)cc2)cc1,7.422331981267469,363.4650000000001,3.535800000000002,110.08,4,6,6,3,0.5331384026713337,c1ccc(CNc2ccc(-c3cncnc3)cc2)cc1,False
CHEMBL381942,CCc1nc(N)nc(N)c1-c1ccc(NCc2ccc(Cl)cc2)cc1,6.184379609882245,353.8570000000001,4.135900000000002,89.85,3,5,5,3,0.64107547445525,c1ccc(CNc2ccc(-c3cncnc3)cc2)cc1,False
CHEMBL206589,CCc1nc(N)nc(N)c1-c1ccc(NCc2ccc(S(C)(=O)=O)cc2)c(Br)c1,7.810437926964804,476.40000000000015,3.648500000000002,123.98999999999998,3,7,6,3,0.4961922072199947,c1ccc(CNc2ccc(-c3cncnc3)cc2)cc1,False
CHEMBL206588,CCc1nc(N)nc(N)c1-c1ccc(NCc2ccc(S(C)(=O)=O)cc2)c(Cl)c1,8.167679012221937,431.9490000000002,3.5394000000000023,123.98999999999998,3,7,6,3,0.5446915239463613,c1ccc(CNc2ccc(-c3cncnc3)cc2)cc1,False
CHEMBL203280,CCc1nc(N)nc(N)c1-c1ccc(NCc2ccc(S(C)(=O)=O)cc2)cc1,7.967023509843065,397.50400000000013,2.886000000000002,123.98999999999998,3,7,6,3,0.5839840911894737,c1ccc(CNc2ccc(-c3cncnc3)cc2)cc1,False
CHEMBL206399,CCc1nc(N)nc(N)c1-c1ccc(NCc2ccc([N+](=O)[O-])cc2)cc1,7.798439739412091,364.4090000000001,3.3907000000000016,132.99,3,7,6,3,0.45072848146647027,c1ccc(CNc2ccc(-c3cncnc3)cc2)cc1,False
CHEMBL204352,CCc1nc(N)nc(N)c1-c1ccc(NCc2ccnc(Cl)c2)cc1,6.808092317009784,354.845,3.5309000000000017,102.74,3,6,5,3,0.6054934386025248,c1cc(CNc2ccc(-c3cncnc3)cc2)ccn1,False
CHEMBL205486,CCc1nc(N)nc(N)c1-c1ccc(NCc2csc(Cl)c2)cc1,6.319987455405301,359.8860000000001,4.197400000000002,89.85,3,6,5,3,0.6348374246651465,c1ncc(-c2ccc(NCc3ccsc3)cc2)cn1,False
CHEMBL209394,CCc1nc(N)nc(N)c1-c1ccc2c(c1)nc(-c1ccccc1)n2Cc1ccc(S(C)(=O)=O)cc1,7.199840335124169,498.61200000000025,4.338900000000003,129.77999999999997,2,7,6,5,0.35610062108414886,c1ccc(Cn2c(-c3ccccc3)nc3cc(-c4cncnc4)ccc32)cc1,False
CHEMBL209443,CCc1nc(N)nc(N)c1-c1ccc2c(c1)nc(C1CCCC1)n2Cc1ccc(S(C)(=O)=O)cc1,7.529741757533716,490.6330000000004,4.329500000000004,129.77999999999997,2,7,6,4,0.41130209711909943,c1ccc(Cn2c(C3CCCC3)nc3cc(-c4cncnc4)ccc32)cc1,False
CHEMBL378909,CCc1nc(N)nc(N)c1-c1ccc2c(c1)ncn2Cc1ccc(S(C)(=O)=O)cc1,8.178273661756906,422.51400000000024,2.671900000000001,129.77999999999997,2,7,5,4,0.5055169150166092,c1ccc(Cn2cnc3cc(-c4cncnc4)ccc32)cc1,False
CHEMBL203581,CCc1nc(N)nc(N2CCOCC2)c1-c1ccc(NCc2ccc(S(C)(=O)=O)cc2)cc1,5.488116639021126,467.59500000000014,3.1404000000000014,110.44,2,8,7,3,0.5452850356337106,c1ccc(CNc2ccc(-c3cncnc3N3CCOCC3)cc2)cc1,False
CHEMBL204835,CCc1nc(N)nc(NC)c1-c1ccc(NCc2ccc(S(C)(=O)=O)cc2)cc1,7.296474592597875,411.5310000000001,3.345500000000002,110.0,3,7,7,3,0.546742552020227,c1ccc(CNc2ccc(-c3cncnc3)cc2)cc1,False
CHEMBL407647,CCc1nc(N)nc(NC2CC2)c1-c1ccc(NCc2ccc(S(C)(=O)=O)cc2)cc1,6.221125527997261,437.5690000000002,3.8781000000000025,110.0,3,7,8,3,0.4904386937731264,c1ccc(CNc2ccc(-c3cncnc3NC3CC3)cc2)cc1,False
CHEMBL204880,CCc1nc(N)nc(NCC(C)C)c1-c1ccc(NCc2ccc(S(C)(=O)=O)cc2)cc1,6.153347621382038,453.6120000000002,4.371700000000003,110.0,3,7,9,3,0.4411006747457388,c1ccc(CNc2ccc(-c3cncnc3)cc2)cc1,False
CHEMBL204884,CCc1nc(N)nc(NCCO)c1-c1ccc(NCc2ccc(S(C)(=O)=O)cc2)cc1,5.981223010736883,441.5570000000002,2.708000000000001,130.23,4,8,9,3,0.3987150685542626,c1ccc(CNc2ccc(-c3cncnc3)cc2)cc1,False
CHEMBL206673,CCc1nc(N)nc(NCc2ccccc2)c1-c1ccc(NCc2ccc(S(C)(=O)=O)cc2)cc1,6.528272528573998,487.62900000000025,4.915900000000004,110.0,3,7,9,4,0.3074352330279359,c1ccc(CNc2ccc(-c3cncnc3NCc3ccccc3)cc2)cc1,False
CHEMBL206672,CCc1nc(N)nc(Nc2ccccc2)c1-c1ccc(NCc2ccc(S(C)(=O)=O)cc2)cc1,6.154901959985743,473.60200000000026,5.047400000000003,110.0,3,7,8,4,0.3284801393500083,c1ccc(CNc2ccc(-c3cncnc3Nc3ccccc3)cc2)cc1,False
CHEMBL363896,CCc1onc(-c2c(Cl)cccc2Cl)c1C(=O)Nc1ccc(N(CC)CC)cc1,6.664445991097321,432.3510000000002,6.309300000000006,58.370000000000005,1,4,7,3,0.47546625876415,O=C(Nc1ccccc1)c1conc1-c1ccccc1,False
CHEMBL3586025,CCn1cc(-c2cnc(NCc3ccc4c(c3)OCO4)c(C(=O)NC[C@@H]3COc4ccccc4O3)c2)cn1,6.7447274948966935,513.5540000000002,3.875600000000002,108.76,2,8,8,4,0.36556463021307833,O=C(NCC1COc2ccccc2O1)c1cc(-c2cn[nH]c2)cnc1NCc1ccc2c(c1)OCO2,False
CHEMBL3586026,CCn1cc(-c2cnc(NCc3ccc4c(c3)OCO4)c(C(=O)NC[C@H]3COc4ccccc4O3)c2)cn1,7.619788758288394,513.5540000000002,3.875600000000002,108.76,2,8,8,4,0.36556463021307833,O=C(NCC1COc2ccccc2O1)c1cc(-c2cn[nH]c2)cnc1NCc1ccc2c(c1)OCO2,False
CHEMBL208930,CN(C(=O)C1CCCC1)c1ccc(-c2c(N)nc(N)nc2COCc2ccccc2)cc1,5.777283528852417,431.5400000000002,4.177800000000002,107.36,2,6,7,3,0.5810999935635413,O=C(Nc1ccc(-c2cncnc2COCc2ccccc2)cc1)C1CCCC1,False
CHEMBL2164502,CN(C)C1CCN(CC(=O)NC2(c3ccc(Cl)c(Cl)c3)C(=O)Nc3cc(Cl)cc(Cl)c32)CC1,6.621602099051863,530.2830000000001,4.638100000000004,64.67999999999999,2,4,5,2,0.5919372197319138,O=C(CN1CCCCC1)NC1(c2ccccc2)C(=O)Nc2ccccc21,False
CHEMBL4167669,CN(C)CCC(=O)N[C@H]1c2ccccc2C[C@@H]1NC(=O)c1cc2cc(F)c(F)cc2[nH]1,7.0043869621537524,426.46700000000016,2.9097999999999997,77.23,3,3,6,3,0.5673486383512911,O=C(NC1Cc2ccccc2C1)c1cc2ccccc2[nH]1,False
CHEMBL323974,CN(C)CCCN1C(=O)[C@H](CCc2ccccc2)N(Cc2ccc(-c3ccccc3-c3nn[nH]n3)cc2)C1=O,5.3979400086720375,523.6410000000002,4.251000000000002,98.32,1,6,11,4,0.2952744785638158,O=C1NC(=O)N(Cc2ccc(-c3ccccc3-c3nn[nH]n3)cc2)C1CCc1ccccc1,True
CHEMBL110900,CN(C)CCCN1C(=O)[C@H](CCc2ccccc2)N(Cc2ccc(-c3ccccc3-c3nn[nH]n3)cc2)C1=S,5.086186147616283,539.7090000000002,4.415900000000002,81.25,1,6,11,4,0.2827858832561921,O=C1NC(=S)N(Cc2ccc(-c3ccccc3-c3nn[nH]n3)cc2)C1CCc1ccccc1,True
CHEMBL430882,CN(C)CCCN1C(=O)[C@H](Cc2ccccc2)N(Cc2ccc(-c3ccccc3-c3nn[nH]n3)cc2)C1=S,4.455931955649724,525.6820000000002,4.025800000000002,81.25,1,6,10,4,0.31327142982054423,O=C1NC(=S)N(Cc2ccc(-c3ccccc3-c3nn[nH]n3)cc2)C1Cc1ccccc1,True
CHEMBL431245,CN(C)CCCN1C(=O)[C@H](c2ccccc2)N(Cc2ccc(-c3ccccc3-c3nn[nH]n3)cc2)C1=S,4.455931955649724,511.6550000000002,4.155800000000002,81.25,1,6,9,4,0.3381383714127758,O=C1NC(=S)N(Cc2ccc(-c3ccccc3-c3nn[nH]n3)cc2)C1c1ccccc1,True
CHEMBL3319211,CN(C)CCCS(=O)(=O)c1ccc2nc(NC(=O)NC(=O)c3ccccc3Cl)sc2c1,8.060480747381382,480.9990000000002,3.6370000000000013,108.47,2,7,7,3,0.5341002952078918,O=C(NC(=O)c1ccccc1)Nc1nc2ccccc2s1,False
CHEMBL4172217,CN(C)CCNC(=O)[C@@H]1c2ccccc2C[C@H]1NC(=O)c1cc2ccccc2[nH]1,6.275904787925773,390.48700000000014,2.283999999999999,77.23,3,3,6,3,0.6043693391146607,O=C(NC1Cc2ccccc2C1)c1cc2ccccc2[nH]1,False
CHEMBL4164328,CN(C)CCNC(=O)[C@H]1c2ccccc2C[C@@H]1NC(=O)c1cc2ccccc2[nH]1,8.39897391554397,390.48700000000014,2.283999999999999,77.23,3,3,6,3,0.6043693391146607,O=C(NC1Cc2ccccc2C1)c1cc2ccccc2[nH]1,False
CHEMBL203948,CN(C)Cc1nc(N)nc(N)c1-c1ccc(NCc2ccc(S(C)(=O)=O)cc2)cc1,6.159433674909426,426.54600000000016,2.3852,127.22999999999999,3,8,7,3,0.5254324059470101,c1ccc(CNc2ccc(-c3cncnc3)cc2)cc1,False
CHEMBL2164503,CN(C)[C@@H]1CCN(CC(=O)NC2(c3ccc(Cl)c(Cl)c3)C(=O)Nc3cc(Cl)cc(Cl)c32)C1,7.6020599913279625,516.2560000000002,4.248000000000004,64.67999999999999,2,4,5,2,0.6244376718525022,O=C(CN1CCCC1)NC1(c2ccccc2)C(=O)Nc2ccccc21,False
CHEMBL2164504,CN(C)[C@H]1CCN(CC(=O)NC2(c3ccc(Cl)c(Cl)c3)C(=O)Nc3cc(Cl)cc(Cl)c32)C1,6.958607314841775,516.2560000000002,4.248000000000004,64.67999999999999,2,4,5,2,0.6244376718525022,O=C(CN1CCCC1)NC1(c2ccccc2)C(=O)Nc2ccccc21,False
CHEMBL204266,CN(Cc1ccccc1)Cc1nc(N)nc(N)c1-c1ccc(NCc2ccc(S(C)(=O)=O)cc2)cc1,7.779545458967391,502.6440000000001,3.955600000000003,127.22999999999999,3,8,9,4,0.31389049070631725,c1ccc(CNCc2ncncc2-c2ccc(NCc3ccccc3)cc2)cc1,True
CHEMBL383454,CN(Cc1nc(N)nc(N)c1-c1ccc(NCc2ccc(S(C)(=O)=O)cc2)cc1)c1ccc(F)cc1,8.0,506.6070000000002,4.099100000000003,127.22999999999999,3,8,8,4,0.32598572666579123,c1ccc(CNc2ccc(-c3cncnc3CNc3ccccc3)cc2)cc1,False
CHEMBL383411,CN(Cc1nc(N)nc(N)c1-c1ccc(NCc2ccc(S(C)(=O)=O)cc2)cc1)c1ccccc1,8.323908740944319,488.6170000000002,3.9600000000000026,127.22999999999999,3,8,8,4,0.3400789783166793,c1ccc(CNc2ccc(-c3cncnc3CNc3ccccc3)cc2)cc1,False
CHEMBL392076,CN(c1ccccc1CCCn1nnnc1[C@@H](COCc1ccccc1)NC(=O)C(C)(C)N)S(C)(=O)=O,5.764471553092451,529.6670000000003,1.8131000000000017,145.33,2,8,13,3,0.34097828076701137,c1ccc(CCCn2nnnc2CCOCc2ccccc2)cc1,True
CHEMBL1923508,CN1CC(=O)N[C@H](Cc2ccccc2)C(=O)NCCCc2ccccc2OCCN[C@@H](CCCCN)C1=O,5.979303657420887,523.6780000000005,1.400900000000002,125.78999999999999,4,6,6,2,0.42437416207187434,O=C1CNCCOc2ccccc2CCCNC(=O)C(Cc2ccccc2)NC(=O)CN1,False
CHEMBL1923510,CN1CC(=O)N[C@H](Cc2ccccc2)C(=O)NCCCc2ccccc2OCCN[C@@H](Cc2ccccc2)C1=O,6.5869625986495866,542.6800000000004,2.5146000000000006,99.77000000000001,3,5,4,3,0.4706922084025778,O=C1CNC(=O)C(Cc2ccccc2)NCCOc2ccccc2CCCNC(=O)C(Cc2ccccc2)N1,False
CHEMBL3319403,CN1CCC(S(=O)(=O)c2ccc3nc(NC(=O)NC(=O)c4cc(-n5cccn5)ccc4Cl)sc3c2)CC1,7.823908740944319,559.073,3.965200000000002,126.29,2,8,5,4,0.3793724762795532,O=C(NC(=O)c1cccc(-n2cccn2)c1)Nc1nc2ccc(S(=O)(=O)C3CCNCC3)cc2s1,False
CHEMBL3319407,CN1CCC(S(=O)(=O)c2ccc3nc(NC(=O)NC(=O)c4cc(N5CCCC5)c(C#N)cc4Cl)sc3c2)CC1,9.397940008672037,587.1270000000002,4.251380000000004,135.5,2,9,5,3,0.45277474600877626,O=C(NC(=O)c1cccc(N2CCCC2)c1)Nc1nc2ccc(S(=O)(=O)C3CCNCC3)cc2s1,False
CHEMBL3319406,CN1CCC(S(=O)(=O)c2ccc3nc(NC(=O)NC(=O)c4cc(N5CCCC5)ccc4Cl)sc3c2)CC1,9.036212172654444,562.1170000000001,4.379700000000003,111.71,2,8,5,3,0.47523390863177384,O=C(NC(=O)c1cccc(N2CCCC2)c1)Nc1nc2ccc(S(=O)(=O)C3CCNCC3)cc2s1,False
CHEMBL3319405,CN1CCC(S(=O)(=O)c2ccc3nc(NC(=O)NC(=O)c4cc(N5CCOCC5)ccc4Cl)sc3c2)CC1,8.643717236063345,578.1160000000001,3.616100000000003,120.94,2,9,5,3,0.4716300356784361,O=C(NC(=O)c1cccc(N2CCOCC2)c1)Nc1nc2ccc(S(=O)(=O)C3CCNCC3)cc2s1,False
CHEMBL3319408,CN1CCC(S(=O)(=O)c2ccc3nc(NC(=O)NC(=O)c4cc5c(cc4Cl)CCN5C)sc3c2)CC1,8.142667503568731,548.0900000000001,3.7718000000000034,111.71,2,8,4,3,0.5110894812702129,O=C(NC(=O)c1ccc2c(c1)NCC2)Nc1nc2ccc(S(=O)(=O)C3CCNCC3)cc2s1,False
CHEMBL3319213,CN1CCC(S(=O)(=O)c2ccc3nc(NC(=O)NC(=O)c4ccccc4Cl)sc3c2)CC1,7.187086643357144,493.01000000000016,3.7795000000000023,108.47,2,7,4,3,0.5733936160893481,O=C(NC(=O)c1ccccc1)Nc1nc2ccc(S(=O)(=O)C3CCNCC3)cc2s1,False
CHEMBL4164107,CN1CCCCC(C(=O)N[C@H]2c3ccccc3C[C@@H]2NC(=O)c2ccc3c(ccn3C)c2)C1,6.847077209070773,444.5790000000002,3.422200000000002,66.37,2,3,4,3,0.6480923676131135,O=C(NC1Cc2ccccc2C1NC(=O)C1CCCCNC1)c1ccc2[nH]ccc2c1,False
CHEMBL2164501,CN1CCCN(CC(=O)NC2(c3ccc(Cl)c(Cl)c3)C(=O)Nc3cc(Cl)cc(Cl)c32)CC1,7.1938200260161125,516.2560000000002,4.249600000000004,64.67999999999999,2,4,4,2,0.6384787734725687,O=C(CN1CCCNCC1)NC1(c2ccccc2)C(=O)Nc2ccccc21,False
CHEMBL3319216,CN1CCCN(CCCS(=O)(=O)c2ccc3nc(NC(=O)NC(=O)c4ccccc4Cl)sc3c2)CC1,8.3767507096021,550.1060000000001,3.712900000000001,111.71000000000001,2,8,7,3,0.461792422449412,O=C(NC(=O)c1ccccc1)Nc1nc2ccc(S(=O)(=O)CCCN3CCCNCC3)cc2s1,False
CHEMBL4160705,CN1CCCO[C@H](C(=O)N[C@H]2c3ccccc3C[C@@H]2NC(=O)c2ccc3c(ccn3C)c2)C1,7.174356146018395,446.5510000000002,2.4110000000000005,75.6,2,4,4,3,0.6455334850296928,O=C(NC1Cc2ccccc2C1NC(=O)C1CNCCCO1)c1ccc2[nH]ccc2c1,False
CHEMBL4172411,CN1CCC[C@@H](C(=O)N[C@H]2c3ccccc3C[C@@H]2NC(=O)c2ccc3c(ccn3C)c2)C1,6.288681840161967,430.5520000000002,3.0321000000000007,66.37,2,3,4,3,0.6687398057611024,O=C(NC1Cc2ccccc2C1NC(=O)C1CCCNC1)c1ccc2[nH]ccc2c1,False
CHEMBL4160928,CN1CCC[C@@H]1CC(=O)N[C@H]1c2ccccc2C[C@@H]1NC(=O)c1ccc2c(ccn2C)c1,6.717586987218326,430.55200000000013,3.1746000000000008,66.37,2,3,5,3,0.653479298717126,O=C(CC1CCCN1)NC1c2ccccc2CC1NC(=O)c1ccc2[nH]ccc2c1,False
CHEMBL4164531,CN1CCC[C@H](C(=O)N[C@H]2c3ccccc3C[C@@H]2NC(=O)c2ccc3c(ccn3C)c2)C1,6.277461405637844,430.5520000000002,3.0321000000000007,66.37,2,3,4,3,0.6687398057611024,O=C(NC1Cc2ccccc2C1NC(=O)C1CCCNC1)c1ccc2[nH]ccc2c1,False
CHEMBL4168863,CN1CCC[C@H]1CC(=O)N[C@H]1c2ccccc2C[C@@H]1NC(=O)c1ccc2c(ccn2C)c1,7.5188200682524275,430.55200000000013,3.1746000000000008,66.37,2,3,5,3,0.653479298717126,O=C(CC1CCCN1)NC1c2ccccc2CC1NC(=O)c1ccc2[nH]ccc2c1,False
CHEMBL2164492,CN1CCN(CC(=O)NC2(c3ccc(C(C)(C)C)cc3)C(=O)Nc3cc(Cl)c(Cl)cc32)CC1,5.8326826652518236,489.4470000000003,3.8502000000000027,64.67999999999999,2,4,4,2,0.6852126406702909,O=C(CN1CCNCC1)NC1(c2ccccc2)C(=O)Nc2ccccc21,False
CHEMBL2164832,CN1CCN(CC(=O)NC2(c3ccc(Cl)c(Cl)c3)C(=O)Nc3cc(Cl)cc(Cl)c32)CC1,7.619788758288394,502.2290000000003,3.8595000000000033,64.67999999999999,2,4,4,2,0.6672212455203875,O=C(CN1CCNCC1)NC1(c2ccccc2)C(=O)Nc2ccccc21,False
CHEMBL2164830,CN1CCN(CC(=O)NC2(c3ccc(Cl)c(Cl)c3)C(=O)Nc3cc(Cl)ccc32)CC1,6.954677021213342,467.7840000000003,3.206100000000002,64.67999999999999,2,4,4,2,0.7247145690649218,O=C(CN1CCNCC1)NC1(c2ccccc2)C(=O)Nc2ccccc21,False
CHEMBL2164828,CN1CCN(CC(=O)NC2(c3ccc(Cl)cc3)C(=O)Nc3c(Cl)cc(Cl)cc32)CC1,5.856985199745905,467.7840000000003,3.206100000000002,64.67999999999999,2,4,4,2,0.7247145690649218,O=C(CN1CCNCC1)NC1(c2ccccc2)C(=O)Nc2ccccc21,False
CHEMBL2164829,CN1CCN(CC(=O)NC2(c3ccc(Cl)cc3)C(=O)Nc3cc(Cl)c(Cl)c(Cl)c32)CC1,6.5638373529592435,502.2290000000003,3.8595000000000024,64.67999999999999,2,4,4,2,0.6241590267562663,O=C(CN1CCNCC1)NC1(c2ccccc2)C(=O)Nc2ccccc21,False
CHEMBL2164831,CN1CCN(CC(=O)NC2(c3ccc(Cl)cc3)C(=O)Nc3cc(Cl)cc(Cl)c32)CC1,7.249607413541272,467.7840000000003,3.206100000000002,64.67999999999999,2,4,4,2,0.7247145690649218,O=C(CN1CCNCC1)NC1(c2ccccc2)C(=O)Nc2ccccc21,False
CHEMBL2164827,CN1CCN(CC(=O)NC2(c3ccc(Cl)cc3)C(=O)Nc3cc(Cl)ccc32)CC1,6.853871964321762,433.3390000000002,2.5527000000000006,64.67999999999999,2,4,4,2,0.7783320814159793,O=C(CN1CCNCC1)NC1(c2ccccc2)C(=O)Nc2ccccc21,False
CHEMBL2164826,CN1CCN(CC(=O)N[C@]2(c3ccc(Cl)cc3)C(=O)Nc3cc(Cl)c(Cl)cc32)CC1,6.965851397484273,467.7840000000003,3.206100000000002,64.67999999999999,2,4,4,2,0.7247145690649218,O=C(CN1CCNCC1)NC1(c2ccccc2)C(=O)Nc2ccccc21,False
CHEMBL3319224,CN1CCN(CCCS(=O)(=O)c2ccc3nc(NC(=O)NC(=O)c4cc(-c5ccccn5)ccc4Cl)sc3c2)CC1,9.161150909262744,613.1650000000001,4.384800000000003,124.60000000000001,2,9,8,4,0.30030663168958477,O=C(NC(=O)c1cccc(-c2ccccn2)c1)Nc1nc2ccc(S(=O)(=O)CCCN3CCNCC3)cc2s1,False
CHEMBL3319221,CN1CCN(CCCS(=O)(=O)c2ccc3nc(NC(=O)NC(=O)c4cc(-n5cccc5)ccc4Cl)sc3c2)CC1,9.823908740944319,601.154,4.113500000000002,116.64000000000001,2,8,8,4,0.3125160137591327,O=C(NC(=O)c1cccc(-n2cccc2)c1)Nc1nc2ccc(S(=O)(=O)CCCN3CCNCC3)cc2s1,False
CHEMBL3319397,CN1CCN(CCCS(=O)(=O)c2ccc3nc(NC(=O)NC(=O)c4cc(-n5cccn5)c(Cl)cc4Cl)sc3c2)CC1,9.508638306165727,636.587,4.161900000000003,129.53000000000003,2,9,8,4,0.29518081537441904,O=C(NC(=O)c1cccc(-n2cccn2)c1)Nc1nc2ccc(S(=O)(=O)CCCN3CCNCC3)cc2s1,False
CHEMBL3319225,CN1CCN(CCCS(=O)(=O)c2ccc3nc(NC(=O)NC(=O)c4cc(-n5cccn5)ccc4Cl)sc3c2)CC1,9.173925197299173,602.142,3.5085000000000015,129.53000000000003,2,9,8,4,0.31386343038418707,O=C(NC(=O)c1cccc(-n2cccn2)c1)Nc1nc2ccc(S(=O)(=O)CCCN3CCNCC3)cc2s1,False
CHEMBL3319219,CN1CCN(CCCS(=O)(=O)c2ccc3nc(NC(=O)NC(=O)c4cc(C5CC5)ccc4Cl)sc3c2)CC1,9.481486060122112,576.1440000000001,4.200200000000002,111.71000000000001,2,8,8,3,0.41387269400286014,O=C(NC(=O)c1cccc(C2CC2)c1)Nc1nc2ccc(S(=O)(=O)CCCN3CCNCC3)cc2s1,False
CHEMBL3319398,CN1CCN(CCCS(=O)(=O)c2ccc3nc(NC(=O)NC(=O)c4cc(N5CCCC5)c(C#N)cc4Cl)sc3c2)CC1,9.619788758288394,630.1960000000003,3.7946800000000023,138.74,2,10,8,3,0.38090802213409647,O=C(NC(=O)c1cccc(N2CCCC2)c1)Nc1nc2ccc(S(=O)(=O)CCCN3CCNCC3)cc2s1,False
CHEMBL3319222,CN1CCN(CCCS(=O)(=O)c2ccc3nc(NC(=O)NC(=O)c4cc(N5CCCC5)ccc4Cl)sc3c2)CC1,9.537602002101044,605.1860000000001,3.9230000000000027,114.95,2,9,8,3,0.39758643921710457,O=C(NC(=O)c1cccc(N2CCCC2)c1)Nc1nc2ccc(S(=O)(=O)CCCN3CCNCC3)cc2s1,False
CHEMBL3319223,CN1CCN(CCCS(=O)(=O)c2ccc3nc(NC(=O)NC(=O)c4cc(N5CCOCC5)ccc4Cl)sc3c2)CC1,8.643717236063345,621.1850000000002,3.1594000000000015,124.18,2,10,8,3,0.39074121705821374,O=C(NC(=O)c1cccc(N2CCOCC2)c1)Nc1nc2ccc(S(=O)(=O)CCCN3CCNCC3)cc2s1,False
CHEMBL3319399,CN1CCN(CCCS(=O)(=O)c2ccc3nc(NC(=O)NC(=O)c4cc5c(ccn5C)cc4Cl)sc3c2)CC1,9.244125144327509,589.143,3.8145000000000016,116.64000000000001,2,8,7,4,0.3370673187993773,O=C(NC(=O)c1ccc2cc[nH]c2c1)Nc1nc2ccc(S(=O)(=O)CCCN3CCNCC3)cc2s1,False
CHEMBL3319226,CN1CCN(CCCS(=O)(=O)c2ccc3nc(NC(=O)NC(=O)c4cccc(-n5cccn5)c4Cl)sc3c2)CC1,8.05551732784983,602.142,3.5085000000000015,129.53000000000003,2,9,8,4,0.31386343038418707,O=C(NC(=O)c1cccc(-n2cccn2)c1)Nc1nc2ccc(S(=O)(=O)CCCN3CCNCC3)cc2s1,False
CHEMBL3319215,CN1CCN(CCCS(=O)(=O)c2ccc3nc(NC(=O)NC(=O)c4ccccc4Cl)sc3c2)CC1,8.886056647693163,536.0790000000001,3.322800000000001,111.71000000000001,2,8,7,3,0.47702848116388413,O=C(NC(=O)c1ccccc1)Nc1nc2ccc(S(=O)(=O)CCCN3CCNCC3)cc2s1,False
CHEMBL3319281,CN1CCN(CCS(=O)(=O)c2ccc3nc(NC(=O)NC(=O)c4ccccc4Cl)sc3c2)CC1,7.080921907623926,522.0520000000002,2.9327000000000014,111.71000000000001,2,8,6,3,0.5126147897201048,O=C(NC(=O)c1ccccc1)Nc1nc2ccc(S(=O)(=O)CCN3CCNCC3)cc2s1,False
CHEMBL3358451,CN1CCN([C@@H](C(=O)NNc2cc(C(F)(F)F)cc(C(F)(F)F)c2)c2ccccc2Cl)CC1,8.199970640755865,494.8670000000001,4.809400000000004,47.61,2,4,5,2,0.46255774589902654,O=C(NNc1ccccc1)C(c1ccccc1)N1CCNCC1,False
CHEMBL4175823,CN1CCO[C@H](C(=O)N[C@H]2c3ccccc3C[C@@H]2NC(=O)c2ccc3c(ccn3C)c2)C1,6.608990305748588,432.52400000000017,2.0208999999999984,75.6,2,4,4,3,0.6615806838549689,O=C(NC1Cc2ccccc2C1NC(=O)C1CNCCO1)c1ccc2[nH]ccc2c1,False
CHEMBL4171137,CN1CC[C@@H](C(=O)N[C@H]2c3ccccc3C[C@@H]2NC(=O)c2ccc3c(ccn3C)c2)C1,6.5203022220945375,416.5250000000002,2.6420000000000003,66.37,2,3,4,3,0.6872555033979,O=C(NC1Cc2ccccc2C1NC(=O)C1CCNC1)c1ccc2[nH]ccc2c1,False
CHEMBL4160541,CN1CC[C@H](C(=O)N[C@H]2c3ccccc3C[C@@H]2NC(=O)c2ccc3c(ccn3C)c2)C1,6.482351405952768,416.5250000000002,2.6420000000000003,66.37,2,3,4,3,0.6872555033979,O=C(NC1Cc2ccccc2C1NC(=O)C1CCNC1)c1ccc2[nH]ccc2c1,False
CHEMBL111026,CN1N=C2CCN(C(=O)[C@@H](COCc3ccc(F)c(F)c3)NC(=O)C(C)(C)N)CC2(Cc2ccccc2)C1=O,7.7447274948966935,541.5990000000003,1.9929,117.33000000000001,2,6,9,2,0.5037544413946892,O=C(CCOCc1ccccc1)N1CCC2=NNC(=O)C2(Cc2ccccc2)C1,True
CHEMBL113313,CN1N=C2CCN(C(=O)[C@@H](COCc3ccccc3)NC(=O)C(C)(C)N)C[C@@]2(Cc2ccccc2)C1=O,7.678817209577513,505.6190000000003,1.7147000000000003,117.33000000000001,2,6,9,2,0.5381956749079213,O=C(CCOCc1ccccc1)N1CCC2=NNC(=O)C2(Cc2ccccc2)C1,True
CHEMBL3394205,CNC(=O)c1cc(OC)ccc1CC(=O)N1CCC2(CC1)CN([C@@H]1CCc3cc(-c4cc(C)ncn4)ccc31)C2,7.698970004336019,539.6800000000003,3.9746200000000034,87.66000000000001,1,6,6,3,0.510134681973736,O=C(Cc1ccccc1)N1CCC2(CC1)CN(C1CCc3cc(-c4ccncn4)ccc31)C2,False
CHEMBL275660,CNC(C)(C)C(=O)N[C@H](Cc1c[nH]c2ccccc12)C(=O)N(C)[C@H](Cc1c[nH]c2ccccc12)NC(C)=O,7.560969009354993,516.6460000000003,2.8378000000000005,122.12,5,4,10,4,0.20812788213268418,O=C(CCc1c[nH]c2ccccc12)NCCc1c[nH]c2ccccc12,True
CHEMBL274460,CNC(C)(C)C(=O)N[C@H](Cc1c[nH]c2ccccc12)C(=O)N[C@H](Cc1c[nH]c2ccccc12)NC(=O)CC(C)C,6.536414944899073,544.7000000000003,3.5218000000000016,130.91,6,4,12,4,0.15241224182348773,O=C(CCc1c[nH]c2ccccc12)NCCc1c[nH]c2ccccc12,True
CHEMBL18725,CNC(C)(C)C(=O)N[C@H](Cc1c[nH]c2ccccc12)C(=O)N[C@H](Cc1c[nH]c2ccccc12)NC(C)=O,7.183670143353043,502.61900000000026,2.4955999999999996,130.91,6,4,10,4,0.18607672136226536,O=C(CCc1c[nH]c2ccccc12)NCCc1c[nH]c2ccccc12,True
CHEMBL281578,CNC(C)(C)C(=O)N[C@H](Cc1c[nH]c2ccccc12)C(=O)N[C@H](Cc1c[nH]c2ccccc12)NC=O,7.526454767890189,488.5920000000002,2.1054999999999993,130.91,6,4,11,4,0.14258473012866812,O=C(CCc1c[nH]c2ccccc12)NCCc1c[nH]c2ccccc12,False
CHEMBL4798018,CNCC(=O)N[C@H](Cc1c[nH]c2ccccc12)c1nnc(CCc2ccccc2)n1Cc1ccc(OC)cc1,7.017728766960431,522.6530000000004,4.220900000000003,96.86,3,5,12,5,0.22801604965818328,c1ccc(CCc2nnc(CCc3c[nH]c4ccccc34)n2Cc2ccccc2)cc1,True
CHEMBL205847,CNCc1nc(N)nc(N)c1-c1ccc(NCc2ccc(S(C)(=O)=O)cc2)cc1,6.207258355162583,412.5190000000001,2.0429999999999993,136.01999999999998,4,8,7,3,0.4627815844608684,c1ccc(CNc2ccc(-c3cncnc3)cc2)cc1,False
CHEMBL3799222,COC(=O)C(CC(C)C)C(=O)N[C@H](Cc1c[nH]c2ccccc12)c1nnc([C@@H](Cc2c[nH]c3ccccc23)NC(=O)[C@@H](N)CCCCN)n1Cc1ccc(OC)cc1,7.769551078621726,789.9819999999996,5.389200000000003,208.06,6,9,20,6,0.033260928114861296,c1ccc(Cn2c(CCc3c[nH]c4ccccc34)nnc2CCc2c[nH]c3ccccc23)cc1,True
CHEMBL540093,COC(=O)C(CCCCN)NC(=O)Cn1c(-c2ccc3ccccc3c2)nc2ccc(Cl)cc2c1=O.Cl,5.455931955649724,543.4510000000002,4.078700000000003,116.31,2,6,9,4,0.24289403148260927,O=c1[nH]c(-c2ccc3ccccc3c2)nc2ccccc12,True
CHEMBL235793,COC(=O)C(c1ccccc1)n1nnnc1[C@@H](COCc1ccccc1)NC(=O)C(C)(C)N,6.327902142064282,452.5150000000002,1.5469,134.25000000000003,2,8,10,3,0.4425868949505908,c1ccc(COCCc2nnnn2Cc2ccccc2)cc1,False
CHEMBL392268,COC(=O)CCCn1nnnc1[C@@H](COCc1ccccc1)NC(=O)C(C)(C)N,5.623423042943488,404.4710000000001,0.7377000000000009,134.25000000000003,2,8,11,2,0.5237386523049986,c1ccc(COCCc2nnn[nH]2)cc1,False
CHEMBL235446,COC(=O)CCn1nnnc1[C@@H](COCc1ccccc1)NC(=O)C(C)(C)N,5.471083299722345,390.44400000000013,0.34760000000000135,134.25000000000003,2,8,10,2,0.5549855274119054,c1ccc(COCCc2nnn[nH]2)cc1,False
CHEMBL3798337,COC(=O)[C@H](CC(C)C)NC(=O)C(CC(C)C)C(=O)N[C@H](Cc1c[nH]c2ccccc12)c1nnc([C@@H](Cc2c[nH]c3ccccc23)NC(=O)[C@@H](N)CCCCN)n1Cc1ccc(OC)cc1,6.657577319177793,903.1419999999995,5.920100000000005,237.16,7,10,24,6,0.021510648965326517,c1ccc(Cn2c(CCc3c[nH]c4ccccc34)nnc2CCc2c[nH]c3ccccc23)cc1,True
CHEMBL4286849,COC(=O)c1ccc([C@H](C)NC(=O)N(C)C2CCN(C3CCc4cc(-c5cc(C)ncn5)ccc43)CC2)c(Cl)c1Cl,6.518557371497695,596.5590000000002,6.399720000000007,87.66000000000001,1,6,6,3,0.3316775613670074,O=C(NCc1ccccc1)NC1CCN(C2CCc3cc(-c4ccncn4)ccc32)CC1,False
CHEMBL3913763,COC(C)[C@@H]1NCCOc2ccccc2CCCNC(=O)[C@@H](Cc2ccc(F)cc2)NC(=O)[C@@H](C)N(C)C1=O,8.0,542.6520000000002,1.8344000000000005,109.0,3,6,4,2,0.5442568061394187,O=C1CNCCOc2ccccc2CCCNC(=O)C(Cc2ccccc2)NC(=O)CN1,False
CHEMBL3981238,COC(C)[C@@H]1NCCOc2ccccc2CCCNC(=O)[C@@H](Cc2ccccc2)NC(=O)[C@@H](C)N(C)C1=O,8.0,524.6620000000003,1.6953000000000007,109.0,3,6,4,2,0.5619370573541796,O=C1CNCCOc2ccccc2CCCNC(=O)C(Cc2ccccc2)NC(=O)CN1,False
CHEMBL2426668,COCC(c1ccc(-c2ncccn2)cc1)N1CC2(CCN(C(=O)Cc3ccc(OC)cn3)CC2)C1,5.440000065513061,487.60400000000044,3.4018000000000024,80.68,0,7,8,3,0.48174168350158764,O=C(Cc1ccccn1)N1CCC2(CC1)CN(Cc1ccc(-c3ncccn3)cc1)C2,False
CHEMBL3218888,COCCN1CCCC(Cn2c(-c3cccnc3C)nc3cn(-c4ccc(C#N)cc4)nc3c2=O)C1,7.356547323513812,483.57600000000025,3.1827000000000014,101.86000000000001,0,7,7,4,0.3977981121348797,O=c1c2nn(-c3ccccc3)cc2nc(-c2cccnc2)n1CC1CCCNC1,False
CHEMBL3218648,COCCN1CCC[C@@H](Cn2c(-c3ccccc3C)nc3cc(-c4ccc(Cl)cc4)sc3c2=O)C1,7.795880017344075,508.0870000000002,6.112220000000007,47.36,0,5,7,4,0.3024754015125261,O=c1c2sc(-c3ccccc3)cc2nc(-c2ccccc2)n1CC1CCCNC1,False
CHEMBL3218650,COCCN1CCC[C@@H](Cn2c(-c3ccccc3C)nc3cn(-c4ccc(Cl)cc4)nc3c2=O)C1,8.958607314841775,492.0230000000002,4.5694200000000045,65.18,0,5,7,4,0.378674638648847,O=c1c2nn(-c3ccccc3)cc2nc(-c2ccccc2)n1CC1CCCNC1,False
CHEMBL3218649,COCCN1CCC[C@@H](Cn2c(-c3ccccc3C)nc3nc(-c4ccc(Cl)cc4)sc3c2=O)C1,7.229147988357855,509.0750000000003,5.5072200000000056,60.25,0,6,7,4,0.32932887245938125,O=c1c2sc(-c3ccccc3)nc2nc(-c2ccccc2)n1CC1CCCNC1,False
CHEMBL3218891,COCCN1CCC[C@H](Cn2c(-c3cccnc3C)nc3cn(-c4cccc(OC)c4)nc3c2=O)C1,8.214670164989233,488.59200000000027,3.3196200000000013,87.30000000000001,0,7,8,4,0.3760045077108871,O=c1c2nn(-c3ccccc3)cc2nc(-c2cccnc2)n1CC1CCCNC1,False
CHEMBL3218892,COCCN1CCC[C@H](Cn2c(-c3cccnc3C)nc3cn(C4CCCCC4)nc3c2=O)C1,6.431798275933005,464.6140000000004,3.8270200000000028,78.07,0,6,7,3,0.5289028672148589,O=c1c2nn(C3CCCCC3)cc2nc(-c2cccnc2)n1CC1CCCNC1,False
CHEMBL4175534,COCCNCCC(=O)N[C@H]1c2ccccc2C[C@@H]1NC(=O)c1cc2ccccc2n1C,6.383264228896336,434.5400000000002,2.3164000000000007,84.39000000000001,3,4,9,3,0.4514952311998108,O=C(NC1Cc2ccccc2C1)c1cc2ccccc2[nH]1,False
CHEMBL3319214,COCCNCCCS(=O)(=O)c1ccc2nc(NC(=O)NC(=O)c3ccccc3Cl)sc2c1,8.065501548756432,511.02500000000015,3.311400000000001,126.48999999999998,3,8,10,3,0.35697896628392844,O=C(NC(=O)c1ccccc1)Nc1nc2ccccc2s1,True
CHEMBL3947758,COC[C@@H]1NCCOc2ccccc2/C=C\CNC(=O)[C@H](Cc2ccc(Cl)cc2)NC(=O)C2(CCCC2)NC1=O,7.0,569.1020000000003,2.6228999999999996,117.78999999999999,4,6,4,2,0.45037102040339816,O=C1CNCCOc2ccccc2C=CCNC(=O)C(Cc2ccccc2)NC(=O)C2(CCCC2)N1,False
CHEMBL3916501,COC[C@@H]1NCCOc2ccccc2CCCNC(=O)[C@@H](Cc2ccc(F)cc2)NC(=O)[C@@H](C)N(C)C1=O,7.0,528.6250000000002,1.4459000000000015,109.0,3,6,4,2,0.5544950672152609,O=C1CNCCOc2ccccc2CCCNC(=O)C(Cc2ccccc2)NC(=O)CN1,False
CHEMBL3218900,COC[C@H](C)N1CCC[C@H](Cn2c(-c3cccnc3C)nc3cn(-c4cccc(OC)c4)nc3c2=O)C1,8.769551078621726,502.6190000000003,3.7081200000000027,87.30000000000001,0,7,8,4,0.3630070110387361,O=c1c2nn(-c3ccccc3)cc2nc(-c2cccnc2)n1CC1CCCNC1,False
CHEMBL377515,COCc1nc(N)nc(N)c1-c1ccc(NCc2ccc(S(C)(=O)=O)cc2)cc1,7.700331433503756,413.5030000000001,2.4700000000000006,133.22,3,8,7,3,0.5378328098507085,c1ccc(CNc2ccc(-c3cncnc3)cc2)cc1,False
CHEMBL594828,COCc1nnc(N2CC(Oc3ccc(F)cc3Cl)C2)n1-c1ccc(OC)nc1,5.356547323513812,419.8440000000002,2.8774000000000006,74.53,0,7,7,3,0.582523790502583,c1ccc(OC2CN(c3nncn3-c3cccnc3)C2)cc1,False
CHEMBL3394202,COc1cc(C(N)=O)c(CC(=O)N2CCC3(CC2)CN([C@@H]2CCc4cc(-c5nccc(C)n5)ccc42)C3)cn1,6.580044251510242,526.6410000000003,3.1089200000000012,114.53999999999999,1,7,6,3,0.5248888241044875,O=C(Cc1cccnc1)N1CCC2(CC1)CN(C1CCc3cc(-c4ncccn4)ccc31)C2,False
CHEMBL3319396,COc1cc(Cl)c(C(=O)NC(=O)Nc2nc3ccc(S(=O)(=O)CCCN4CCN(C)CC4)cc3s2)cc1-n1cccn1,9.207608310501746,632.1680000000003,3.517100000000003,138.76,2,10,9,4,0.28404944866072646,O=C(NC(=O)c1cccc(-n2cccn2)c1)Nc1nc2ccc(S(=O)(=O)CCCN3CCNCC3)cc2s1,True
CHEMBL434573,COc1cc(Cn2c(CCc3c[nH]c4ccccc34)nnc2[C@@H](Cc2c[nH]c3ccccc23)NC(=O)C(C)(C)N)cc(OC)c1,6.823908740944319,605.7430000000002,5.2287000000000035,135.87,4,6,12,6,0.1509059681349297,c1ccc(Cn2c(CCc3c[nH]c4ccccc34)nnc2CCc2c[nH]c3ccccc23)cc1,True
CHEMBL221674,COc1cc(Cn2c(Cc3ccccc3)nnc2[C@@H](Cc2c[nH]c3ccccc23)NC(=O)C(C)(C)N)cc(OC)c1,6.958607314841775,552.6790000000003,4.553000000000003,120.07999999999998,3,6,11,5,0.22112529764667713,c1ccc(Cc2nnc(CCc3c[nH]c4ccccc34)n2Cc2ccccc2)cc1,True
CHEMBL1081254,COc1ccc(-c2ccc(C(=O)N3CCN(C(=O)c4ccc5cc[nH]c5c4)[C@@H](C)C3)cc2)cc1,8.154901959985743,453.5420000000001,4.830200000000004,65.64,1,3,4,4,0.48136391243067356,O=C(c1ccc(-c2ccccc2)cc1)N1CCN(C(=O)c2ccc3cc[nH]c3c2)CC1,False
CHEMBL428314,COc1ccc(-n2c(CCc3ccccc3)nnc2[C@H](NC(=O)Cc2ccccn2)c2c[nH]c3ccccc23)c(OC)c1,6.920818753952375,572.6690000000002,5.394300000000005,106.95,2,6,11,6,0.21552868145418758,O=C(Cc1ccccn1)NC(c1c[nH]c2ccccc12)c1nnc(CCc2ccccc2)n1-c1ccccc1,True
CHEMBL399448,COc1ccc(-n2c(CCc3ccccc3)nnc2[C@H](NC(=O)c2ccccn2)c2c[nH]c3ccccc23)c(OC)c1,7.481486060122112,558.6420000000002,5.465400000000004,106.95,2,6,10,6,0.23111746053790833,O=C(NC(c1c[nH]c2ccccc12)c1nnc(CCc2ccccc2)n1-c1ccccc1)c1ccccn1,True
CHEMBL415136,COc1ccc(-n2c(CCc3ccccc3)nnc2[C@H](NC(=O)c2cnccn2)c2c[nH]c3ccccc23)c(OC)c1,6.522878745280337,559.6300000000002,4.860400000000004,119.83999999999999,2,7,10,6,0.24596920796405858,O=C(NC(c1c[nH]c2ccccc12)c1nnc(CCc2ccccc2)n1-c1ccccc1)c1cnccn1,True
CHEMBL3218884,COc1ccc(-n2cc3nc(-c4ccccc4C)n(CC4CCCN(C(C)C)C4)c(=O)c3n2)cc1,8.136677139879545,471.60500000000036,4.686620000000003,65.18,0,5,6,4,0.4083316349673208,O=c1c2nn(-c3ccccc3)cc2nc(-c2ccccc2)n1CC1CCCNC1,False
CHEMBL3218911,COc1ccc(-n2cc3nc(-c4cccnc4C)n(C[C@H]4CCCN(C[C@H]5CCCO5)C4)c(=O)c3n2)cc1,7.2839966563652006,514.6300000000006,3.8522200000000026,87.3,0,7,7,4,0.37020806511577437,O=c1c2nn(-c3ccccc3)cc2nc(-c2cccnc2)n1CC1CCCN(CC2CCCO2)C1,False
CHEMBL4761319,COc1ccc(/C=C(\C#N)C(=O)NCC(=O)N[C@H](Cc2c[nH]c3ccccc23)c2nnc(CCN3CCCCC3)n2Cc2ccc(OC)cc2)cc1,7.853871964321762,700.844,4.9766800000000035,150.19,3,8,15,5,0.1023459175471388,O=C(C=Cc1ccccc1)NCC(=O)NC(Cc1c[nH]c2ccccc12)c1nnc(CCN2CCCCC2)n1Cc1ccccc1,True
CHEMBL4753046,COc1ccc(/C=C(\C#N)C(=O)NCC(=O)N[C@H](Cc2c[nH]c3ccccc23)c2nnc(CCc3c[nH]c4ccccc34)n2Cc2ccc(OC)cc2)cc1,8.853871964321762,732.8450000000001,6.2147800000000055,162.73999999999998,4,7,15,7,0.07192592523772237,O=C(C=Cc1ccccc1)NCC(=O)NC(Cc1c[nH]c2ccccc12)c1nnc(CCc2c[nH]c3ccccc23)n1Cc1ccccc1,True
CHEMBL4760409,COc1ccc(/C=C(\C#N)C(=O)NCC(=O)N[C@H](Cc2c[nH]c3ccccc23)c2nnc(CCc3ccccc3)n2Cc2ccc(OC)cc2)cc1,9.301029995663981,693.8080000000001,5.7334800000000055,146.95,3,7,15,6,0.0919394587785553,O=C(C=Cc1ccccc1)NCC(=O)NC(Cc1c[nH]c2ccccc12)c1nnc(CCc2ccccc2)n1Cc1ccccc1,True
CHEMBL4791255,COc1ccc(/C=C(\C#N)C(=O)NCCC(=O)N[C@H](Cc2c[nH]c3ccccc23)c2nnc(CCc3ccccc3)n2Cc2ccc(OC)cc2)cc1,7.853871964321762,707.8350000000002,6.123580000000006,146.95,3,7,16,6,0.08111857205567556,O=C(C=Cc1ccccc1)NCCC(=O)NC(Cc1c[nH]c2ccccc12)c1nnc(CCc2ccccc2)n1Cc1ccccc1,True
CHEMBL4753794,COc1ccc(/C=C(\C#N)C(=O)N[C@@H](C)C(=O)N[C@H](Cc2c[nH]c3ccccc23)c2nnc(CCc3ccccc3)n2Cc2ccc(OC)cc2)cc1,8.522878745280337,707.8350000000002,6.121980000000006,146.95,3,7,15,6,0.08608699432827716,O=C(C=Cc1ccccc1)NCC(=O)NC(Cc1c[nH]c2ccccc12)c1nnc(CCc2ccccc2)n1Cc1ccccc1,True
CHEMBL4782383,COc1ccc(/C=C(\C#N)C(=O)N[C@H](Cc2c[nH]c3ccccc23)c2nnc(CCc3ccccc3)n2Cc2ccc(OC)cc2)cc1,6.913640169325252,636.7560000000002,6.617280000000006,117.85000000000001,2,6,13,6,0.10875032998301785,O=C(C=Cc1ccccc1)NC(Cc1c[nH]c2ccccc12)c1nnc(CCc2ccccc2)n1Cc1ccccc1,True
CHEMBL4758721,COc1ccc(/C=C(\C#N)C(=O)OCC(=O)N[C@H](Cc2c[nH]c3ccccc23)c2nnc(CCc3ccccc3)n2Cc2ccc(OC)cc2)cc1,7.886056647693163,694.7920000000001,6.160480000000006,144.14999999999998,2,8,15,6,0.07392677936722988,O=C(COC(=O)C=Cc1ccccc1)NC(Cc1c[nH]c2ccccc12)c1nnc(CCc2ccccc2)n1Cc1ccccc1,True
CHEMBL2164835,COc1ccc(C2(NC(=O)CN3CCN(C)CC3)C(=O)Nc3cc(Cl)c(C)cc32)cc1,6.279840696594043,442.94700000000006,2.2163199999999987,73.91,2,5,5,2,0.7423612631388858,O=C(CN1CCNCC1)NC1(c2ccccc2)C(=O)Nc2ccccc21,False
CHEMBL2164833,COc1ccc(C2(NC(=O)CN3CCN(C)CC3)C(=O)Nc3cc(Cl)c(Cl)cc32)cc1,6.154901959985743,463.36500000000007,2.5613,73.91,2,5,5,2,0.713473767240875,O=C(CN1CCNCC1)NC1(c2ccccc2)C(=O)Nc2ccccc21,False
CHEMBL2426671,COc1ccc(CC(=O)N2CCC3(CC2)CN(C(C)c2ccc(-c4ncccn4)cc2)C3)nc1,5.770000934050708,457.5780000000001,3.7753000000000023,71.45,0,6,6,3,0.5611346671036352,O=C(Cc1ccccn1)N1CCC2(CC1)CN(Cc1ccc(-c3ncccn3)cc1)C2,False
CHEMBL2426675,COc1ccc(CC(=O)N2CCC3(CC2)CN(C2CCc4cc(-c5ncccn5)ccc42)C3)cc1,7.899974269892137,468.60100000000017,4.306600000000004,58.56,0,5,5,3,0.5586688609969603,O=C(Cc1ccccc1)N1CCC2(CC1)CN(C1CCc3cc(-c4ncccn4)ccc31)C2,False
CHEMBL2426678,COc1ccc(CC(=O)N2CCC3(CC2)CN(C2CCc4cc(-c5ncccn5)ccc42)C3)nc1,7.430041181903406,469.58900000000017,3.7016000000000027,71.45,0,6,5,3,0.567511257146099,O=C(Cc1ccccn1)N1CCC2(CC1)CN(C1CCc3cc(-c4ncccn4)ccc31)C2,False
CHEMBL2426681,COc1ccc(CC(=O)N2CCC3(CC2)CN(C2CCc4cc(-c5nccs5)ccc42)C3)nc1,7.51999305704285,474.63000000000017,4.368100000000004,58.56,0,6,5,3,0.5497252095461201,O=C(Cc1ccccn1)N1CCC2(CC1)CN(C1CCc3cc(-c4nccs4)ccc31)C2,False
CHEMBL2426674,COc1ccc(CC(=O)N2CCC3(CC2)CN(Cc2ccc(-c4ncccn4)cc2Cl)C3)cc1,7.79997073344623,477.00800000000004,4.472700000000004,58.56,0,5,6,3,0.5249323611530019,O=C(Cc1ccccc1)N1CCC2(CC1)CN(Cc1ccc(-c3ncccn3)cc1)C2,False
CHEMBL2426669,COc1ccc(CC(=O)N2CCC3(CC2)CN([C@@H](C)c2ccc(-c4ncccn4)cc2)C3)nc1,5.949999401714239,457.5780000000001,3.7753000000000023,71.45,0,6,6,3,0.5611346671036352,O=C(Cc1ccccn1)N1CCC2(CC1)CN(Cc1ccc(-c3ncccn3)cc1)C2,False
CHEMBL3394199,COc1ccc(CC(=O)N2CCC3(CC2)CN([C@@H]2CCc4cc(-c5cc(C)ncn5)ccc42)C3)c(C#N)c1,7.886056647693163,507.63800000000026,4.486700000000004,82.35,0,6,5,3,0.506287649686097,O=C(Cc1ccccc1)N1CCC2(CC1)CN(C1CCc3cc(-c4ccncn4)ccc31)C2,False
CHEMBL3394201,COc1ccc(CC(=O)N2CCC3(CC2)CN([C@@H]2CCc4cc(-c5cc(C)ncn5)ccc42)C3)c(C(N)=O)c1,8.036212172654444,525.6530000000002,3.7139200000000017,101.65,1,6,6,3,0.5265319809894574,O=C(Cc1ccccc1)N1CCC2(CC1)CN(C1CCc3cc(-c4ccncn4)ccc31)C2,False
CHEMBL3394206,COc1ccc(CC(=O)N2CCC3(CC2)CN([C@@H]2CCc4cc(-c5cc(C)ncn5)ccc42)C3)c(NC(C)=O)c1,7.552841968657781,539.6800000000003,4.573420000000004,87.66,1,6,6,3,0.4937810745615385,O=C(Cc1ccccc1)N1CCC2(CC1)CN(C1CCc3cc(-c4ccncn4)ccc31)C2,False
CHEMBL3287217,COc1ccc(CC(=O)N2CCC3(CC2)CN([C@@H]2CCc4cc(-c5cc(C)ncn5)ccc42)C3)nc1,7.853871964321762,483.6160000000002,4.0100200000000035,71.45,0,6,5,3,0.5461708052534848,O=C(Cc1ccccn1)N1CCC2(CC1)CN(C1CCc3cc(-c4ccncn4)ccc31)C2,False
CHEMBL3287215,COc1ccc(CC(=O)N2CCC3(CC2)CN([C@@H]2CCc4cc(-c5ccncn5)ccc42)C3)nc1,7.160019442321657,469.58900000000017,3.7016000000000027,71.45,0,6,5,3,0.567511257146099,O=C(Cc1ccccn1)N1CCC2(CC1)CN(C1CCc3cc(-c4ccncn4)ccc31)C2,False
CHEMBL2426687,COc1ccc(CC(=O)N2CCC3(CC2)CN([C@@H]2CCc4cc(-c5ncc(C)cn5)ccc42)C3)nc1,8.040005161671584,483.6160000000002,4.0100200000000035,71.45,0,6,5,3,0.5461708052534848,O=C(Cc1ccccn1)N1CCC2(CC1)CN(C1CCc3cc(-c4ncccn4)ccc31)C2,False
CHEMBL3287216,COc1ccc(CC(=O)N2CCC3(CC2)CN([C@@H]2CCc4cc(-c5nccc(C)n5)ccc42)C3)nc1,7.5549687599593405,483.6160000000002,4.0100200000000035,71.45,0,6,5,3,0.5461708052534848,O=C(Cc1ccccn1)N1CCC2(CC1)CN(C1CCc3cc(-c4ncccn4)ccc31)C2,False
CHEMBL2426677,COc1ccc(CC(=O)N2CCC3(CC2)CN([C@@H]2CCc4cc(-c5ncccn5)ccc42)C3)cc1,8.180560775009305,468.60100000000017,4.306600000000004,58.56,0,5,5,3,0.5586688609969603,O=C(Cc1ccccc1)N1CCC2(CC1)CN(C1CCc3cc(-c4ncccn4)ccc31)C2,False
CHEMBL2426680,COc1ccc(CC(=O)N2CCC3(CC2)CN([C@@H]2CCc4cc(-c5ncccn5)ccc42)C3)nc1,7.5300307905000405,469.58900000000017,3.7016000000000027,71.45,0,6,5,3,0.567511257146099,O=C(Cc1ccccn1)N1CCC2(CC1)CN(C1CCc3cc(-c4ncccn4)ccc31)C2,False
CHEMBL2426683,COc1ccc(CC(=O)N2CCC3(CC2)CN([C@@H]2CCc4cc(-c5nccs5)ccc42)C3)nc1,8.400007822415901,474.63000000000017,4.368100000000004,58.56,0,6,5,3,0.5497252095461201,O=C(Cc1ccccn1)N1CCC2(CC1)CN(C1CCc3cc(-c4nccs4)ccc31)C2,False
CHEMBL2426684,COc1ccc(CC(=O)N2CCC3(CC2)CN([C@@H]2CCc4cc(-n5nccn5)ccc42)C3)cc1,8.130005999878257,457.57800000000015,3.4303000000000017,63.49,0,5,5,3,0.5874789160580373,O=C(Cc1ccccc1)N1CCC2(CC1)CN(C1CCc3cc(-n4nccn4)ccc31)C2,False
CHEMBL2426686,COc1ccc(CC(=O)N2CCC3(CC2)CN([C@@H]2CCc4cc(-n5nccn5)ccc42)C3)nc1,8.480040819247932,458.56600000000014,2.8253000000000013,76.38,0,6,5,3,0.5853150926541899,O=C(Cc1ccccn1)N1CCC2(CC1)CN(C1CCc3cc(-n4nccn4)ccc31)C2,False
CHEMBL2426670,COc1ccc(CC(=O)N2CCC3(CC2)CN([C@H](C)c2ccc(-c4ncccn4)cc2)C3)nc1,4.600000074606178,457.5780000000001,3.7753000000000023,71.45,0,6,6,3,0.5611346671036352,O=C(Cc1ccccn1)N1CCC2(CC1)CN(Cc1ccc(-c3ncccn3)cc1)C2,False
CHEMBL2426676,COc1ccc(CC(=O)N2CCC3(CC2)CN([C@H]2CCc4cc(-c5ncccn5)ccc42)C3)cc1,6.560004526046192,468.60100000000017,4.306600000000004,58.56,0,5,5,3,0.5586688609969603,O=C(Cc1ccccc1)N1CCC2(CC1)CN(C1CCc3cc(-c4ncccn4)ccc31)C2,False
CHEMBL2426679,COc1ccc(CC(=O)N2CCC3(CC2)CN([C@H]2CCc4cc(-c5ncccn5)ccc42)C3)nc1,5.95999928552668,469.58900000000017,3.7016000000000027,71.45,0,6,5,3,0.567511257146099,O=C(Cc1ccccn1)N1CCC2(CC1)CN(C1CCc3cc(-c4ncccn4)ccc31)C2,False
CHEMBL2426682,COc1ccc(CC(=O)N2CCC3(CC2)CN([C@H]2CCc4cc(-c5nccs5)ccc42)C3)nc1,5.860001341725205,474.63000000000017,4.368100000000004,58.56,0,6,5,3,0.5497252095461201,O=C(Cc1ccccn1)N1CCC2(CC1)CN(C1CCc3cc(-c4nccs4)ccc31)C2,False
CHEMBL3394204,COc1ccc(CCC(=O)N2CCC3(CC2)CN([C@@H]2CCc4cc(-c5cc(C)ncn5)ccc42)C3)c(C(N)=O)c1,6.856985199745905,539.6800000000003,4.104020000000003,101.65,1,6,7,3,0.4851092384392734,O=C(CCc1ccccc1)N1CCC2(CC1)CN(C1CCc3cc(-c4ccncn4)ccc31)C2,False
CHEMBL427076,COc1ccc(CCn2c(CCc3ccccc3)nnc2[C@@H](Cc2c[nH]c3ccccc23)NC(=O)C(C)(C)N)cc1,6.259637310505756,550.7070000000002,4.933200000000003,110.84999999999998,3,5,12,5,0.20395937719850818,c1ccc(CCc2nnc(CCc3c[nH]c4ccccc34)n2CCc2ccccc2)cc1,True
CHEMBL397594,COc1ccc(CN2C([C@@H](Cc3c[nH]c4ccccc34)NC(=O)C3CCCCC3)=NNC2CCc2ccccc2)cc1,7.7447274948966935,563.7460000000004,6.1619000000000055,81.75,3,5,11,4,0.20413130493623272,O=C(NC(Cc1c[nH]c2ccccc12)C1=NNC(CCc2ccccc2)N1Cc1ccccc1)C1CCCCC1,True
CHEMBL391588,COc1ccc(CN2C([C@@H](Cc3c[nH]c4ccccc34)NC(=O)C3CCNCC3)=NNC2CCc2ccccc2)c(OC)c1,9.045757490560675,594.7600000000003,4.589800000000003,103.01,4,7,12,4,0.19145204998192075,O=C(NC(Cc1c[nH]c2ccccc12)C1=NNC(CCc2ccccc2)N1Cc1ccccc1)C1CCNCC1,True
CHEMBL240509,COc1ccc(CN2C([C@@H](Cc3c[nH]c4ccccc34)NC(=O)C3CCNCC3)=NNC2CCc2ccccc2)cc1,9.221848749616356,564.7340000000004,4.581200000000003,93.78,4,6,11,4,0.214048791660518,O=C(NC(Cc1c[nH]c2ccccc12)C1=NNC(CCc2ccccc2)N1Cc1ccccc1)C1CCNCC1,True
CHEMBL397593,COc1ccc(CN2C([C@@H](Cc3c[nH]c4ccccc34)NC(=O)C3CCOCC3)=NNC2CCc2ccccc2)cc1,8.221848749616356,565.7180000000004,5.008200000000004,90.98,3,6,11,4,0.23797099814627953,O=C(NC(Cc1c[nH]c2ccccc12)C1=NNC(CCc2ccccc2)N1Cc1ccccc1)C1CCOCC1,True
CHEMBL392191,COc1ccc(CN2C([C@@H](Cc3c[nH]c4ccccc34)NC(=O)C3CNCCN3)=NNC2CCc2c[nH]c3ccccc23)c(OC)c1,7.494850021680094,634.7850000000002,3.632900000000003,130.82999999999998,6,8,12,5,0.12365102261640583,O=C(NC(Cc1c[nH]c2ccccc12)C1=NNC(CCc2c[nH]c3ccccc23)N1Cc1ccccc1)C1CNCCN1,True
CHEMBL391980,COc1ccc(CN2C([C@@H](Cc3c[nH]c4ccccc34)NC(=O)C3CNCCN3)=NNC2CCc2c[nH]c3ccccc23)cc1,7.7447274948966935,604.7590000000002,3.6243000000000034,121.6,6,7,11,5,0.1370503603605364,O=C(NC(Cc1c[nH]c2ccccc12)C1=NNC(CCc2c[nH]c3ccccc23)N1Cc1ccccc1)C1CNCCN1,True
CHEMBL415674,COc1ccc(CN2C([C@@H](Cc3c[nH]c4ccccc34)NC(=O)C3CNCCN3)=NNC2CCc2ccccc2)c(OC)c1,7.455931955649724,595.7480000000003,3.151600000000003,115.04,5,8,12,4,0.17101246956667374,O=C(NC(Cc1c[nH]c2ccccc12)C1=NNC(CCc2ccccc2)N1Cc1ccccc1)C1CNCCN1,True
CHEMBL240522,COc1ccc(CN2C([C@@H](Cc3c[nH]c4ccccc34)NC(=O)C3CNCCN3)=NNC2CCc2ccccc2)cc1,7.267606240177031,565.7220000000003,3.1430000000000025,105.81,5,7,11,4,0.19144873129719792,O=C(NC(Cc1c[nH]c2ccccc12)C1=NNC(CCc2ccccc2)N1Cc1ccccc1)C1CNCCN1,True
CHEMBL241242,COc1ccc(CN2C([C@@H](Cc3c[nH]c4ccccc34)NC(=O)CCN)=NNC2CCc2ccccc2)cc1,7.229147988357855,524.6690000000003,3.9304000000000014,107.77,4,6,12,4,0.2246644224107227,c1ccc(CCC2NN=C(CCc3c[nH]c4ccccc34)N2Cc2ccccc2)cc1,True
CHEMBL241033,COc1ccc(CN2C([C@@H](Cc3c[nH]c4ccccc34)NC(=O)[C@@H](C)N)=NNC2CCc2ccccc2)cc1,6.94692155651658,524.6690000000003,3.9288000000000016,107.77,4,6,11,4,0.23786271740064013,c1ccc(CCC2NN=C(CCc3c[nH]c4ccccc34)N2Cc2ccccc2)cc1,True
CHEMBL396681,COc1ccc(CN2C([C@@H](Cc3c[nH]c4ccccc34)NC(=O)[C@@H]3CCCN3)=NNC2CCc2ccccc2)c(OC)c1,7.356547323513812,580.7330000000003,4.342200000000003,103.01,4,7,12,4,0.19889171356042218,O=C(NC(Cc1c[nH]c2ccccc12)C1=NNC(CCc2ccccc2)N1Cc1ccccc1)C1CCCN1,True
CHEMBL241664,COc1ccc(CN2C([C@@H](Cc3c[nH]c4ccccc34)NC(=O)[C@@H]3CCCN3)=NNC2CCc2ccccc2)cc1,8.022276394711152,550.7070000000003,4.333600000000002,93.78,4,6,11,4,0.22309075174403664,O=C(NC(Cc1c[nH]c2ccccc12)C1=NNC(CCc2ccccc2)N1Cc1ccccc1)C1CCCN1,True
CHEMBL428383,COc1ccc(CN2C([C@@H](Cc3c[nH]c4ccccc34)NC(=O)[C@H](N)Cc3ccccc3)=NNC2CCc2ccccc2)cc1,6.756961951313706,600.7670000000004,5.151600000000004,107.77,4,6,13,5,0.14955750482634136,O=C(CCc1ccccc1)NC(Cc1c[nH]c2ccccc12)C1=NNC(CCc2ccccc2)N1Cc1ccccc1,True
CHEMBL397109,COc1ccc(CN2C([C@@H](Cc3c[nH]c4ccccc34)NC(=O)[C@H]3CCCN3)=NNC2CCc2ccccc2)cc1,7.494850021680094,550.7070000000003,4.333600000000002,93.78,4,6,11,4,0.22309075174403664,O=C(NC(Cc1c[nH]c2ccccc12)C1=NNC(CCc2ccccc2)N1Cc1ccccc1)C1CCCN1,True
CHEMBL3593814,COc1ccc(CNC(=O)c2cc(C#CC(C)(C)NC(C)=O)cnc2NCc2ccc3c(c2)OCO3)cc1Cl,8.522878745280337,549.0270000000003,4.280600000000003,110.81000000000002,3,7,8,3,0.3602825760523311,O=C(NCc1ccccc1)c1cccnc1NCc1ccc2c(c1)OCO2,False
CHEMBL3593635,COc1ccc(CNC(=O)c2cc(C3=C[C@@H]4CC[C@H](C3)N(C(C)=O)C4)cnc2NCc2ccc3c(c2)OCC3)cc1Cl,9.3767507096021,587.1200000000002,5.634800000000006,92.79,2,6,8,3,0.3551110078656692,O=C(NCc1ccccc1)c1cc(C2=CC3CCC(C2)NC3)cnc1NCc1ccc2c(c1)OCC2,False
CHEMBL3593636,COc1ccc(CNC(=O)c2cc(C3=C[C@@H]4CC[C@H](C3)N(C(C)=O)C4)cnc2NCc2ccc3c(c2)OCO3)cc1Cl,9.522878745280337,589.0920000000003,5.428600000000005,102.02000000000001,2,7,8,3,0.36176528133953556,O=C(NCc1ccccc1)c1cc(C2=CC3CCC(C2)NC3)cnc1NCc1ccc2c(c1)OCO2,False
CHEMBL205784,COc1ccc(CNc2ccc(-c3c(N)nc(N)nc3COCc3ccccc3)cc2)cc1,7.579633382694096,441.5350000000002,4.645500000000003,108.31,3,7,9,4,0.3469800735122254,c1ccc(CNc2ccc(-c3cncnc3COCc3ccccc3)cc2)cc1,False
CHEMBL4799766,COc1ccc(C[C@@H](N)C(=O)NCC(=O)N[C@H](Cc2c[nH]c3ccccc23)c2nnc(CCc3ccccc3)n2Cc2ccc(OC)cc2)cc1,7.769551078621726,685.8290000000002,4.696300000000004,149.17999999999998,4,7,16,6,0.11548953713543225,O=C(CCc1ccccc1)NCC(=O)NC(Cc1c[nH]c2ccccc12)c1nnc(CCc2ccccc2)n1Cc1ccccc1,True
CHEMBL3889512,COc1ccc(C[C@@H]2NC(=O)C3(CCCC3)NC(=O)[C@H](CC(C)C)NCCOc3ccccc3/C=C\CNC2=O)cc1,8.0,576.7380000000003,3.3778000000000024,117.79000000000002,4,6,5,2,0.4337231116212984,O=C1CNCCOc2ccccc2C=CCNC(=O)C(Cc2ccccc2)NC(=O)C2(CCCC2)N1,False
CHEMBL3913981,COc1ccc(C[C@@H]2NCCOc3ccccc3/C=C\CNC(=O)[C@H](Cc3ccccc3)NC(=O)C3(CCCC3)NC2=O)cc1,7.0,610.7550000000001,3.5744000000000016,117.78999999999999,4,6,5,3,0.3510906837685675,O=C1NC2(CCCC2)C(=O)NC(Cc2ccccc2)C(=O)NCC=Cc2ccccc2OCCNC1Cc1ccccc1,False
CHEMBL3931402,COc1ccc(C[C@H]2NC(=O)[C@@H](C)N(C)C(=O)[C@H](C3CC3)NCCOc3ccccc3CCCNC2=O)cc1OC,7.0,566.6990000000004,2.0876000000000015,118.23,3,7,5,2,0.5073758815565124,O=C1CNC(=O)C(C2CC2)NCCOc2ccccc2CCCNC(=O)C(Cc2ccccc2)N1,False
CHEMBL393692,COc1ccc(Cn2c(CCC3C=Nc4ccccc43)nnc2[C@@H](Cc2c[nH]c3ccccc23)NC(=O)CN)cc1,6.860120913598763,547.6630000000002,4.607300000000002,123.21,3,6,11,5,0.22291857454765018,C1=Nc2ccccc2C1CCc1nnc(CCc2c[nH]c3ccccc23)n1Cc1ccccc1,True
CHEMBL222835,COc1ccc(Cn2c(CCCc3c[nH]c4ccccc34)nnc2[C@@H](Cc2c[nH]c3ccccc23)NC(=O)C(C)(C)N)c(OC)c1,6.1249387366083,619.77,5.618800000000004,135.87,4,6,13,6,0.13256255277763035,c1ccc(Cn2c(CCCc3c[nH]c4ccccc34)nnc2CCc2c[nH]c3ccccc23)cc1,True
CHEMBL222622,COc1ccc(Cn2c(CCCc3c[nH]c4ccccc34)nnc2[C@@H](Cc2c[nH]c3ccccc23)NC(=O)C(C)(C)N)cc1,6.838631997765026,589.744,5.610200000000003,126.64,4,5,12,6,0.1476197392590708,c1ccc(Cn2c(CCCc3c[nH]c4ccccc34)nnc2CCc2c[nH]c3ccccc23)cc1,True
CHEMBL374655,COc1ccc(Cn2c(CCCc3ccccc3)nnc2[C@@H](Cc2c[nH]c3ccccc23)NC(=O)C(C)(C)N)cc1,7.920818753952375,550.7070000000002,5.128900000000003,110.84999999999998,3,5,12,5,0.1995010186981105,c1ccc(CCCc2nnc(CCc3c[nH]c4ccccc34)n2Cc2ccccc2)cc1,True
CHEMBL4797064,COc1ccc(Cn2c(CCN3CCOCC3)nnc2[C@@H](Cc2c[nH]c3ccccc23)NC(=O)CNC(=O)/C(C#N)=C/c2ccc(N(C)C)cc2)cc1,8.200659450546418,715.8589999999999,3.8803800000000024,153.42999999999998,3,9,15,5,0.10833076437464308,O=C(C=Cc1ccccc1)NCC(=O)NC(Cc1c[nH]c2ccccc12)c1nnc(CCN2CCOCC2)n1Cc1ccccc1,True
CHEMBL4785149,COc1ccc(Cn2c(CCN3CCOCC3)nnc2[C@@H](Cc2c[nH]c3ccccc23)NC(=O)CNC(=O)/C(C#N)=C/c2ccc(O)cc2)cc1,7.1938200260161125,688.7890000000001,3.519980000000001,170.41999999999996,4,9,14,5,0.10072680154953445,O=C(C=Cc1ccccc1)NCC(=O)NC(Cc1c[nH]c2ccccc12)c1nnc(CCN2CCOCC2)n1Cc1ccccc1,True
CHEMBL4780408,COc1ccc(Cn2c(CCN3CCOCC3)nnc2[C@@H](Cc2c[nH]c3ccccc23)NC(=O)CNC(=O)/C(C#N)=C/c2ccccc2)cc1,7.173925197299173,672.7900000000001,3.8143800000000017,150.18999999999997,3,8,14,5,0.11913015235444342,O=C(C=Cc1ccccc1)NCC(=O)NC(Cc1c[nH]c2ccccc12)c1nnc(CCN2CCOCC2)n1Cc1ccccc1,True
CHEMBL252501,COc1ccc(Cn2c(CCc3c[nH]c4ccccc34)nnc2[C@@H](CC(=O)OCc2ccccc2)NC(=O)C(C)(C)N)cc1,6.346787486224656,594.7160000000001,4.629600000000003,137.15000000000003,3,7,13,5,0.16910878957219594,O=C(CCc1nnc(CCc2c[nH]c3ccccc23)n1Cc1ccccc1)OCc1ccccc1,True
CHEMBL254741,COc1ccc(Cn2c(CCc3c[nH]c4ccccc34)nnc2[C@@H](COCc2ccccc2)NC(=O)C(C)(C)N)cc1,6.096910013008056,566.7060000000002,4.712900000000003,120.08,3,6,13,5,0.18985865996492085,c1ccc(COCCc2nnc(CCc3c[nH]c4ccccc34)n2Cc2ccccc2)cc1,True
CHEMBL386218,COc1ccc(Cn2c(CCc3c[nH]c4ccccc34)nnc2[C@@H](Cc2c[nH]c3ccccc23)NC(=O)C(C)(C)N)c(OC)c1,6.96657624451305,605.743,5.228700000000003,135.87,4,6,12,6,0.1509059681349297,c1ccc(Cn2c(CCc3c[nH]c4ccccc34)nnc2CCc2c[nH]c3ccccc23)cc1,True
CHEMBL374643,COc1ccc(Cn2c(CCc3c[nH]c4ccccc34)nnc2[C@@H](Cc2c[nH]c3ccccc23)NC(=O)C(C)(C)N)cc1,8.221848749616356,575.7170000000001,5.220100000000003,126.64,4,5,11,6,0.16851734074808786,c1ccc(Cn2c(CCc3c[nH]c4ccccc34)nnc2CCc2c[nH]c3ccccc23)cc1,True
CHEMBL392592,COc1ccc(Cn2c(CCc3c[nH]c4ccccc34)nnc2[C@@H](Cc2c[nH]c3ccccc23)NC(=O)C2CCCCN2)cc1,7.275724130399211,601.755,5.624900000000004,112.65,4,5,11,6,0.15393747876073502,O=C(NC(Cc1c[nH]c2ccccc12)c1nnc(CCc2c[nH]c3ccccc23)n1Cc1ccccc1)C1CCCCN1,True
CHEMBL2113321,COc1ccc(Cn2c(CCc3c[nH]c4ccccc34)nnc2[C@@H](Cc2c[nH]c3ccccc23)NC(=O)C2CCCNC2)c(OC)c1,8.187086643357144,631.781,5.491000000000004,121.88000000000001,4,6,12,6,0.14177074527669,O=C(NC(Cc1c[nH]c2ccccc12)c1nnc(CCc2c[nH]c3ccccc23)n1Cc1ccccc1)C1CCCNC1,True
CHEMBL2113324,COc1ccc(Cn2c(CCc3c[nH]c4ccccc34)nnc2[C@@H](Cc2c[nH]c3ccccc23)NC(=O)C2CCNCC2)c(OC)c1,9.301029995663981,631.781,5.491000000000004,121.88000000000001,4,6,12,6,0.14177074527669,O=C(NC(Cc1c[nH]c2ccccc12)c1nnc(CCc2c[nH]c3ccccc23)n1Cc1ccccc1)C1CCNCC1,True
CHEMBL266063,COc1ccc(Cn2c(CCc3c[nH]c4ccccc34)nnc2[C@@H](Cc2c[nH]c3ccccc23)NC(=O)C2CCNCC2)cc1,9.522878745280337,601.755,5.482400000000004,112.65,4,5,11,6,0.15711609682073904,O=C(NC(Cc1c[nH]c2ccccc12)c1nnc(CCc2c[nH]c3ccccc23)n1Cc1ccccc1)C1CCNCC1,True
CHEMBL393693,COc1ccc(Cn2c(CCc3c[nH]c4ccccc34)nnc2[C@@H](Cc2c[nH]c3ccccc23)NC(=O)CN)c(OC)c1,7.42021640338319,577.6890000000002,4.450100000000002,135.87,4,6,12,6,0.16972888989160148,c1ccc(Cn2c(CCc3c[nH]c4ccccc34)nnc2CCc2c[nH]c3ccccc23)cc1,True
CHEMBL4752936,COc1ccc(Cn2c(CCc3c[nH]c4ccccc34)nnc2[C@@H](Cc2c[nH]c3ccccc23)NC(=O)CNC(=O)/C(C#N)=C/c2ccc(O)cc2)cc1,7.522878745280337,718.8180000000002,5.911780000000005,173.73999999999998,5,7,14,7,0.0686538005011377,O=C(C=Cc1ccccc1)NCC(=O)NC(Cc1c[nH]c2ccccc12)c1nnc(CCc2c[nH]c3ccccc23)n1Cc1ccccc1,True
CHEMBL403426,COc1ccc(Cn2c(CCc3c[nH]c4ccccc34)nnc2[C@@H](Cc2c[nH]c3ccccc23)NC(=O)OC2CCOCC2)cc1,7.346787486224656,618.738,6.271800000000005,119.08000000000001,3,6,11,6,0.1574947943329346,O=C(NC(Cc1c[nH]c2ccccc12)c1nnc(CCc2c[nH]c3ccccc23)n1Cc1ccccc1)OC1CCOCC1,True
CHEMBL252255,COc1ccc(Cn2c(CCc3c[nH]c4ccccc34)nnc2[C@@H](Cc2c[nH]c3ccccc23)NC(=O)Oc2ccccn2)cc1,8.721246399047171,611.7060000000002,6.550200000000006,122.74000000000001,3,6,11,7,0.15249528500353302,O=C(NC(Cc1c[nH]c2ccccc12)c1nnc(CCc2c[nH]c3ccccc23)n1Cc1ccccc1)Oc1ccccn1,True
CHEMBL253126,COc1ccc(Cn2c(CCc3c[nH]c4ccccc34)nnc2[C@@H](Cc2c[nH]c3ccccc23)NC(=O)[C@@H]2CCCN2)c(OC)c1,8.2518119729938,617.754,5.243400000000003,121.88000000000001,4,6,12,6,0.14902012369909493,O=C(NC(Cc1c[nH]c2ccccc12)c1nnc(CCc2c[nH]c3ccccc23)n1Cc1ccccc1)C1CCCN1,True
CHEMBL2113318,COc1ccc(Cn2c(CCc3c[nH]c4ccccc34)nnc2[C@@H](Cc2c[nH]c3ccccc23)NC(=O)[C@@H]2CCCN2)cc1,8.045757490560675,587.7280000000001,5.2348000000000035,112.65,4,5,11,6,0.1657852331941406,O=C(NC(Cc1c[nH]c2ccccc12)c1nnc(CCc2c[nH]c3ccccc23)n1Cc1ccccc1)C1CCCN1,True
CHEMBL2113323,COc1ccc(Cn2c(CCc3c[nH]c4ccccc34)nnc2[C@@H](Cc2c[nH]c3ccccc23)NC(=O)[C@H]2CCCCN2)cc1,7.537602002101044,601.755,5.624900000000004,112.65,4,5,11,6,0.15393747876073502,O=C(NC(Cc1c[nH]c2ccccc12)c1nnc(CCc2c[nH]c3ccccc23)n1Cc1ccccc1)C1CCCCN1,True
CHEMBL2113319,COc1ccc(Cn2c(CCc3c[nH]c4ccccc34)nnc2[C@@H](Cc2c[nH]c3ccccc23)NC(=O)[C@H]2CCCN2)cc1,7.552841968657781,587.7280000000001,5.2348000000000035,112.65,4,5,11,6,0.1657852331941406,O=C(NC(Cc1c[nH]c2ccccc12)c1nnc(CCc2c[nH]c3ccccc23)n1Cc1ccccc1)C1CCCN1,True
CHEMBL241775,COc1ccc(Cn2c(CCc3c[nH]c4ccccc34)nnc2[C@@H](Cc2c[nH]c3ccccc23)NC(=O)[C@H]2CCCNC2)cc1,8.0,601.755,5.482400000000004,112.65,4,5,11,6,0.15711609682073904,O=C(NC(Cc1c[nH]c2ccccc12)c1nnc(CCc2c[nH]c3ccccc23)n1Cc1ccccc1)C1CCCNC1,True
CHEMBL252643,COc1ccc(Cn2c(CCc3c[nH]c4ccccc34)nnc2[C@@H](Cc2c[nH]c3ccccc23)NC(=O)c2ccccn2)cc1,8.096910013008056,595.7070000000002,6.191600000000005,113.51,3,5,11,7,0.16504207035226331,O=C(NC(Cc1c[nH]c2ccccc12)c1nnc(CCc2c[nH]c3ccccc23)n1Cc1ccccc1)c1ccccn1,True
CHEMBL3645261,COc1ccc(Cn2c(CCc3c[nH]c4ccccc34)nnc2[C@@H](Cc2ccc3ccccc3c2)NC(=O)OC(C)(C)C)cc1,7.782516055786093,601.7510000000001,7.563200000000008,94.06000000000002,2,5,10,6,0.16899515698847314,c1ccc(Cn2c(CCc3ccc4ccccc4c3)nnc2CCc2c[nH]c3ccccc23)cc1,True
CHEMBL439251,COc1ccc(Cn2c(CCc3c[nH]c4ccccc34)nnc2[C@@H](Cc2ccccc2)NC(=O)C(C)(C)N)cc1,6.698970004336019,536.6800000000003,4.738800000000003,110.85000000000001,3,5,11,5,0.2258762499069702,c1ccc(CCc2nnc(CCc3c[nH]c4ccccc34)n2Cc2ccccc2)cc1,True
CHEMBL436849,COc1ccc(Cn2c(CCc3c[nH]c4ccccc34)nnc2[C@H](Cc2c[nH]c3ccccc23)NC(=O)C(C)(C)N)c(OC)c1,6.28788596465201,605.743,5.228700000000003,135.87,4,6,12,6,0.1509059681349297,c1ccc(Cn2c(CCc3c[nH]c4ccccc34)nnc2CCc2c[nH]c3ccccc23)cc1,True
CHEMBL403682,COc1ccc(Cn2c(CCc3c[nH]c4ccccc34)nnc2[C@H](Cc2c[nH]c3ccccc23)NC(=O)C(C)(C)N)cc1,6.853871964321762,575.7170000000001,5.220100000000003,126.64,4,5,11,6,0.16851734074808786,c1ccc(Cn2c(CCc3c[nH]c4ccccc34)nnc2CCc2c[nH]c3ccccc23)cc1,True
CHEMBL252448,COc1ccc(Cn2c(CCc3c[nH]c4ccccc34)nnc2[C@H](Cc2c[nH]c3ccccc23)NC(=O)C2CCNCC2)cc1,8.154901959985743,601.755,5.482400000000004,112.65,4,5,11,6,0.15711609682073904,O=C(NC(Cc1c[nH]c2ccccc12)c1nnc(CCc2c[nH]c3ccccc23)n1Cc1ccccc1)C1CCNCC1,True
CHEMBL251855,COc1ccc(Cn2c(CCc3c[nH]c4ccccc34)nnc2[C@H](Cc2c[nH]c3ccccc23)NC(=O)OC2CCOCC2)cc1,5.886056647693163,618.738,6.271800000000005,119.08000000000001,3,6,11,6,0.1574947943329346,O=C(NC(Cc1c[nH]c2ccccc12)c1nnc(CCc2c[nH]c3ccccc23)n1Cc1ccccc1)OC1CCOCC1,True
CHEMBL403542,COc1ccc(Cn2c(CCc3c[nH]c4ccccc34)nnc2[C@H](Cc2c[nH]c3ccccc23)NC(=O)Oc2ccccn2)cc1,6.756961951313706,611.7060000000002,6.550200000000006,122.74000000000001,3,6,11,7,0.15249528500353302,O=C(NC(Cc1c[nH]c2ccccc12)c1nnc(CCc2c[nH]c3ccccc23)n1Cc1ccccc1)Oc1ccccn1,True
CHEMBL3350011,COc1ccc(Cn2c(CCc3c[nH]c4ccccc34)nnc2[C@H](Cc2c[nH]c3ccccc23)NC(=O)[C@@H]2CCCN2)cc1,6.187086643357144,587.7280000000001,5.2348000000000035,112.65,4,5,11,6,0.1657852331941406,O=C(NC(Cc1c[nH]c2ccccc12)c1nnc(CCc2c[nH]c3ccccc23)n1Cc1ccccc1)C1CCCN1,True
CHEMBL402023,COc1ccc(Cn2c(CCc3c[nH]c4ccccc34)nnc2[C@H](Cc2c[nH]c3ccccc23)NC(=O)c2ccccn2)cc1,6.086186147616283,595.7070000000002,6.191600000000005,113.51,3,5,11,7,0.16504207035226331,O=C(NC(Cc1c[nH]c2ccccc12)c1nnc(CCc2c[nH]c3ccccc23)n1Cc1ccccc1)c1ccccn1,True
CHEMBL399446,COc1ccc(Cn2c(CCc3c[nH]c4ccccc34)nnc2[C@H](NC(=O)C(C)(C)N)c2c[nH]c3ccccc23)c(OC)c1,6.96657624451305,591.7160000000002,5.0343000000000035,135.87,4,6,11,6,0.1668325806738865,c1ccc(Cn2c(CCc3c[nH]c4ccccc34)nnc2Cc2c[nH]c3ccccc23)cc1,True
CHEMBL401467,COc1ccc(Cn2c(CCc3c[nH]c4ccccc34)nnc2[C@H](NC(=O)Cc2ccccn2)c2c[nH]c3ccccc23)c(OC)c1,7.468521082957745,625.7330000000002,5.934700000000005,122.74000000000002,3,6,12,7,0.15465245038115646,O=C(Cc1ccccn1)NC(c1c[nH]c2ccccc12)c1nnc(CCc2c[nH]c3ccccc23)n1Cc1ccccc1,True
CHEMBL413608,COc1ccc(Cn2c(CCc3c[nH]c4ccccc34)nnc2[C@H](NC(=O)Cc2ccccn2)c2c[nH]c3ccccc23)cc1,8.102372908709558,595.7070000000002,5.926100000000004,113.51000000000002,3,5,11,7,0.17170574504728175,O=C(Cc1ccccn1)NC(c1c[nH]c2ccccc12)c1nnc(CCc2c[nH]c3ccccc23)n1Cc1ccccc1,True
CHEMBL414930,COc1ccc(Cn2c(CCc3c[nH]c4ccccc34)nnc2[C@H](NC(=O)Cc2ccncc2)c2c[nH]c3ccccc23)cc1,7.119186407719209,595.7070000000002,5.926100000000004,113.51000000000002,3,5,11,7,0.17170574504728175,O=C(Cc1ccncc1)NC(c1c[nH]c2ccccc12)c1nnc(CCc2c[nH]c3ccccc23)n1Cc1ccccc1,True
CHEMBL400879,COc1ccc(Cn2c(CCc3c[nH]c4ccccc34)nnc2[C@H](NC(=O)[C@H]2CCCC[C@H]2N)c2c[nH]c3ccccc23)c(OC)c1,6.853871964321762,631.7810000000003,5.814500000000004,135.87,4,6,11,6,0.14245616433401312,O=C(NC(c1c[nH]c2ccccc12)c1nnc(CCc2c[nH]c3ccccc23)n1Cc1ccccc1)C1CCCCC1,True
CHEMBL399653,COc1ccc(Cn2c(CCc3c[nH]c4ccccc34)nnc2[C@H](NC(=O)c2ccccc2N)c2c[nH]c3ccccc23)c(OC)c1,6.950781977329818,625.7330000000002,6.193000000000005,135.87,4,6,11,7,0.1266062497802064,O=C(NC(c1c[nH]c2ccccc12)c1nnc(CCc2c[nH]c3ccccc23)n1Cc1ccccc1)c1ccccc1,True
CHEMBL399447,COc1ccc(Cn2c(CCc3c[nH]c4ccccc34)nnc2[C@H](NC(=O)c2ccccn2)c2c[nH]c3ccccc23)c(OC)c1,8.744727494896694,611.7060000000001,6.005800000000005,122.74000000000002,3,6,11,7,0.16481495703060708,O=C(NC(c1c[nH]c2ccccc12)c1nnc(CCc2c[nH]c3ccccc23)n1Cc1ccccc1)c1ccccn1,True
CHEMBL249639,COc1ccc(Cn2c(CCc3c[nH]c4ccccc34)nnc2[C@H](NC(=O)c2ccccn2)c2c[nH]c3ccccc23)cc1,8.721246399047171,581.6800000000002,5.997200000000005,113.51000000000002,3,5,10,7,0.18347133937940568,O=C(NC(c1c[nH]c2ccccc12)c1nnc(CCc2c[nH]c3ccccc23)n1Cc1ccccc1)c1ccccn1,True
CHEMBL400381,COc1ccc(Cn2c(CCc3c[nH]c4ccccc34)nnc2[C@H](NC(=O)c2cnccn2)c2c[nH]c3ccccc23)c(OC)c1,7.732828271596986,612.6940000000002,5.400800000000004,135.63,3,7,11,7,0.17799849311350796,O=C(NC(c1c[nH]c2ccccc12)c1nnc(CCc2c[nH]c3ccccc23)n1Cc1ccccc1)c1cnccn1,True
CHEMBL385803,COc1ccc(Cn2c(CCc3ccccc3)nnc2[C@@H](Cc2c[nH]c3ccccc23)NC(=O)C(C)(C)N)c(OC)c1,7.207608310501746,566.7060000000002,4.7474000000000025,120.07999999999998,3,6,12,5,0.20056404120889873,c1ccc(CCc2nnc(CCc3c[nH]c4ccccc34)n2Cc2ccccc2)cc1,True
CHEMBL375859,COc1ccc(Cn2c(CCc3ccccc3)nnc2[C@@H](Cc2c[nH]c3ccccc23)NC(=O)C(C)(C)N)cc1,7.958607314841775,536.6800000000003,4.738800000000003,110.84999999999998,3,5,11,5,0.2258762499069702,c1ccc(CCc2nnc(CCc3c[nH]c4ccccc34)n2Cc2ccccc2)cc1,True
CHEMBL4745548,COc1ccc(Cn2c(CCc3ccccc3)nnc2[C@@H](Cc2c[nH]c3ccccc23)NC(=O)CN(C)C)cc1,6.698970004336019,536.6800000000003,4.563100000000003,88.06999999999998,2,5,12,5,0.24407654412368512,c1ccc(CCc2nnc(CCc3c[nH]c4ccccc34)n2Cc2ccccc2)cc1,True
CHEMBL393565,COc1ccc(Cn2c(CCc3ccccc3)nnc2[C@@H](Cc2c[nH]c3ccccc23)NC(=O)CN)c(OC)c1,6.8124792791635365,538.6520000000003,3.9688000000000017,120.07999999999998,3,6,12,5,0.22114687516156697,c1ccc(CCc2nnc(CCc3c[nH]c4ccccc34)n2Cc2ccccc2)cc1,True
CHEMBL400814,COc1ccc(Cn2c(CCc3ccccc3)nnc2[C@@H](Cc2c[nH]c3ccccc23)NC(=O)CN)cc1,7.494850021680094,508.62600000000026,3.9602000000000013,110.84999999999998,3,5,11,5,0.2501407220329831,c1ccc(CCc2nnc(CCc3c[nH]c4ccccc34)n2Cc2ccccc2)cc1,True
CHEMBL4780100,COc1ccc(Cn2c(CCc3ccccc3)nnc2[C@@H](Cc2c[nH]c3ccccc23)NC(=O)CN2CCC(N)CC2)cc1,6.657577319177793,591.7600000000001,4.4246000000000025,114.08999999999997,3,6,12,5,0.19795060829221692,O=C(CN1CCCCC1)NC(Cc1c[nH]c2ccccc12)c1nnc(CCc2ccccc2)n1Cc1ccccc1,True
CHEMBL4746362,COc1ccc(Cn2c(CCc3ccccc3)nnc2[C@@H](Cc2c[nH]c3ccccc23)NC(=O)CNC(=O)/C(C#N)=C/c2c[nH]c3ccccc23)cc1,8.200659450546418,702.8190000000001,6.206180000000005,153.50999999999996,4,6,14,7,0.07816053463593425,O=C(C=Cc1c[nH]c2ccccc12)NCC(=O)NC(Cc1c[nH]c2ccccc12)c1nnc(CCc2ccccc2)n1Cc1ccccc1,True
CHEMBL4744051,COc1ccc(Cn2c(CCc3ccccc3)nnc2[C@@H](Cc2c[nH]c3ccccc23)NC(=O)CNC(=O)/C(C#N)=C/c2ccc(C)cc2)cc1,9.0,677.8090000000001,6.033300000000006,137.71999999999997,3,6,14,6,0.09509782506775773,O=C(C=Cc1ccccc1)NCC(=O)NC(Cc1c[nH]c2ccccc12)c1nnc(CCc2ccccc2)n1Cc1ccccc1,True
CHEMBL4793824,COc1ccc(Cn2c(CCc3ccccc3)nnc2[C@@H](Cc2c[nH]c3ccccc23)NC(=O)CNC(=O)/C(C#N)=C/c2ccc(F)cc2)cc1,9.221848749616356,681.7720000000002,5.863980000000005,137.71999999999997,3,6,14,6,0.09728053616887954,O=C(C=Cc1ccccc1)NCC(=O)NC(Cc1c[nH]c2ccccc12)c1nnc(CCc2ccccc2)n1Cc1ccccc1,True
CHEMBL4745116,COc1ccc(Cn2c(CCc3ccccc3)nnc2[C@@H](Cc2c[nH]c3ccccc23)NC(=O)CNC(=O)/C(C#N)=C/c2ccc(N(C)C)cc2)cc1,8.619788758288394,706.851,5.790880000000005,140.95999999999998,3,7,15,6,0.0907238722336906,O=C(C=Cc1ccccc1)NCC(=O)NC(Cc1c[nH]c2ccccc12)c1nnc(CCc2ccccc2)n1Cc1ccccc1,True
CHEMBL4777792,COc1ccc(Cn2c(CCc3ccccc3)nnc2[C@@H](Cc2c[nH]c3ccccc23)NC(=O)CNC(=O)/C(C#N)=C/c2ccc(O)cc2)cc1,8.522878745280337,679.7810000000002,5.4304800000000055,157.94999999999996,4,7,14,6,0.08831506549955771,O=C(C=Cc1ccccc1)NCC(=O)NC(Cc1c[nH]c2ccccc12)c1nnc(CCc2ccccc2)n1Cc1ccccc1,True
CHEMBL4759418,COc1ccc(Cn2c(CCc3ccccc3)nnc2[C@@H](Cc2c[nH]c3ccccc23)NC(=O)CNC(=O)/C(C#N)=C/c2ccc[nH]2)cc1,8.070581074285707,652.7590000000001,5.052980000000003,153.50999999999996,4,6,14,6,0.09541792511172509,O=C(C=Cc1ccc[nH]1)NCC(=O)NC(Cc1c[nH]c2ccccc12)c1nnc(CCc2ccccc2)n1Cc1ccccc1,True
CHEMBL4800459,COc1ccc(Cn2c(CCc3ccccc3)nnc2[C@@H](Cc2c[nH]c3ccccc23)NC(=O)CNC(=O)/C(C#N)=C/c2ccccc2)cc1,8.045757490560675,663.7820000000002,5.724880000000005,137.71999999999997,3,6,14,6,0.10066764756639063,O=C(C=Cc1ccccc1)NCC(=O)NC(Cc1c[nH]c2ccccc12)c1nnc(CCc2ccccc2)n1Cc1ccccc1,True
CHEMBL4757313,COc1ccc(Cn2c(CCc3ccccc3)nnc2[C@@H](Cc2c[nH]c3ccccc23)NC(=O)CNC(=O)/C(C#N)=C/c2cccs2)cc1,8.013228265733755,669.8110000000001,5.786380000000005,137.71999999999997,3,7,14,6,0.09927269654640937,O=C(C=Cc1cccs1)NCC(=O)NC(Cc1c[nH]c2ccccc12)c1nnc(CCc2ccccc2)n1Cc1ccccc1,True
CHEMBL4794448,COc1ccc(Cn2c(CCc3ccccc3)nnc2[C@@H](Cc2c[nH]c3ccccc23)NC(=O)CNC(=O)/C=C/c2ccc(F)cc2)cc1,7.251811972993799,656.7620000000003,5.9702000000000055,113.92999999999998,3,5,14,6,0.1251382343940634,O=C(C=Cc1ccccc1)NCC(=O)NC(Cc1c[nH]c2ccccc12)c1nnc(CCc2ccccc2)n1Cc1ccccc1,True
CHEMBL4797988,COc1ccc(Cn2c(CCc3ccccc3)nnc2[C@@H](Cc2c[nH]c3ccccc23)NC(=O)CNC(=O)/C=C/c2ccccc2)cc1,6.431798275933005,638.7720000000003,5.8311000000000055,113.92999999999998,3,5,14,6,0.13000999833235352,O=C(C=Cc1ccccc1)NCC(=O)NC(Cc1c[nH]c2ccccc12)c1nnc(CCc2ccccc2)n1Cc1ccccc1,True
CHEMBL4763700,COc1ccc(Cn2c(CCc3ccccc3)nnc2[C@@H](Cc2c[nH]c3ccccc23)NC(=O)CNC(=O)C#Cc2ccccc2)cc1,6.886056647693163,636.7560000000002,5.169400000000004,113.92999999999998,3,5,12,6,0.16055921744249352,O=C(C#Cc1ccccc1)NCC(=O)NC(Cc1c[nH]c2ccccc12)c1nnc(CCc2ccccc2)n1Cc1ccccc1,True
CHEMBL4759983,COc1ccc(Cn2c(CCc3ccccc3)nnc2[C@@H](Cc2c[nH]c3ccccc23)NC(=O)CNC(=O)C#N)cc1,5.795880017344075,561.6460000000002,3.641280000000001,137.71999999999997,3,6,12,5,0.19896483707620893,c1ccc(CCc2nnc(CCc3c[nH]c4ccccc34)n2Cc2ccccc2)cc1,True
CHEMBL4762631,COc1ccc(Cn2c(CCc3ccccc3)nnc2[C@@H](Cc2c[nH]c3ccccc23)NC(=O)CNC(=O)C(C#N)Cc2ccccc2)cc1,6.779891911959945,665.7980000000001,5.500180000000005,137.71999999999997,3,6,15,6,0.1325288405942525,O=C(CCc1ccccc1)NCC(=O)NC(Cc1c[nH]c2ccccc12)c1nnc(CCc2ccccc2)n1Cc1ccccc1,True
CHEMBL4781141,COc1ccc(Cn2c(CCc3ccccc3)nnc2[C@@H](Cc2c[nH]c3ccccc23)NC(=O)CNC(=O)C(C)(C)C#N)cc1,8.468521082957745,603.7270000000001,4.667480000000003,137.71999999999997,3,6,13,5,0.17892937519759727,c1ccc(CCc2nnc(CCc3c[nH]c4ccccc34)n2Cc2ccccc2)cc1,True
CHEMBL4797685,COc1ccc(Cn2c(CCc3ccccc3)nnc2[C@@H](Cc2c[nH]c3ccccc23)NC(=O)CNC(=O)C2(C#N)CCOCC2)cc1,7.552841968657781,645.7639999999999,4.438080000000003,146.94999999999996,3,7,13,5,0.17161597367210862,O=C(CNC(=O)C1CCOCC1)NC(Cc1c[nH]c2ccccc12)c1nnc(CCc2ccccc2)n1Cc1ccccc1,True
CHEMBL4747770,COc1ccc(Cn2c(CCc3ccccc3)nnc2[C@@H](Cc2c[nH]c3ccccc23)NC(=O)CNC(=O)C2CCN(c3oc(C)nc3C#N)CC2)cc1,8.18045606445813,725.8539999999997,5.202400000000004,166.98999999999998,3,9,14,6,0.13677916049757322,O=C(CNC(=O)C1CCN(c2cnco2)CC1)NC(Cc1c[nH]c2ccccc12)c1nnc(CCc2ccccc2)n1Cc1ccccc1,True
CHEMBL4761419,COc1ccc(Cn2c(CCc3ccccc3)nnc2[C@@H](Cc2c[nH]c3ccccc23)NC(=O)CNC(=O)CC#N)cc1,9.346787486224656,575.6730000000001,4.031380000000002,137.71999999999997,3,6,13,5,0.1938593096780957,c1ccc(CCc2nnc(CCc3c[nH]c4ccccc34)n2Cc2ccccc2)cc1,True
CHEMBL4753592,COc1ccc(Cn2c(CCc3ccccc3)nnc2[C@@H](Cc2c[nH]c3ccccc23)NC(=O)CNC(=O)CCc2ccc(O)cc2)cc1,7.455931955649724,656.7870000000001,5.4561000000000055,134.15999999999997,4,6,15,6,0.11611703436926316,O=C(CCc1ccccc1)NCC(=O)NC(Cc1c[nH]c2ccccc12)c1nnc(CCc2ccccc2)n1Cc1ccccc1,True
CHEMBL4760746,COc1ccc(Cn2c(CCc3ccccc3)nnc2[C@@H](Cc2c[nH]c3ccccc23)NC(=O)CNC(=O)CN)cc1,6.886056647693163,565.6780000000001,3.0764000000000005,139.95,4,6,13,5,0.17303132698466575,c1ccc(CCc2nnc(CCc3c[nH]c4ccccc34)n2Cc2ccccc2)cc1,True
CHEMBL4763471,COc1ccc(Cn2c(CCc3ccccc3)nnc2[C@@H](Cc2c[nH]c3ccccc23)NC(=O)CNC(=O)Cc2ccc(O)cc2)cc1,7.638272163982407,642.7600000000002,5.066000000000004,134.15999999999997,4,6,14,6,0.13122117313374373,O=C(Cc1ccccc1)NCC(=O)NC(Cc1c[nH]c2ccccc12)c1nnc(CCc2ccccc2)n1Cc1ccccc1,True
CHEMBL4784240,COc1ccc(Cn2c(CCc3ccccc3)nnc2[C@@H](Cc2c[nH]c3ccccc23)NC(=O)CNC(=O)c2ccc(C#N)nc2)cc1,8.200659450546418,638.7320000000001,4.698180000000003,150.60999999999996,3,7,13,6,0.1659782993323902,O=C(CNC(=O)c1cccnc1)NC(Cc1c[nH]c2ccccc12)c1nnc(CCc2ccccc2)n1Cc1ccccc1,True
CHEMBL4783347,COc1ccc(Cn2c(CCc3ccccc3)nnc2[C@@H](Cc2c[nH]c3ccccc23)NC(=O)CNC(=O)c2ccccc2)cc1,6.939302159646388,612.7340000000003,5.431500000000004,113.92999999999998,3,5,13,6,0.1609896095983246,O=C(CNC(=O)c1ccccc1)NC(Cc1c[nH]c2ccccc12)c1nnc(CCc2ccccc2)n1Cc1ccccc1,True
CHEMBL4782214,COc1ccc(Cn2c(CCc3ccccc3)nnc2[C@@H](Cc2c[nH]c3ccccc23)NC(=O)CNC(C)=O)cc1,8.0,550.6630000000002,4.137600000000003,113.92999999999998,3,5,12,5,0.2161326753611774,c1ccc(CCc2nnc(CCc3c[nH]c4ccccc34)n2Cc2ccccc2)cc1,True
CHEMBL4745666,COc1ccc(Cn2c(CCc3ccccc3)nnc2[C@@H](Cc2c[nH]c3ccccc23)NC(=O)CNC=O)cc1,7.920818753952375,536.6360000000003,3.7475000000000014,113.92999999999998,3,5,13,5,0.19845610403148867,c1ccc(CCc2nnc(CCc3c[nH]c4ccccc34)n2Cc2ccccc2)cc1,True
CHEMBL4763077,COc1ccc(Cn2c(CCc3ccccc3)nnc2[C@@H](Cc2c[nH]c3ccccc23)NC(=O)CNCC(=O)O)cc1,6.209714835966759,566.6620000000004,3.675700000000001,134.15999999999997,4,6,14,5,0.16113664239233985,c1ccc(CCc2nnc(CCc3c[nH]c4ccccc34)n2Cc2ccccc2)cc1,True
CHEMBL4749525,COc1ccc(Cn2c(CCc3ccccc3)nnc2[C@@H](Cc2c[nH]c3ccccc23)NC(=O)CNCc2ccccc2)cc1,6.866461091629782,598.7510000000003,5.791300000000005,96.85999999999999,3,5,14,6,0.14751364682615226,O=C(CNCc1ccccc1)NC(Cc1c[nH]c2ccccc12)c1nnc(CCc2ccccc2)n1Cc1ccccc1,True
CHEMBL3645262,COc1ccc(Cn2c(CCc3ccccc3)nnc2[C@@H](Cc2c[nH]c3ccccc23)NC(=O)OCC(C)C)cc1,8.065501548756432,551.6910000000003,6.267500000000006,94.05999999999999,2,5,12,5,0.1906904348271565,c1ccc(CCc2nnc(CCc3c[nH]c4ccccc34)n2Cc2ccccc2)cc1,True
CHEMBL394054,COc1ccc(Cn2c(CCc3ccccc3)nnc2[C@@H](Cc2c[nH]c3ccccc23)NC(=O)[C@@H]2CCCCN2)c(OC)c1,6.872895201635192,592.7440000000003,5.152200000000004,106.08999999999999,3,6,12,5,0.18505815277432788,O=C(NC(Cc1c[nH]c2ccccc12)c1nnc(CCc2ccccc2)n1Cc1ccccc1)C1CCCCN1,True
CHEMBL392805,COc1ccc(Cn2c(CCc3ccccc3)nnc2[C@@H](Cc2c[nH]c3ccccc23)NC(=O)[C@@H]2CCCCN2)cc1,7.638272163982407,562.7180000000003,5.143600000000004,96.85999999999999,3,5,11,5,0.20711133157705,O=C(NC(Cc1c[nH]c2ccccc12)c1nnc(CCc2ccccc2)n1Cc1ccccc1)C1CCCCN1,True
CHEMBL277376,COc1ccc(Cn2c(CCc3ccccc3)nnc2[C@@H](Cc2c[nH]c3ccccc23)NC(=O)[C@@H]2CCCNC2)cc1,8.154901959985743,562.7180000000003,5.001100000000004,96.85999999999999,3,5,11,5,0.21056452655647032,O=C(NC(Cc1c[nH]c2ccccc12)c1nnc(CCc2ccccc2)n1Cc1ccccc1)C1CCCNC1,True
CHEMBL395441,COc1ccc(Cn2c(CCc3ccccc3)nnc2[C@@H](Cc2c[nH]c3ccccc23)NC(=O)[C@@H]2C[C@@H](O)CN2)cc1,6.761953896871205,564.6900000000002,3.724300000000002,117.08999999999999,4,6,11,5,0.19433912342862888,O=C(NC(Cc1c[nH]c2ccccc12)c1nnc(CCc2ccccc2)n1Cc1ccccc1)C1CCCN1,True
CHEMBL392593,COc1ccc(Cn2c(CCc3ccccc3)nnc2[C@@H](Cc2c[nH]c3ccccc23)NC(=O)[C@H]2CCCCN2)cc1,7.958607314841775,562.7180000000003,5.143600000000004,96.85999999999999,3,5,11,5,0.20711133157705,O=C(NC(Cc1c[nH]c2ccccc12)c1nnc(CCc2ccccc2)n1Cc1ccccc1)C1CCCCN1,True
CHEMBL241776,COc1ccc(Cn2c(CCc3ccccc3)nnc2[C@@H](Cc2c[nH]c3ccccc23)NC(=O)[C@H]2CCCNC2)cc1,7.795880017344075,562.7180000000003,5.001100000000004,96.85999999999999,3,5,11,5,0.21056452655647032,O=C(NC(Cc1c[nH]c2ccccc12)c1nnc(CCc2ccccc2)n1Cc1ccccc1)C1CCCNC1,True
CHEMBL3581048,COc1ccc(Cn2c(CCc3ccccc3)nnc2[C@@H](Cc2c[nH]c3ccccc23)NC(=O)c2cc3ccccc3cn2)cc1,6.899629454882437,606.7300000000002,6.863500000000006,97.71999999999998,2,5,11,7,0.1676496514712065,O=C(NC(Cc1c[nH]c2ccccc12)c1nnc(CCc2ccccc2)n1Cc1ccccc1)c1cc2ccccc2cn1,True
CHEMBL3581036,COc1ccc(Cn2c(CCc3ccccc3)nnc2[C@@H](Cc2c[nH]c3ccccc23)NC(=O)c2ccc(Cl)nc2)cc1,6.112945621949043,591.1150000000002,6.363700000000007,97.71999999999998,2,5,11,6,0.17104746960643316,O=C(NC(Cc1c[nH]c2ccccc12)c1nnc(CCc2ccccc2)n1Cc1ccccc1)c1cccnc1,True
CHEMBL3581046,COc1ccc(Cn2c(CCc3ccccc3)nnc2[C@@H](Cc2c[nH]c3ccccc23)NC(=O)c2ccc(N3CCCC3)cn2)cc1,5.917214629683549,625.7769999999999,6.310500000000006,100.95999999999998,2,6,12,6,0.16537272079628962,O=C(NC(Cc1c[nH]c2ccccc12)c1nnc(CCc2ccccc2)n1Cc1ccccc1)c1ccc(N2CCCC2)cn1,True
CHEMBL3581041,COc1ccc(Cn2c(CCc3ccccc3)nnc2[C@@H](Cc2c[nH]c3ccccc23)NC(=O)c2cccc(C)n2)cc1,8.267606240177031,570.6970000000001,6.018720000000005,97.71999999999998,2,5,11,6,0.19860353621192706,O=C(NC(Cc1c[nH]c2ccccc12)c1nnc(CCc2ccccc2)n1Cc1ccccc1)c1ccccn1,True
CHEMBL3581039,COc1ccc(Cn2c(CCc3ccccc3)nnc2[C@@H](Cc2c[nH]c3ccccc23)NC(=O)c2cccc(F)n2)cc1,8.67778070526608,574.6600000000002,5.8494000000000055,97.71999999999998,2,5,11,6,0.18933123452332226,O=C(NC(Cc1c[nH]c2ccccc12)c1nnc(CCc2ccccc2)n1Cc1ccccc1)c1ccccn1,True
CHEMBL3581043,COc1ccc(Cn2c(CCc3ccccc3)nnc2[C@@H](Cc2c[nH]c3ccccc23)NC(=O)c2cccc(N)n2)cc1,7.6777807052660805,571.6850000000001,5.292500000000004,123.73999999999998,3,6,11,6,0.1941199979251073,O=C(NC(Cc1c[nH]c2ccccc12)c1nnc(CCc2ccccc2)n1Cc1ccccc1)c1ccccn1,True
CHEMBL3581042,COc1ccc(Cn2c(CCc3ccccc3)nnc2[C@@H](Cc2c[nH]c3ccccc23)NC(=O)c2cccc(OC)n2)cc1,8.10790539730952,586.6960000000001,5.718900000000005,106.94999999999999,2,6,12,6,0.19004820644325662,O=C(NC(Cc1c[nH]c2ccccc12)c1nnc(CCc2ccccc2)n1Cc1ccccc1)c1ccccn1,True
CHEMBL3581045,COc1ccc(Cn2c(CCc3ccccc3)nnc2[C@@H](Cc2c[nH]c3ccccc23)NC(=O)c2cccc[n+]2[O-])cc1,7.102372908709558,572.6690000000002,4.948700000000004,111.76999999999998,2,5,11,6,0.16862012980357396,O=C(NC(Cc1c[nH]c2ccccc12)c1nnc(CCc2ccccc2)n1Cc1ccccc1)c1cccc[nH+]1,True
CHEMBL3581030,COc1ccc(Cn2c(CCc3ccccc3)nnc2[C@@H](Cc2c[nH]c3ccccc23)NC(=O)c2ccccn2)cc1,8.346787486224656,556.6700000000002,5.710300000000005,97.71999999999998,2,5,11,6,0.21307035427052445,O=C(NC(Cc1c[nH]c2ccccc12)c1nnc(CCc2ccccc2)n1Cc1ccccc1)c1ccccn1,True
CHEMBL3581033,COc1ccc(Cn2c(CCc3ccccc3)nnc2[C@@H](Cc2c[nH]c3ccccc23)NC(=O)c2cccnc2)cc1,6.4723700991286615,556.6700000000002,5.710300000000005,97.71999999999998,2,5,11,6,0.21307035427052445,O=C(NC(Cc1c[nH]c2ccccc12)c1nnc(CCc2ccccc2)n1Cc1ccccc1)c1cccnc1,True
CHEMBL3581035,COc1ccc(Cn2c(CCc3ccccc3)nnc2[C@@H](Cc2c[nH]c3ccccc23)NC(=O)c2cccnc2Br)cc1,6.6020599913279625,635.5660000000001,6.472800000000006,97.71999999999998,2,5,11,6,0.15915281687019206,O=C(NC(Cc1c[nH]c2ccccc12)c1nnc(CCc2ccccc2)n1Cc1ccccc1)c1cccnc1,True
CHEMBL3581037,COc1ccc(Cn2c(CCc3ccccc3)nnc2[C@@H](Cc2c[nH]c3ccccc23)NC(=O)c2cccnc2N)cc1,6.369572124974976,571.6850000000001,5.292500000000004,123.73999999999998,3,6,11,6,0.1941199979251073,O=C(NC(Cc1c[nH]c2ccccc12)c1nnc(CCc2ccccc2)n1Cc1ccccc1)c1cccnc1,True
CHEMBL3581032,COc1ccc(Cn2c(CCc3ccccc3)nnc2[C@@H](Cc2c[nH]c3ccccc23)NC(=O)c2ccncc2)cc1,6.369773491196456,556.6700000000003,5.710300000000005,97.71999999999998,2,5,11,6,0.21307035427052445,O=C(NC(Cc1c[nH]c2ccccc12)c1nnc(CCc2ccccc2)n1Cc1ccccc1)c1ccncc1,True
CHEMBL3581034,COc1ccc(Cn2c(CCc3ccccc3)nnc2[C@@H](Cc2c[nH]c3ccccc23)NC(=O)c2cncc(Br)c2)cc1,7.055517327849831,635.5660000000003,6.4728000000000065,97.71999999999998,2,5,11,6,0.17013314900222518,O=C(NC(Cc1c[nH]c2ccccc12)c1nnc(CCc2ccccc2)n1Cc1ccccc1)c1cccnc1,True
CHEMBL3581040,COc1ccc(Cn2c(CCc3ccccc3)nnc2[C@@H](Cc2c[nH]c3ccccc23)NC(=O)c2ncc(F)cc2F)cc1,8.397940008672037,592.6500000000003,5.9885000000000055,97.71999999999998,2,5,11,6,0.19273726993460924,O=C(NC(Cc1c[nH]c2ccccc12)c1nnc(CCc2ccccc2)n1Cc1ccccc1)c1ccccn1,True
CHEMBL3580668,COc1ccc(Cn2c(CCc3ccccc3)nnc2[C@@H](Cc2c[nH]c3ccccc23)NC(=O)c2nccc3ccccc23)cc1,7.086186147616283,606.7300000000002,6.863500000000006,97.71999999999998,2,5,11,7,0.1676496514712065,O=C(NC(Cc1c[nH]c2ccccc12)c1nnc(CCc2ccccc2)n1Cc1ccccc1)c1nccc2ccccc12,True
CHEMBL3581047,COc1ccc(Cn2c(CCc3ccccc3)nnc2[C@@H](Cc2c[nH]c3ccccc23)NC(=O)c2ncccc2C(=O)c2ccccc2)cc1,6.619788758288394,660.7780000000002,6.941300000000007,114.78999999999999,2,6,13,7,0.12959132433540815,O=C(c1ccccc1)c1cccnc1C(=O)NC(Cc1c[nH]c2ccccc12)c1nnc(CCc2ccccc2)n1Cc1ccccc1,True
CHEMBL3581038,COc1ccc(Cn2c(CCc3ccccc3)nnc2[C@@H](Cc2c[nH]c3ccccc23)NC(=O)c2ncccc2F)cc1,8.154901959985743,574.6600000000003,5.8494000000000055,97.71999999999998,2,5,11,6,0.20239364761105,O=C(NC(Cc1c[nH]c2ccccc12)c1nnc(CCc2ccccc2)n1Cc1ccccc1)c1ccccn1,True
CHEMBL3581044,COc1ccc(Cn2c(CCc3ccccc3)nnc2[C@@H](Cc2c[nH]c3ccccc23)NC(=O)c2ncccc2O)cc1,6.782516055786093,572.6690000000003,5.415900000000006,117.94999999999999,3,6,11,6,0.19097301529213273,O=C(NC(Cc1c[nH]c2ccccc12)c1nnc(CCc2ccccc2)n1Cc1ccccc1)c1ccccn1,True
CHEMBL2113317,COc1ccc(Cn2c(CCc3ccccc3)nnc2[C@@H](Cc2c[nH]c3ccccc23)NCCN)c(OC)c1,6.721246399047171,524.6690000000003,4.442200000000002,103.00999999999999,3,6,13,5,0.2104337781560266,c1ccc(CCc2nnc(CCc3c[nH]c4ccccc34)n2Cc2ccccc2)cc1,True
CHEMBL403683,COc1ccc(Cn2c(CCc3ccccc3)nnc2[C@H](Cc2c[nH]c3ccccc23)NC(=O)C(C)(C)N)c(OC)c1,6.346787486224656,566.7060000000002,4.7474000000000025,120.07999999999998,3,6,12,5,0.20056404120889873,c1ccc(CCc2nnc(CCc3c[nH]c4ccccc34)n2Cc2ccccc2)cc1,True
CHEMBL400174,COc1ccc(Cn2c(CCc3ccccc3)nnc2[C@H](NC(=O)C(C)(C)N)c2c[nH]c3ccccc23)c(OC)c1,7.221848749616356,552.6790000000002,4.553000000000003,120.08,3,6,11,5,0.22112529764667713,c1ccc(CCc2nnc(Cc3c[nH]c4ccccc34)n2Cc2ccccc2)cc1,True
CHEMBL249638,COc1ccc(Cn2c(CCc3ccccc3)nnc2[C@H](NC(=O)C(C)(C)N)c2c[nH]c3ccccc23)cc1,7.958607314841775,522.6530000000002,4.544400000000002,110.85,3,5,10,5,0.24933926306753196,c1ccc(CCc2nnc(Cc3c[nH]c4ccccc34)n2Cc2ccccc2)cc1,True
CHEMBL415134,COc1ccc(Cn2c(CCc3ccccc3)nnc2[C@H](NC(=O)CCc2cccnc2)c2c[nH]c3ccccc23)cc1,6.752026733638193,570.6970000000002,5.8349000000000055,97.72,2,5,12,6,0.1928456718240375,O=C(CCc1cccnc1)NC(c1c[nH]c2ccccc12)c1nnc(CCc2ccccc2)n1Cc1ccccc1,True
CHEMBL399648,COc1ccc(Cn2c(CCc3ccccc3)nnc2[C@H](NC(=O)Cc2ccccn2)c2c[nH]c3ccccc23)cc1,8.522878745280337,556.6700000000002,5.444800000000004,97.72,2,5,11,6,0.22137890503872143,O=C(Cc1ccccn1)NC(c1c[nH]c2ccccc12)c1nnc(CCc2ccccc2)n1Cc1ccccc1,True
CHEMBL414929,COc1ccc(Cn2c(CCc3ccccc3)nnc2[C@H](NC(=O)Cc2cccnc2)c2c[nH]c3ccccc23)cc1,7.537602002101044,556.6700000000002,5.444800000000004,97.72,2,5,11,6,0.22137890503872143,O=C(Cc1cccnc1)NC(c1c[nH]c2ccccc12)c1nnc(CCc2ccccc2)n1Cc1ccccc1,True
CHEMBL399649,COc1ccc(Cn2c(CCc3ccccc3)nnc2[C@H](NC(=O)Cc2ccncc2)c2c[nH]c3ccccc23)cc1,6.568636235841012,556.6700000000002,5.444800000000004,97.72,2,5,11,6,0.22137890503872143,O=C(Cc1ccncc1)NC(c1c[nH]c2ccccc12)c1nnc(CCc2ccccc2)n1Cc1ccccc1,True
CHEMBL399651,COc1ccc(Cn2c(CCc3ccccc3)nnc2[C@H](NC(=O)c2ccccc2)c2c[nH]c3ccccc23)c(OC)c1,7.928117992693874,571.6810000000002,6.129500000000006,94.05999999999999,2,5,11,6,0.19518112968178067,O=C(NC(c1c[nH]c2ccccc12)c1nnc(CCc2ccccc2)n1Cc1ccccc1)c1ccccc1,True
CHEMBL399650,COc1ccc(Cn2c(CCc3ccccc3)nnc2[C@H](NC(=O)c2ccccc2)c2c[nH]c3ccccc23)cc1,7.096910013008056,541.6550000000002,6.120900000000006,84.82999999999998,2,4,10,6,0.21882903848782348,O=C(NC(c1c[nH]c2ccccc12)c1nnc(CCc2ccccc2)n1Cc1ccccc1)c1ccccc1,True
CHEMBL250974,COc1ccc(Cn2c(CCc3ccccc3)nnc2[C@H](NC(=O)c2ccccn2)c2c[nH]c3ccccc23)c(OC)c1,8.958607314841775,572.6690000000001,5.524500000000005,106.95,2,6,11,6,0.21164784122132027,O=C(NC(c1c[nH]c2ccccc12)c1nnc(CCc2ccccc2)n1Cc1ccccc1)c1ccccn1,True
CHEMBL400175,COc1ccc(Cn2c(CCc3ccccc3)nnc2[C@H](NC(=O)c2ccccn2)c2c[nH]c3ccccc23)cc1,9.154901959985743,542.6430000000001,5.515900000000005,97.72,2,5,10,6,0.23773614213577268,O=C(NC(c1c[nH]c2ccccc12)c1nnc(CCc2ccccc2)n1Cc1ccccc1)c1ccccn1,True
CHEMBL401259,COc1ccc(Cn2c(CCc3ccccc3)nnc2[C@H](NC(=O)c2ccncc2)c2c[nH]c3ccccc23)c(OC)c1,7.236572006437063,572.6690000000001,5.524500000000005,106.95,2,6,11,6,0.21164784122132027,O=C(NC(c1c[nH]c2ccccc12)c1nnc(CCc2ccccc2)n1Cc1ccccc1)c1ccncc1,True
CHEMBL401260,COc1ccc(Cn2c(CCc3ccccc3)nnc2[C@H](NC(=O)c2ccncc2)c2c[nH]c3ccccc23)cc1,6.657577319177793,542.6430000000001,5.515900000000005,97.72,2,5,10,6,0.23773614213577268,O=C(NC(c1c[nH]c2ccccc12)c1nnc(CCc2ccccc2)n1Cc1ccccc1)c1ccncc1,True
CHEMBL267197,COc1ccc(Cn2c(CCc3ccccc3)nnc2[C@H](NC(=O)c2cnccn2)c2c[nH]c3ccccc23)c(OC)c1,8.301029995663981,573.6570000000002,4.919500000000004,119.83999999999999,2,7,11,6,0.2257949353914371,O=C(NC(c1c[nH]c2ccccc12)c1nnc(CCc2ccccc2)n1Cc1ccccc1)c1cnccn1,True
CHEMBL401084,COc1ccc(Cn2c(CCc3ccccc3)nnc2[C@H](NC(=O)c2cnccn2)c2c[nH]c3ccccc23)cc1,7.853871964321762,543.6310000000002,4.910900000000004,110.60999999999999,2,6,10,6,0.2540493493410783,O=C(NC(c1c[nH]c2ccccc12)c1nnc(CCc2ccccc2)n1Cc1ccccc1)c1cnccn1,True
CHEMBL375161,COc1ccc(Cn2c(Cc3c[nH]c4ccccc34)nnc2[C@@H](Cc2c[nH]c3ccccc23)NC(=O)C(C)(C)N)c(OC)c1,6.0,591.7160000000001,5.034300000000003,135.87,4,6,11,6,0.1668325806738865,c1ccc(Cn2c(CCc3c[nH]c4ccccc34)nnc2Cc2c[nH]c3ccccc23)cc1,True
CHEMBL390503,COc1ccc(Cn2c(Cc3c[nH]c4ccccc34)nnc2[C@@H](Cc2c[nH]c3ccccc23)NC(=O)C(C)(C)N)cc1,6.180456064458131,561.6900000000002,5.025700000000002,126.64,4,5,10,6,0.1867221236309265,c1ccc(Cn2c(CCc3c[nH]c4ccccc34)nnc2Cc2c[nH]c3ccccc23)cc1,True
CHEMBL373507,COc1ccc(Cn2c(Cc3ccccc3)nnc2[C@@H](Cc2c[nH]c3ccccc23)NC(=O)C(C)(C)N)c(OC)c1,6.251811972993799,552.6790000000003,4.553000000000003,120.07999999999998,3,6,11,5,0.22112529764667713,c1ccc(Cc2nnc(CCc3c[nH]c4ccccc34)n2Cc2ccccc2)cc1,True
CHEMBL222518,COc1ccc(Cn2c(Cc3ccccc3)nnc2[C@@H](Cc2c[nH]c3ccccc23)NC(=O)C(C)(C)N)cc1,6.917214629683549,522.6530000000004,4.544400000000002,110.84999999999998,3,5,10,5,0.24933926306753196,c1ccc(Cc2nnc(CCc3c[nH]c4ccccc34)n2Cc2ccccc2)cc1,True
CHEMBL3797639,COc1ccc(Cn2c([C@@H](Cc3c[nH]c4ccccc34)NC(=O)C(CC(C)C)C(=O)N[C@@H](CC(C)C)C(N)=O)nnc2[C@@H](Cc2c[nH]c3ccccc23)NC(=O)[C@@H](N)CCCCN)cc1,6.6777807052660805,888.1309999999995,5.232400000000005,253.95,8,9,24,6,0.029213658263914696,c1ccc(Cn2c(CCc3c[nH]c4ccccc34)nnc2CCc2c[nH]c3ccccc23)cc1,True
CHEMBL3798095,COc1ccc(Cn2c([C@@H](Cc3c[nH]c4ccccc34)NC(=O)CO)nnc2[C@@H](Cc2c[nH]c3ccccc23)NC(=O)[C@H](CC(C)C)NC(=O)[C@H](CC(C)C)NC(C)=O)cc1,8.522878745280337,832.0189999999999,5.171600000000003,208.14999999999998,7,8,20,6,0.05449757558464632,c1ccc(Cn2c(CCc3c[nH]c4ccccc34)nnc2CCc2c[nH]c3ccccc23)cc1,True
CHEMBL3798559,COc1ccc(Cn2c([C@@H](Cc3c[nH]c4ccccc34)NC(=O)[C@H](CC(C)C)NC(=O)[C@H](CC(C)C)NC(C)=O)nnc2[C@@H](Cc2c[nH]c3ccccc23)NC(=O)C(C)(C)N)cc1,7.522878745280337,859.0889999999998,5.916600000000004,213.93999999999997,7,8,20,6,0.048872819366553494,c1ccc(Cn2c(CCc3c[nH]c4ccccc34)nnc2CCc2c[nH]c3ccccc23)cc1,True
CHEMBL3800422,COc1ccc(Cn2c([C@@H](Cc3c[nH]c4ccccc34)NC(=O)[C@H](CC(C)C)NC(=O)[C@H](CC(C)C)NC(C)=O)nnc2[C@@H](Cc2c[nH]c3ccccc23)NC(=O)C(C)(C)O)cc1,8.522878745280337,860.073,5.950200000000005,208.14999999999995,7,8,20,6,0.04871615605568716,c1ccc(Cn2c(CCc3c[nH]c4ccccc34)nnc2CCc2c[nH]c3ccccc23)cc1,True
CHEMBL3798056,COc1ccc(Cn2c([C@@H](Cc3c[nH]c4ccccc34)NC(=O)[C@H](CC(C)C)NC(=O)[C@H](CC(C)C)NC(C)=O)nnc2[C@@H](Cc2c[nH]c3ccccc23)NC(=O)[C@@H](N)CCCCN)cc1,7.740743030061056,902.1579999999996,5.635600000000005,239.95999999999998,8,9,24,6,0.03506514386521467,c1ccc(Cn2c(CCc3c[nH]c4ccccc34)nnc2CCc2c[nH]c3ccccc23)cc1,True
CHEMBL3645259,COc1ccc(Cn2c([C@@H](Cc3c[nH]c4ccccc34)NC(C)=O)nnc2[C@@H](Cc2c[nH]c3ccccc23)NC(=O)C(C)(C)N)cc1,7.821032576499773,632.7690000000001,4.854800000000003,155.74,5,6,12,6,0.12986100202213455,c1ccc(Cn2c(CCc3c[nH]c4ccccc34)nnc2CCc2c[nH]c3ccccc23)cc1,True
CHEMBL3797225,COc1ccc(Cn2c([C@@H](Cc3c[nH]c4ccccc34)NC(C)=O)nnc2[C@@H](Cc2c[nH]c3ccccc23)NC(=O)[C@@H](N)CCCCN)cc1,8.602059991327963,675.8379999999999,4.573800000000002,181.76000000000002,6,7,16,6,0.08125170762299376,c1ccc(Cn2c(CCc3c[nH]c4ccccc34)nnc2CCc2c[nH]c3ccccc23)cc1,True
CHEMBL3645254,COc1ccc(Cn2c([C@@H](Cc3c[nH]c4ccccc34)NC(C)=O)nnc2[C@@H](Cc2c[nH]c3ccccc23)NC(=O)c2ccccn2)cc1,8.610924374808178,652.7590000000002,5.826300000000004,142.61,4,6,12,7,0.13095696535951623,O=C(NC(Cc1c[nH]c2ccccc12)c1nnc(CCc2c[nH]c3ccccc23)n1Cc1ccccc1)c1ccccn1,True
CHEMBL3645260,COc1ccc(Cn2c([C@@H](Cc3c[nH]c4ccccc34)NC=O)nnc2[C@@H](Cc2c[nH]c3ccccc23)NC(=O)C(C)(C)N)cc1,7.409364114220269,618.7420000000001,4.464700000000002,155.74,5,6,13,6,0.12038199869769615,c1ccc(Cn2c(CCc3c[nH]c4ccccc34)nnc2CCc2c[nH]c3ccccc23)cc1,True
CHEMBL3798645,COc1ccc(Cn2c([C@@H](Cc3c[nH]c4ccccc34)NC=O)nnc2[C@@H](Cc2c[nH]c3ccccc23)NC(=O)[C@@H](N)CCCCN)cc1,8.096910013008056,661.8109999999998,4.183700000000002,181.76000000000002,6,7,17,6,0.06260867129877663,c1ccc(Cn2c(CCc3c[nH]c4ccccc34)nnc2CCc2c[nH]c3ccccc23)cc1,True
CHEMBL3798525,COc1ccc(Cn2c([C@@H](Cc3ccccc3)NC(C)=O)nnc2[C@@H](Cc2c[nH]c3ccccc23)NC(=O)C(C)(C)N)cc1,7.154901959985743,593.7320000000001,4.373500000000003,139.95,4,6,12,5,0.1693830134080661,c1ccc(CCc2nnc(CCc3c[nH]c4ccccc34)n2Cc2ccccc2)cc1,True
CHEMBL3799225,COc1ccc(Cn2c([C@@H](Cc3ccccc3)NC(C)=O)nnc2[C@@H](Cc2c[nH]c3ccccc23)NC(=O)C2=CCCCO2)cc1,8.397940008672037,618.738,5.330500000000004,123.15999999999998,3,6,12,5,0.17376185957757634,O=C(NC(Cc1c[nH]c2ccccc12)c1nnc(CCc2ccccc2)n1Cc1ccccc1)C1=CCCCO1,True
CHEMBL3645257,COc1ccc(Cn2c([C@@H](Cc3ccccc3)NC(C)=O)nnc2[C@@H](Cc2c[nH]c3ccccc23)NC(=O)CO)cc1,8.610924374808178,566.6620000000003,3.6285000000000016,134.15999999999997,4,6,12,5,0.18227527473558625,c1ccc(CCc2nnc(CCc3c[nH]c4ccccc34)n2Cc2ccccc2)cc1,True
CHEMBL3645258,COc1ccc(Cn2c([C@@H](Cc3ccccc3)NC(C)=O)nnc2[C@@H](Cc2c[nH]c3ccccc23)NC(=O)[C@@H]2CNCCO2)cc1,8.49569991411904,621.7420000000001,3.624600000000001,135.18999999999997,4,7,12,5,0.16718032524582327,O=C(NC(Cc1c[nH]c2ccccc12)c1nnc(CCc2ccccc2)n1Cc1ccccc1)C1CNCCO1,True
CHEMBL3798155,COc1ccc(Cn2c([C@@H](Cc3ccccc3)NC(C)=O)nnc2[C@@H](Cc2c[nH]c3ccccc23)NC(=O)c2cc(F)cc(F)n2)cc1,8.397940008672037,649.7020000000002,5.623200000000004,126.81999999999998,3,6,12,6,0.14779049047480358,O=C(NC(Cc1c[nH]c2ccccc12)c1nnc(CCc2ccccc2)n1Cc1ccccc1)c1ccccn1,True
CHEMBL3645255,COc1ccc(Cn2c([C@@H](Cc3ccccc3)NC(C)=O)nnc2[C@@H](Cc2c[nH]c3ccccc23)NC(=O)c2ccccn2)cc1,8.548455006504028,613.7220000000002,5.345000000000004,126.81999999999998,3,6,12,6,0.1709760636035244,O=C(NC(Cc1c[nH]c2ccccc12)c1nnc(CCc2ccccc2)n1Cc1ccccc1)c1ccccn1,True
CHEMBL3799776,COc1ccc(Cn2c([C@@H](Cc3ccccc3)NC(C)=O)nnc2[C@@H](Cc2c[nH]c3ccccc23)NC(=O)c2ncccc2F)cc1,8.698970004336019,631.7120000000002,5.484100000000004,126.81999999999998,3,6,12,6,0.16417226141558328,O=C(NC(Cc1c[nH]c2ccccc12)c1nnc(CCc2ccccc2)n1Cc1ccccc1)c1ccccn1,True
CHEMBL3797857,COc1ccc(Cn2c([C@@H](Cc3ccccc3)NC=O)nnc2[C@@H](Cc2c[nH]c3ccccc23)NC(=O)C(C)(C)N)cc1,7.229147988357855,579.7050000000002,3.9834000000000014,139.95,4,6,13,5,0.1556423385990371,c1ccc(CCc2nnc(CCc3c[nH]c4ccccc34)n2Cc2ccccc2)cc1,True
CHEMBL3645256,COc1ccc(Cn2c([C@@H](Cc3ccccc3)NC=O)nnc2[C@@H](Cc2c[nH]c3ccccc23)NC(=O)c2ccccn2)cc1,8.2827155479829,599.6950000000003,4.954900000000004,126.81999999999998,3,6,13,6,0.16126749473538327,O=C(NC(Cc1c[nH]c2ccccc12)c1nnc(CCc2ccccc2)n1Cc1ccccc1)c1ccccn1,True
CHEMBL3799883,COc1ccc(Cn2c([C@@H](N)Cc3ccccc3)nnc2[C@@H](Cc2c[nH]c3ccccc23)NC(=O)c2ccccn2)cc1,6.823908740944319,571.6850000000003,5.167600000000005,123.74,3,6,11,6,0.1972217597136752,O=C(NC(Cc1c[nH]c2ccccc12)c1nnc(CCc2ccccc2)n1Cc1ccccc1)c1ccccn1,True
CHEMBL4299615,COc1ccc(Cn2c([C@H](Cc3c[nH]c4ccccc34)NC(=O)C3CCNCC3)nnc2[C@@H](Cc2c[nH]c3ccccc23)NC(=O)[C@@H](CC(C)C)NC(=O)[C@@H](CC(C)C)NC(C)=O)cc1,8.698970004336019,885.1270000000001,6.178900000000005,199.95,7,8,20,6,0.047161829128532055,O=C(NC(Cc1c[nH]c2ccccc12)c1nnc(CCc2c[nH]c3ccccc23)n1Cc1ccccc1)C1CCNCC1,True
CHEMBL4299606,COc1ccc(Cn2c([C@H](Cc3c[nH]c4ccccc34)NC(=O)[C@H]3CNCCO3)nnc2[C@@H](Cc2c[nH]c3ccccc23)NC(=O)[C@@H](CC(C)C)NC(=O)[C@@H](CC(C)C)NC(C)=O)cc1,7.301029995663981,887.0989999999999,5.167700000000004,209.17999999999998,7,9,20,6,0.053918936981787915,O=C(NC(Cc1c[nH]c2ccccc12)c1nnc(CCc2c[nH]c3ccccc23)n1Cc1ccccc1)C1CNCCO1,True
CHEMBL3799671,COc1ccc(Cn2c([C@H](Cc3c[nH]c4ccccc34)NC(C)=O)nnc2[C@@H](Cc2c[nH]c3ccccc23)NC(=O)c2ccccn2)cc1,7.0,652.7590000000002,5.826300000000004,142.61,4,6,12,7,0.13095696535951623,O=C(NC(Cc1c[nH]c2ccccc12)c1nnc(CCc2c[nH]c3ccccc23)n1Cc1ccccc1)c1ccccn1,True
CHEMBL3799604,COc1ccc(Cn2c([C@H](Cc3c[nH]c4ccccc34)NC=O)nnc2[C@@H](Cc2c[nH]c3ccccc23)NC(=O)c2ccccn2)cc1,6.3872161432802645,638.7320000000002,5.436200000000004,142.61,4,6,13,7,0.12405306535959063,O=C(NC(Cc1c[nH]c2ccccc12)c1nnc(CCc2c[nH]c3ccccc23)n1Cc1ccccc1)c1ccccn1,True
CHEMBL3799687,COc1ccc(Cn2c([C@H](Cc3ccccc3)NC(C)=O)nnc2[C@@H](Cc2c[nH]c3ccccc23)NC(=O)c2ccccn2)cc1,7.154901959985743,613.7220000000002,5.345000000000004,126.81999999999998,3,6,12,6,0.1709760636035244,O=C(NC(Cc1c[nH]c2ccccc12)c1nnc(CCc2ccccc2)n1Cc1ccccc1)c1ccccn1,True
CHEMBL3798204,COc1ccc(Cn2c([C@H](N)Cc3c[nH]c4ccccc34)nnc2[C@@H](Cc2c[nH]c3ccccc23)NC(=O)C(C)(C)N)cc1,6.886056647693163,590.7320000000001,4.677400000000003,152.66,5,6,11,6,0.14776755492581375,c1ccc(Cn2c(CCc3c[nH]c4ccccc34)nnc2CCc2c[nH]c3ccccc23)cc1,True
CHEMBL3799862,COc1ccc(Cn2c([C@H](N)Cc3ccccc3)nnc2[C@@H](Cc2c[nH]c3ccccc23)NC(=O)C(C)(C)N)cc1,6.8696662315049934,551.6950000000003,4.196100000000002,136.87,4,6,11,5,0.19425259939298337,c1ccc(CCc2nnc(CCc3c[nH]c4ccccc34)n2Cc2ccccc2)cc1,True
CHEMBL3797531,COc1ccc(Cn2c([C@H](N)Cc3ccccc3)nnc2[C@@H](Cc2c[nH]c3ccccc23)NC(=O)c2ccccn2)cc1,8.154901959985743,571.6850000000003,5.167600000000005,123.74,3,6,11,6,0.1972217597136752,O=C(NC(Cc1c[nH]c2ccccc12)c1nnc(CCc2ccccc2)n1Cc1ccccc1)c1ccccn1,True
CHEMBL392663,COc1ccc(N2C([C@@H](Cc3c[nH]c4ccccc34)NC(=O)C3CCNCC3)=NNC2CCc2ccccc2)c(OC)c1,7.200659450546418,580.7330000000003,4.594200000000003,103.01,4,7,11,4,0.20698510479507065,O=C(NC(Cc1c[nH]c2ccccc12)C1=NNC(CCc2ccccc2)N1c1ccccc1)C1CCNCC1,True
CHEMBL2048811,COc1ccc(OCC(=O)N2CCC3(CC2)CN(Cc2ccc(-c4nnc(C)o4)cc2)C3)cc1,6.627306439339995,462.5500000000002,3.5570200000000023,80.93,0,7,7,3,0.5310845982264526,O=C(COc1ccccc1)N1CCC2(CC1)CN(Cc1ccc(-c3nnco3)cc1)C2,False
CHEMBL2048812,COc1ccc(OCC(=O)N2CCC3(CC2)CN(Cc2ccc(-n4cccn4)cc2)C3)cc1,6.5863670713530675,446.5510000000001,3.3843000000000023,59.830000000000005,0,5,7,3,0.55692724744489,O=C(COc1ccccc1)N1CCC2(CC1)CN(Cc1ccc(-n3cccn3)cc1)C2,False
CHEMBL2048813,COc1ccc(OCC(=O)N2CCC3(CC2)CN(Cc2ccc(-n4nccn4)cc2)C3)cc1,7.422635896279922,447.5390000000001,2.779300000000001,72.72,0,6,7,3,0.5546864327903518,O=C(COc1ccccc1)N1CCC2(CC1)CN(Cc1ccc(-n3nccn3)cc1)C2,False
CHEMBL2048814,COc1ccc(OCC(=O)N2CCC3(CC2)CN(Cc2ccc(-n4nccn4)cc2Cl)C3)cc1,7.906239639581768,481.98400000000015,3.4327000000000023,72.72,0,6,7,3,0.514516836515948,O=C(COc1ccccc1)N1CCC2(CC1)CN(Cc1ccc(-n3nccn3)cc1)C2,False
CHEMBL2048810,COc1ccc(OCC(=O)N2CCC3(CC2)CN(Cc2ccc(OCC(C)C)cc2Cl)C3)cc1,7.382235776546226,487.0400000000002,4.8868000000000045,51.24000000000001,0,5,9,2,0.5049507825121139,O=C(COc1ccccc1)N1CCC2(CC1)CN(Cc1ccccc1)C2,False
CHEMBL2048818,COc1ccc(OCC(=O)N2CCC3(CC2)CN(Cc2ccc(OCC(C)C)cc2Cl)C3)cn1,7.499349533489791,488.0280000000002,4.281800000000004,64.13000000000001,0,6,9,2,0.5256898461359161,O=C(COc1cccnc1)N1CCC2(CC1)CN(Cc1ccccc1)C2,False
CHEMBL2048807,COc1ccc(OCC(=O)N2CCC3(CC2)CN(Cc2ccc4c(c2)CCC(C)(C)O4)C3)cc1,6.669992299127241,464.6060000000003,4.302200000000004,51.24000000000001,0,5,6,2,0.6380205101334953,O=C(COc1ccccc1)N1CCC2(CC1)CN(Cc1ccc3c(c1)CCCO3)C2,False
CHEMBL2048808,COc1ccc(OCC(=O)N2CCC3(CC2)CN(Cc2ccccc2)C3)cc1,5.525783735923745,380.48800000000006,3.1986000000000017,42.010000000000005,0,4,6,2,0.7718590429821863,O=C(COc1ccccc1)N1CCC2(CC1)CN(Cc1ccccc1)C2,False
CHEMBL2048809,COc1ccc(OCC(=O)N2CCC3(CC2)CN(Cc2ccccc2Cl)C3)cc1,6.494014004563462,414.9330000000001,3.852000000000003,42.010000000000005,0,4,6,2,0.7195523615938885,O=C(COc1ccccc1)N1CCC2(CC1)CN(Cc1ccccc1)C2,False
CHEMBL3394200,COc1ccc(OCC(=O)N2CCC3(CC2)CN([C@@H]2CCc4cc(-c5cc(C)ncn5)ccc42)C3)c(C#N)c1,8.397940008672037,523.6370000000003,4.323000000000004,91.58000000000001,0,7,6,3,0.4751270284150754,O=C(COc1ccccc1)N1CCC2(CC1)CN(C1CCc3cc(-c4ccncn4)ccc31)C2,False
CHEMBL3394203,COc1ccc(OCC(=O)N2CCC3(CC2)CN([C@@H]2CCc4cc(-c5cc(C)ncn5)ccc42)C3)c(C(N)=O)c1,6.896196279044043,541.6520000000003,3.5502200000000013,110.88,1,7,7,3,0.4870360182551868,O=C(COc1ccccc1)N1CCC2(CC1)CN(C1CCc3cc(-c4ccncn4)ccc31)C2,False
CHEMBL2011824,COc1ccc(Oc2ccc3c(c2)C(=O)N([C@@H](C(=O)NC2CCN(Cc4ccccc4)CC2)C(C)C)CC(=O)N3)cc1,7.102372908709558,570.6900000000004,4.687200000000003,100.21000000000001,2,6,9,3,0.3874377102551653,O=C1CN(CC(=O)NC2CCN(Cc3ccccc3)CC2)C(=O)c2cc(Oc3ccccc3)ccc2N1,True
CHEMBL4282394,COc1ccc([C@H](C)NC(=O)N(C)C2CCN(C3CCc4cc(-c5cc(C)ncn5)ccc43)CC2)c(Cl)c1Cl,6.767003889607846,568.5490000000003,6.621720000000008,70.59,1,5,6,3,0.36200356702374975,O=C(NCc1ccccc1)NC1CCN(C2CCc3cc(-c4ccncn4)ccc32)CC1,False
CHEMBL4291718,COc1ccc([C@H](C)NC(=O)N(C)C2CCN(C3CCc4cc(-n5nccn5)ccc43)CC2)c(Cl)c1Cl,6.619788758288394,543.4990000000004,5.437000000000006,75.52000000000001,1,5,6,3,0.44856017301925133,O=C(NCc1ccccc1)NC1CCN(C2CCc3cc(-n4nccn4)ccc32)CC1,False
CHEMBL4277793,COc1ccc([C@H](C)NC(=O)N(C)C2CCN(C3CCc4cc(C)ccc43)CC2)c(Cl)c1Cl,6.482804102050025,490.47500000000036,6.164720000000007,44.81,1,3,5,2,0.5457916596263039,O=C(NCc1ccccc1)NC1CCN(C2CCc3ccccc32)CC1,False
CHEMBL4279987,COc1ccc([C@H](C)NC(=O)N(C)C2CCN(C3CCc4cc(Cl)ccc43)CC2)c(Cl)c1Cl,6.501689446210399,510.89300000000026,6.509700000000007,44.81,1,3,5,2,0.49856477577530084,O=C(NCc1ccccc1)NC1CCN(C2CCc3ccccc32)CC1,False
CHEMBL4294024,COc1ccc([C@H](C)NC(=O)N(C)C2CCN(C3CCc4cc(N)ccc43)CC2)c(Cl)c1Cl,5.821023052706831,491.4630000000003,5.438500000000005,70.83,2,4,5,2,0.5469569904622357,O=C(NCc1ccccc1)NC1CCN(C2CCc3ccccc32)CC1,False
CHEMBL4283454,COc1ccc([C@H](C)NC(=O)N(C)C2CCN(C3CCc4cc(O)ccc43)CC2)c(Cl)c1Cl,5.886056647693163,492.44700000000034,5.561900000000007,65.04,2,4,5,2,0.5737010477587237,O=C(NCc1ccccc1)NC1CCN(C2CCc3ccccc32)CC1,False
CHEMBL4281647,COc1ccc([C@H](CC2CC2)NC(=O)N(C)C2CCN(C3CCc4cc(-c5cc(C)ncn5)ccc43)CC2)c(Cl)c1Cl,5.7447274948966935,608.6140000000003,7.4019200000000085,70.59,1,5,8,3,0.28868640711847077,O=C(NC1CCN(C2CCc3cc(-c4ccncn4)ccc32)CC1)NC(CC1CC1)c1ccccc1,False
CHEMBL4290627,COc1ccc2c(c1)CCC2N1CCC(N(C)C(=O)N[C@@H](C)c2ccc(OC)c(Cl)c2Cl)CC1,6.920818753952375,506.4740000000003,5.864900000000006,54.040000000000006,1,4,6,2,0.5330893793098185,O=C(NCc1ccccc1)NC1CCN(C2CCc3ccccc32)CC1,False
CHEMBL1956995,COc1ccc2cccc(Oc3ccc4nc(C)n(C[C@H]5CCCN(C(C)C)C5)c(=O)c4n3)c2n1,8.508638306165727,473.57700000000034,4.569420000000004,82.37,0,7,6,4,0.4056609912679548,O=c1c2nc(Oc3cccc4cccnc34)ccc2ncn1CC1CCCNC1,False
CHEMBL3319274,COc1ccc2nc(NC(=O)NC(=O)c3c(Cl)cccc3Cl)sc2c1,6.6777807052660805,396.25500000000005,4.573600000000002,80.32,2,5,3,3,0.6796312093962703,O=C(NC(=O)c1ccccc1)Nc1nc2ccccc2s1,False
CHEMBL3319275,COc1ccc2nc(NC(=O)NC(=O)c3ccccc3Cl)sc2c1,7.119186407719209,361.8100000000001,3.920200000000002,80.32,2,5,3,3,0.7405067738720023,O=C(NC(=O)c1ccccc1)Nc1nc2ccccc2s1,False
CHEMBL1081483,COc1cccc(-c2ccc(C(=O)N3CCN(C(=O)c4ccc5cc[nH]c5c4)CC3)cc2)c1,7.6020599913279625,439.51500000000016,4.4417000000000035,65.64,1,3,4,4,0.5112497643483329,O=C(c1ccc(-c2ccccc2)cc1)N1CCN(C(=O)c2ccc3cc[nH]c3c2)CC1,False
CHEMBL1082162,COc1cccc(-c2ccc(C(=O)N3CCN(C(=O)c4ccc5cc[nH]c5c4)C[C@@H]3C)cc2)c1,6.552841968657781,453.54200000000014,4.830200000000004,65.64,1,3,4,4,0.48136391243067356,O=C(c1ccc(-c2ccccc2)cc1)N1CCN(C(=O)c2ccc3cc[nH]c3c2)CC1,False
CHEMBL1082163,COc1cccc(-c2ccc(C(=O)N3CCN(C(=O)c4ccc5cc[nH]c5c4)C[C@H]3C)cc2)c1,7.167491087293763,453.54200000000014,4.830200000000004,65.64,1,3,4,4,0.48136391243067356,O=C(c1ccc(-c2ccccc2)cc1)N1CCN(C(=O)c2ccc3cc[nH]c3c2)CC1,False
CHEMBL1081648,COc1cccc(-c2ccc(C(=O)N3CCN(C(=O)c4ccc5cc[nH]c5c4)[C@@H](C)C3)cc2)c1,7.920818753952375,453.54200000000014,4.830200000000003,65.64,1,3,4,4,0.48136391243067356,O=C(c1ccc(-c2ccccc2)cc1)N1CCN(C(=O)c2ccc3cc[nH]c3c2)CC1,False
CHEMBL1081649,COc1cccc(-c2ccc(C(=O)N3CCN(C(=O)c4ccc5cc[nH]c5c4)[C@H](C)C3)cc2)c1,6.1938200260161125,453.54200000000014,4.830200000000003,65.64,1,3,4,4,0.48136391243067356,O=C(c1ccc(-c2ccccc2)cc1)N1CCN(C(=O)c2ccc3cc[nH]c3c2)CC1,False
CHEMBL3218886,COc1cccc(-n2cc3nc(-c4ccccc4C)n(CC4CCCN(C(C)C)C4)c(=O)c3n2)c1,8.744727494896694,471.60500000000036,4.686620000000003,65.18,0,5,6,4,0.4083316349673208,O=c1c2nn(-c3ccccc3)cc2nc(-c2ccccc2)n1CC1CCCNC1,False
CHEMBL3218890,COc1cccc(-n2cc3nc(-c4cccnc4C)n(C[C@H]4CCCN(C(C)C)C4)c(=O)c3n2)c1,8.769551078621726,472.59300000000036,4.081620000000003,78.07000000000001,0,6,6,4,0.42080957584770207,O=c1c2nn(-c3ccccc3)cc2nc(-c2cccnc2)n1CC1CCCNC1,False
CHEMBL3218903,COc1cccc(-n2cc3nc(-c4cccnc4C)n(C[C@H]4CCCN(CC(C)C)C4)c(=O)c3n2)c1,8.244125144327509,486.6200000000004,4.329220000000003,78.07000000000001,0,6,7,4,0.38698888042456475,O=c1c2nn(-c3ccccc3)cc2nc(-c2cccnc2)n1CC1CCCNC1,False
CHEMBL3218904,COc1cccc(-n2cc3nc(-c4cccnc4C)n(C[C@H]4CCCN(CC5CCC5)C4)c(=O)c3n2)c1,8.795880017344075,498.6310000000005,4.473320000000003,78.07000000000001,0,6,7,4,0.37409461774949443,O=c1c2nn(-c3ccccc3)cc2nc(-c2cccnc2)n1CC1CCCN(CC2CCC2)C1,False
CHEMBL3218905,COc1cccc(-n2cc3nc(-c4cccnc4C)n(C[C@H]4CCCN(CC5CCCC5)C4)c(=O)c3n2)c1,7.920818753952375,512.6580000000006,4.863420000000003,78.07000000000001,0,6,7,4,0.3518480502919026,O=c1c2nn(-c3ccccc3)cc2nc(-c2cccnc2)n1CC1CCCN(CC2CCCC2)C1,False
CHEMBL3218906,COc1cccc(-n2cc3nc(-c4cccnc4C)n(C[C@H]4CCCN(CC5CCCCC5)C4)c(=O)c3n2)c1,6.698970004336019,526.6850000000005,5.253520000000004,78.07000000000001,0,6,7,4,0.3272106755241942,O=c1c2nn(-c3ccccc3)cc2nc(-c2cccnc2)n1CC1CCCN(CC2CCCCC2)C1,False
CHEMBL3218895,COc1cccc(-n2cc3nc(-c4cccnc4C)n(C[C@H]4CCCN(CC5CCCCO5)C4)c(=O)c3n2)c1,6.920818753952375,528.6570000000005,4.242320000000003,87.3,0,7,7,4,0.3545578528850142,O=c1c2nn(-c3ccccc3)cc2nc(-c2cccnc2)n1CC1CCCN(CC2CCCCO2)C1,False
CHEMBL3218894,COc1cccc(-n2cc3nc(-c4cccnc4C)n(C[C@H]4CCCN(CC5CCCO5)C4)c(=O)c3n2)c1,8.119186407719209,514.6300000000006,3.8522200000000018,87.3,0,7,7,4,0.37020806511577437,O=c1c2nn(-c3ccccc3)cc2nc(-c2cccnc2)n1CC1CCCN(CC2CCCO2)C1,False
CHEMBL3218893,COc1cccc(-n2cc3nc(-c4cccnc4C)n(C[C@H]4CCCN(CC5CCO5)C4)c(=O)c3n2)c1,7.638272163982407,500.60300000000046,3.4621200000000014,87.3,0,7,7,4,0.3840575811598758,O=c1c2nn(-c3ccccc3)cc2nc(-c2cccnc2)n1CC1CCCN(CC2CCO2)C1,False
CHEMBL3218907,COc1cccc(-n2cc3nc(-c4cccnc4C)n(C[C@H]4CCCN(CC5CCOC5)C4)c(=O)c3n2)c1,7.221848749616356,514.6300000000006,3.7097200000000017,87.3,0,7,7,4,0.37158186127048404,O=c1c2nn(-c3ccccc3)cc2nc(-c2cccnc2)n1CC1CCCN(CC2CCOC2)C1,False
CHEMBL3218896,COc1cccc(-n2cc3nc(-c4cccnc4C)n(C[C@H]4CCCN(C[C@@H]5CCCO5)C4)c(=O)c3n2)c1,7.823908740944319,514.6300000000006,3.8522200000000018,87.3,0,7,7,4,0.37020806511577437,O=c1c2nn(-c3ccccc3)cc2nc(-c2cccnc2)n1CC1CCCN(CC2CCCO2)C1,False
CHEMBL3218897,COc1cccc(-n2cc3nc(-c4cccnc4C)n(C[C@H]4CCCN(C[C@H]5CCCO5)C4)c(=O)c3n2)c1,8.292429823902063,514.6300000000006,3.8522200000000018,87.3,0,7,7,4,0.37020806511577437,O=c1c2nn(-c3ccccc3)cc2nc(-c2cccnc2)n1CC1CCCN(CC2CCCO2)C1,False
CHEMBL3218902,COc1cccc(-n2cc3nc(-c4cccnc4C)n(C[C@H]4CCCN(Cc5ccco5)C4)c(=O)c3n2)c1,8.568636235841012,510.5980000000004,4.466420000000003,91.21,0,7,7,5,0.319113933269296,O=c1c2nn(-c3ccccc3)cc2nc(-c2cccnc2)n1CC1CCCN(Cc2ccco2)C1,False
CHEMBL3218901,COc1cccc(-n2cc3nc(-c4cccnc4C)n(C[C@H]4CCCN(Cc5cnco5)C4)c(=O)c3n2)c1,6.920818753952375,511.5860000000004,3.8614200000000016,104.10000000000001,0,8,7,5,0.3244879285523117,O=c1c2nn(-c3ccccc3)cc2nc(-c2cccnc2)n1CC1CCCN(Cc2cnco2)C1,False
CHEMBL3218908,COc1cccc(-n2cc3nc(C)n(C[C@H]4CCCN(C[C@H]5CCCO5)C4)c(=O)c3n2)c1,6.008773924307505,437.54400000000027,2.7902200000000015,74.41,0,6,6,3,0.59044866218018,O=c1c2nn(-c3ccccc3)cc2ncn1CC1CCCN(CC2CCCO2)C1,False
CHEMBL3218909,COc1cccc(-n2cc3nc(CC(C)C)n(C[C@H]4CCCN(C[C@H]5CCCO5)C4)c(=O)c3n2)c1,6.301029995663981,479.6250000000004,3.6803000000000026,74.41,0,6,8,3,0.4907431753579564,O=c1c2nn(-c3ccccc3)cc2ncn1CC1CCCN(CC2CCCO2)C1,False
CHEMBL376471,COc1cccc(Cn2c(CCCc3c[nH]c4ccccc34)nnc2[C@@H](Cc2c[nH]c3ccccc23)NC(=O)C(C)(C)N)c1,7.657577319177793,589.744,5.6102000000000025,126.64,4,5,12,6,0.14761973925907085,c1ccc(Cn2c(CCCc3c[nH]c4ccccc34)nnc2CCc2c[nH]c3ccccc23)cc1,True
CHEMBL376258,COc1cccc(Cn2c(CCc3c[nH]c4ccccc34)nnc2[C@@H](Cc2c[nH]c3ccccc23)NC(=O)C(C)(C)N)c1,7.7447274948966935,575.7170000000001,5.220100000000003,126.64,4,5,11,6,0.16851734074808786,c1ccc(Cn2c(CCc3c[nH]c4ccccc34)nnc2CCc2c[nH]c3ccccc23)cc1,True
CHEMBL375972,COc1cccc(Cn2c(CCc3ccccc3)nnc2[C@@H](Cc2c[nH]c3ccccc23)NC(=O)C(C)(C)N)c1,7.107905397309519,536.6800000000002,4.738800000000002,110.84999999999998,3,5,11,5,0.2258762499069702,c1ccc(CCc2nnc(CCc3c[nH]c4ccccc34)n2Cc2ccccc2)cc1,True
CHEMBL224921,COc1cccc(Cn2c(Cc3ccccc3)nnc2[C@@H](Cc2c[nH]c3ccccc23)NC(=O)C(C)(C)N)c1,6.920818753952375,522.6530000000004,4.544400000000001,110.84999999999998,3,5,10,5,0.24933926306753196,c1ccc(Cc2nnc(CCc3c[nH]c4ccccc34)n2Cc2ccccc2)cc1,True
CHEMBL2011823,COc1cccc(Oc2ccc3c(c2)C(=O)N([C@@H](C(=O)NC2CCN(Cc4ccccc4)CC2)C(C)C)CC(=O)N3)c1,6.844663962534938,570.6900000000003,4.687200000000004,100.21000000000001,2,6,9,3,0.3874377102551653,O=C1CN(CC(=O)NC2CCN(Cc3ccccc3)CC2)C(=O)c2cc(Oc3ccccc3)ccc2N1,True
CHEMBL1081212,COc1ccccc1-c1ccc(C(=O)N2CCN(C(=O)c3ccc4cc[nH]c4c3)[C@@H](C)C2)cc1,7.585026652029182,453.54200000000014,4.830200000000004,65.64,1,3,4,4,0.48136391243067356,O=C(c1ccc(-c2ccccc2)cc1)N1CCN(C(=O)c2ccc3cc[nH]c3c2)CC1,False
CHEMBL3978661,COc1ccccc1C[C@@H]1NCCOc2ccccc2/C=C\CNC(=O)[C@H](Cc2ccc(Cl)cc2)NC(=O)C2(CCCC2)NC1=O,7.0,645.1999999999998,4.227800000000003,117.78999999999999,4,6,5,3,0.3304292201027765,O=C1NC2(CCCC2)C(=O)NC(Cc2ccccc2)C(=O)NCC=Cc2ccccc2OCCNC1Cc1ccccc1,False
CHEMBL222610,COc1ccccc1Cn1c(CCc2c[nH]c3ccccc23)nnc1[C@@H](Cc1c[nH]c2ccccc12)NC(=O)C(C)(C)N,7.017728766960431,575.717,5.220100000000002,126.64,4,5,11,6,0.16851734074808794,c1ccc(Cn2c(CCc3c[nH]c4ccccc34)nnc2CCc2c[nH]c3ccccc23)cc1,True
CHEMBL223532,COc1ccccc1Cn1c(CCc2ccccc2)nnc1[C@@H](Cc1c[nH]c2ccccc12)NC(=O)C(C)(C)N,7.251811972993799,536.6800000000001,4.738800000000002,110.84999999999998,3,5,11,5,0.2258762499069702,c1ccc(CCc2nnc(CCc3c[nH]c4ccccc34)n2Cc2ccccc2)cc1,True
CHEMBL375150,COc1ccccc1Cn1c(Cc2ccccc2)nnc1[C@@H](Cc1c[nH]c2ccccc12)NC(=O)C(C)(C)N,6.3872161432802645,522.6530000000001,4.544400000000001,110.84999999999998,3,5,10,5,0.24933926306753196,c1ccc(Cc2nnc(CCc3c[nH]c4ccccc34)n2Cc2ccccc2)cc1,True
CHEMBL2011822,COc1ccccc1Oc1ccc2c(c1)C(=O)N([C@@H](C(=O)NC1CCN(Cc3ccccc3)CC1)C(C)C)CC(=O)N2,7.585026652029182,570.6900000000002,4.687200000000003,100.21000000000001,2,6,9,3,0.38743771025516605,O=C1CN(CC(=O)NC2CCN(Cc3ccccc3)CC2)C(=O)c2cc(Oc3ccccc3)ccc2N1,True
CHEMBL294408,CS(=O)(=O)N1CC2(CCN(C(=O)[C@@H](COCc3ccccc3)NC(=O)[C@@H](N)CO)CC2)c2ccccc21.O=C(O)C(F)(F)F,6.679853713888946,644.6690000000004,0.9809000000000045,179.57,4,8,9,2,0.30967790447195587,O=C(CCOCc1ccccc1)N1CCC2(CC1)CNc1ccccc12,True
CHEMBL301259,CS(=O)(=O)N1CC2(CCN(C(=O)[C@@H](COCc3ccccc3)NC(=O)[C@H](CO)NC(=O)CN)CC2)c2ccccc21.O=C(O)C(F)(F)F,7.441291429466834,701.7210000000005,0.09710000000000768,208.67,5,9,11,2,0.21347021499507152,O=C(CCOCc1ccccc1)N1CCC2(CC1)CNc1ccccc12,True
CHEMBL353007,CS(=O)(=O)N1CC2(CCN(C(=O)[C@@H](Cc3ccc(Cl)cc3)NC(=O)C3Cc4ccccc4CN3)CC2)c2ccccc21,6.721246399047171,607.176,3.421800000000002,98.82,2,5,6,3,0.4481159317243697,O=C(NC(Cc1ccccc1)C(=O)N1CCC2(CC1)CNc1ccccc12)C1Cc2ccccc2CN1,False
CHEMBL205796,CS(=O)(=O)c1ccc(CNc2ccc(-c3c(N)nc(N)nc3C3CC3)cc2)cc1,7.721246399047171,409.51500000000016,3.2010000000000014,123.99,3,7,6,3,0.570872561111127,c1ccc(CNc2ccc(-c3cncnc3C3CC3)cc2)cc1,False
CHEMBL203019,CS(=O)(=O)c1ccc(CNc2ccc(-c3c(N)nc(N)nc3C3CC4CCC3C4)cc2)cc1,6.863279432843593,463.60700000000026,4.2272000000000025,123.99,3,7,6,3,0.4996212117699948,c1ccc(CNc2ccc(-c3cncnc3C3CC4CCC3C4)cc2)cc1,False
CHEMBL205484,CS(=O)(=O)c1ccc(CNc2ccc(-c3c(N)nc(N)nc3C3CCC3)cc2)cc1,7.853871964321762,423.5420000000002,3.5911000000000017,123.99,3,7,6,3,0.5532360836751018,c1ccc(CNc2ccc(-c3cncnc3C3CCC3)cc2)cc1,False
CHEMBL204897,CS(=O)(=O)c1ccc(CNc2ccc(-c3c(N)nc(N)nc3C3CCCC3)cc2)cc1,7.6777807052660805,437.56900000000024,3.981200000000002,123.99,3,7,6,3,0.5325946123514471,c1ccc(CNc2ccc(-c3cncnc3C3CCCC3)cc2)cc1,False
CHEMBL205294,CS(=O)(=O)c1ccc(CNc2ccc(-c3c(N)nc(N)nc3C3CCCCC3)cc2)cc1,7.443697499232712,451.5960000000003,4.371300000000003,123.99,3,7,6,3,0.5081062560055127,c1ccc(CNc2ccc(-c3cncnc3C3CCCCC3)cc2)cc1,False
CHEMBL204776,CS(=O)(=O)c1ccc(CNc2ccc(-c3c(N)nc(N)nc3C3COc4ccccc4O3)cc2)cc1,6.7447274948966935,503.58400000000023,3.836100000000002,142.45,3,9,6,4,0.3575576858326885,c1ccc(CNc2ccc(-c3cncnc3C3COc4ccccc4O3)cc2)cc1,False
CHEMBL383757,CS(=O)(=O)c1ccc(CNc2ccc(-c3c(N)nc(N)nc3C3Cc4ccccc4O3)cc2)cc1,7.42021640338319,487.5850000000002,3.9998000000000022,133.22,3,8,6,4,0.37162660877653586,c1ccc(CNc2ccc(-c3cncnc3C3Cc4ccccc4O3)cc2)cc1,False
CHEMBL205711,CS(=O)(=O)c1ccc(CNc2ccc(-c3c(N)nc(N)nc3CCC(=O)NCc3cccc(Cl)c3)cc2)cc1,8.483288122256525,565.0990000000003,4.226000000000003,153.09,4,8,10,4,0.2231163086052181,O=C(CCc1ncncc1-c1ccc(NCc2ccccc2)cc1)NCc1ccccc1,True
CHEMBL205955,CS(=O)(=O)c1ccc(CNc2ccc(-c3c(N)nc(N)nc3CN)cc2)cc1,5.671498859905206,398.49200000000013,1.7823,150.01,4,8,6,3,0.490538384805667,c1ccc(CNc2ccc(-c3cncnc3)cc2)cc1,False
CHEMBL205896,CS(=O)(=O)c1ccc(CNc2ccc(-c3c(N)nc(N)nc3CN3CCc4ccccc43)cc2)cc1,7.886056647693163,500.62800000000027,3.886300000000002,127.22999999999999,3,8,7,4,0.3488089658674196,c1ccc(CNc2ccc(-c3cncnc3CN3CCc4ccccc43)cc2)cc1,False
CHEMBL379887,CS(=O)(=O)c1ccc(CNc2ccc(-c3c(N)nc(N)nc3CN3CCc4ccccc4C3)cc2)cc1,7.3872161432802645,514.6550000000003,3.8819000000000026,127.22999999999999,3,8,7,4,0.33906796692723684,c1ccc(CNc2ccc(-c3cncnc3CN3CCc4ccccc4C3)cc2)cc1,False
CHEMBL381759,CS(=O)(=O)c1ccc(CNc2ccc(-c3c(N)nc(N)nc3CN3Cc4ccccc4C3)cc2)cc1,7.468521082957745,500.62800000000027,3.839400000000002,127.22999999999999,3,8,7,4,0.3492949929497067,c1ccc(CNc2ccc(-c3cncnc3CN3Cc4ccccc4C3)cc2)cc1,False
CHEMBL205963,CS(=O)(=O)c1ccc(CNc2ccc(-c3c(N)nc(N)nc3CNC3CC3)cc2)cc1,6.60582741742394,438.5570000000002,2.5756000000000006,136.01999999999998,4,8,8,3,0.4212413275629512,c1ccc(CNc2ccc(-c3cncnc3CNC3CC3)cc2)cc1,False
CHEMBL204322,CS(=O)(=O)c1ccc(CNc2ccc(-c3c(N)nc(N)nc3CNC3CCCC3)cc2)cc1,6.18917302464124,466.6110000000003,3.3558000000000012,136.01999999999998,4,8,8,3,0.39671535362255533,c1ccc(CNc2ccc(-c3cncnc3CNC3CCCC3)cc2)cc1,False
CHEMBL205848,CS(=O)(=O)c1ccc(CNc2ccc(-c3c(N)nc(N)nc3CNCC3CCCC3)cc2)cc1,7.148096467362835,480.6380000000003,3.6034000000000015,136.01999999999998,4,8,9,3,0.3646450470128637,c1ccc(CNc2ccc(-c3cncnc3CNCC3CCCC3)cc2)cc1,False
CHEMBL207792,CS(=O)(=O)c1ccc(CNc2ccc(-c3c(N)nc(N)nc3CNCc3ccccc3)cc2)cc1,7.163766343465959,488.6170000000002,3.6134000000000013,136.01999999999998,4,8,9,4,0.28047808105558397,c1ccc(CNCc2ncncc2-c2ccc(NCc3ccccc3)cc2)cc1,False
CHEMBL206820,CS(=O)(=O)c1ccc(CNc2ccc(-c3c(N)nc(N)nc3CNc3ccc(F)cc3)cc2)cc1,8.372363747448347,492.58000000000015,4.0748000000000015,136.01999999999998,4,8,8,4,0.2889279065072489,c1ccc(CNc2ccc(-c3cncnc3CNc3ccccc3)cc2)cc1,False
CHEMBL382033,CS(=O)(=O)c1ccc(CNc2ccc(-c3c(N)nc(N)nc3CNc3ccccc3)cc2)cc1,8.150297959092331,474.59000000000015,3.9357000000000015,136.01999999999998,4,8,8,4,0.30148393889781605,c1ccc(CNc2ccc(-c3cncnc3CNc3ccccc3)cc2)cc1,False
CHEMBL425594,CS(=O)(=O)c1ccc(CNc2ccc(-c3c(N)nc(N)nc3COCc3ccccc3)cc2)cc1,8.835810198280631,489.6010000000002,4.040400000000003,133.22,3,8,9,4,0.3207548030215865,c1ccc(CNc2ccc(-c3cncnc3COCc3ccccc3)cc2)cc1,False
CHEMBL382853,CS(=O)(=O)c1ccc(CNc2ccc(-c3c(N)nc(N)nc3COCc3cccnc3)cc2)cc1,7.074187398423345,490.5890000000002,3.4354000000000022,146.11,3,9,9,4,0.32094421840769954,c1ccc(CNc2ccc(-c3cncnc3COCc3cccnc3)cc2)cc1,False
CHEMBL380971,CS(=O)(=O)c1ccc(CNc2ccc(-c3c(N)nc(N)nc3COCc3ccco3)cc2)cc1,8.293182501400722,479.56200000000024,3.6334000000000017,146.36,3,9,9,4,0.32726872364492354,c1ccc(CNc2ccc(-c3cncnc3COCc3ccco3)cc2)cc1,False
CHEMBL383073,CS(=O)(=O)c1ccc(CNc2ccc(-c3c(N)nc(N)nc3[C@@H]3CC4C=CC3C4)cc2)cc1,6.548213564475709,461.5910000000002,4.003200000000002,123.99,3,7,6,3,0.47393035165741076,C1=CC2CC1CC2c1ncncc1-c1ccc(NCc2ccccc2)cc1,False
CHEMBL203158,CS(=O)(=O)c1ccc(CNc2ccc(-c3c(N)nc(N)nc3[C@@H]3CCCO3)cc2)cc1,7.267606240177031,439.5410000000002,3.1751000000000014,133.22,3,8,6,3,0.5332291512812118,c1ccc(CNc2ccc(-c3cncnc3C3CCCO3)cc2)cc1,False
CHEMBL383766,CS(=O)(=O)c1ccc(CNc2ccc(-c3c(N)nc(N)nc3[C@H]3CC4C=CC3C4)cc2)cc1,7.180456064458131,461.5910000000002,4.003200000000002,123.99,3,7,6,3,0.47393035165741076,C1=CC2CC1CC2c1ncncc1-c1ccc(NCc2ccccc2)cc1,False
CHEMBL204852,CS(=O)(=O)c1ccc(CNc2ccc(-c3c(N)nc(N)nc3[C@H]3CCCO3)cc2)cc1,7.2441251443275085,439.5410000000002,3.1751000000000014,133.22,3,8,6,3,0.5332291512812118,c1ccc(CNc2ccc(-c3cncnc3C3CCCO3)cc2)cc1,False
CHEMBL208477,CS(=O)(=O)c1ccc(COc2ccc(-c3c(N)nc(N)nc3COCc3ccccc3)cc2)cc1,7.739954835943578,490.5850000000002,4.0073000000000025,130.42,2,8,9,4,0.3598827620292553,c1ccc(COCc2ncncc2-c2ccc(OCc3ccccc3)cc2)cc1,False
CHEMBL3319282,CS(=O)(=O)c1ccc2nc(NC(=O)NC(=O)c3cc(-n4cccc4)ccc3Cl)sc2c1,7.638272163982407,474.9510000000001,4.105800000000003,110.16,2,6,4,4,0.462236102349972,O=C(NC(=O)c1cccc(-n2cccc2)c1)Nc1nc2ccccc2s1,False
CHEMBL3319276,CS(=O)(=O)c1ccc2nc(NC(=O)NC(=O)c3ccccc3Cl)sc2c1,6.920818753952375,409.87600000000003,3.315100000000001,105.22999999999999,2,6,3,3,0.6898842956184588,O=C(NC(=O)c1ccccc1)Nc1nc2ccccc2s1,False
CHEMBL3319277,CS(=O)(=O)c1ccc2sc(NC(=O)NC(=O)c3ccccc3Cl)nc2c1,5.327902142064282,409.8760000000001,3.315100000000001,105.23,2,6,3,3,0.6898842956184588,O=C(NC(=O)c1ccccc1)Nc1nc2ccccc2s1,False
CHEMBL3963865,CSCC[C@@H]1NCCOc2ccccc2CCCNC(=O)[C@@H](Cc2ccc(F)cc2)NC(=O)[C@@H](C)N(C)C1=O,8.0,558.7200000000001,2.552600000000001,99.77000000000001,3,6,5,2,0.5218961453449892,O=C1CNCCOc2ccccc2CCCNC(=O)C(Cc2ccccc2)NC(=O)CN1,False
CHEMBL4741413,C[C@@H](O)[C@H](NC(=O)[C@@H]1CCCN1C(=O)[C@H](CO)NC(=O)[C@H](Cc1cccc2ccccc12)NC(=O)[C@H](CN)NC(=O)[C@H](CO)NC(=O)CN)C(N)=O,4.0,729.7919999999998,-5.434600000000012,321.62999999999994,11,12,18,2,0.06850876262000637,O=C(CCc1cccc2ccccc12)NCC(=O)N1CCCC1,True
CHEMBL3903351,C[C@@H]1C(=O)N[C@@H](Cc2ccc(F)cc2)C(=O)NCCCCCOCCN[C@@H](C2CC2)C(=O)N1C,7.0,476.5930000000004,1.384800000000001,99.77,3,5,3,1,0.61233504080965,O=C1CNC(=O)C(C2CC2)NCCOCCCCCNC(=O)C(Cc2ccccc2)N1,False
CHEMBL3940705,C[C@@H]1C(=O)N[C@H](Cc2c(F)c(F)c(F)c(F)c2F)C(=O)NCCCc2ccccc2OCCN[C@@H](C2CC2)C(=O)N1C,10.0,596.5970000000001,2.765900000000001,99.77,3,5,3,2,0.28775479948271876,O=C1CNC(=O)C(C2CC2)NCCOc2ccccc2CCCNC(=O)C(Cc2ccccc2)N1,False
CHEMBL3979468,C[C@@H]1C(=O)N[C@H](Cc2c[nH]c3ccccc23)C(=O)NCCCc2ccccc2OCCN[C@@H](C2CC2)C(=O)N1C,8.0,545.6840000000003,2.5517000000000003,115.55999999999999,4,5,3,3,0.40392082865733697,O=C1CNC(=O)C(C2CC2)NCCOc2ccccc2CCCNC(=O)C(Cc2c[nH]c3ccccc23)N1,False
CHEMBL3984338,C[C@@H]1C(=O)N[C@H](Cc2cc(F)c(F)c(F)c2)C(=O)NCCCc2ccccc2OCCN[C@@H](C2CC2)C(=O)N1C,10.0,560.6170000000003,2.4877000000000002,99.77,3,5,3,2,0.5014402385255066,O=C1CNC(=O)C(C2CC2)NCCOc2ccccc2CCCNC(=O)C(Cc2ccccc2)N1,False
CHEMBL3919021,C[C@@H]1C(=O)N[C@H](Cc2cc(F)cc(F)c2)C(=O)NCCCc2ccccc2OCCN[C@@H](C2CC2)C(=O)N1C,8.0,542.6270000000003,2.3486000000000002,99.77,3,5,3,2,0.5532530411238766,O=C1CNC(=O)C(C2CC2)NCCOc2ccccc2CCCNC(=O)C(Cc2ccccc2)N1,False
CHEMBL3918009,C[C@@H]1C(=O)N[C@H](Cc2ccc(Br)cc2)C(=O)NCCCc2ccccc2OCCN[C@@H](C2CC2)C(=O)N1C,10.0,585.5430000000001,2.8329000000000004,99.77,3,5,3,2,0.5149522082343966,O=C1CNC(=O)C(C2CC2)NCCOc2ccccc2CCCNC(=O)C(Cc2ccccc2)N1,False
CHEMBL3975975,C[C@@H]1C(=O)N[C@H](Cc2ccc(C#N)cc2)C(=O)NCCCc2ccccc2OCCN[C@@H](C2CC2)C(=O)N1C,8.0,531.6570000000004,1.9420800000000005,123.56000000000002,3,6,3,2,0.5563735736752128,O=C1CNC(=O)C(C2CC2)NCCOc2ccccc2CCCNC(=O)C(Cc2ccccc2)N1,False
CHEMBL1923626,C[C@@H]1C(=O)N[C@H](Cc2ccc(C(F)(F)F)cc2)C(=O)NCCCc2ccccc2OCCN[C@@H](C2CC2)C(=O)N1C,9.077450979992872,574.6440000000001,3.089200000000001,99.77,3,5,3,2,0.5235822985773239,O=C1CNC(=O)C(C2CC2)NCCOc2ccccc2CCCNC(=O)C(Cc2ccccc2)N1,False
CHEMBL3903118,C[C@@H]1C(=O)N[C@H](Cc2ccc(Cl)c(Cl)c2)C(=O)NCCCc2ccccc2OCCN[C@@H](C2CC2)C(=O)N1C,10.0,575.5370000000003,3.377200000000001,99.77,3,5,3,2,0.521574905122561,O=C1CNC(=O)C(C2CC2)NCCOc2ccccc2CCCNC(=O)C(Cc2ccccc2)N1,False
CHEMBL3934367,C[C@@H]1C(=O)N[C@H](Cc2ccc(Cl)cc2)C(=O)NC/C=C\c2ccccc2OCCN[C@@H](C2CC2)C(=O)N1C,10.0,539.0760000000002,2.804400000000001,99.77,3,5,3,2,0.5579092552855918,O=C1CNC(=O)C(C2CC2)NCCOc2ccccc2C=CCNC(=O)C(Cc2ccccc2)N1,False
CHEMBL3920049,C[C@@H]1C(=O)N[C@H](Cc2ccc(Cl)cc2)C(=O)NCCCc2ccccc2OCCN[C@@H](C2CC2)C(=O)N1C,10.0,541.0920000000003,2.7238000000000007,99.77,3,5,3,2,0.5557620873783934,O=C1CNC(=O)C(C2CC2)NCCOc2ccccc2CCCNC(=O)C(Cc2ccccc2)N1,False
CHEMBL3905791,C[C@@H]1C(=O)N[C@H](Cc2ccc(Cl)cc2Cl)C(=O)NCCCc2ccccc2OCCN[C@@H](C2CC2)C(=O)N1C,10.0,575.5370000000003,3.377200000000001,99.77,3,5,3,2,0.521574905122561,O=C1CNC(=O)C(C2CC2)NCCOc2ccccc2CCCNC(=O)C(Cc2ccccc2)N1,False
CHEMBL3921750,C[C@@H]1C(=O)N[C@H](Cc2ccc(F)c(F)c2)C(=O)NCCCc2ccccc2OCCN[C@@H](C2CC2)C(=O)N1C,8.0,542.6270000000003,2.3486000000000002,99.77,3,5,3,2,0.5532530411238766,O=C1CNC(=O)C(C2CC2)NCCOc2ccccc2CCCNC(=O)C(Cc2ccccc2)N1,False
CHEMBL3929593,C[C@@H]1C(=O)N[C@H](Cc2ccc(F)cc2)C(=O)NC/C=C/c2ccccc2OCCN[C@@H](C2CC2)C(=O)N1C,10.0,522.6210000000003,2.2901000000000007,99.77,3,5,3,2,0.5746671937687727,O=C1CNC(=O)C(C2CC2)NCCOc2ccccc2C=CCNC(=O)C(Cc2ccccc2)N1,False
CHEMBL3917385,C[C@@H]1C(=O)N[C@H](Cc2ccc(F)cc2)C(=O)NC/C=C\c2ccccc2OCCN[C@@H](C2CC2)C(=O)N1C,8.0,522.6210000000003,2.2901000000000007,99.77,3,5,3,2,0.5746671937687727,O=C1CNC(=O)C(C2CC2)NCCOc2ccccc2C=CCNC(=O)C(Cc2ccccc2)N1,False
CHEMBL3938104,C[C@@H]1C(=O)N[C@H](Cc2ccc(F)cc2)C(=O)NCC#Cc2ccccc2OCCN[C@@H](C2CC2)C(=O)N1C,8.0,520.6050000000004,1.6283999999999996,99.77,3,5,3,2,0.5346695666004281,O=C1CNC(=O)C(C2CC2)NCCOc2ccccc2C#CCNC(=O)C(Cc2ccccc2)N1,False
CHEMBL3973254,C[C@@H]1C(=O)N[C@H](Cc2ccc(F)cc2)C(=O)NCC/C=C\COCCN[C@@H](C2CC2)C(=O)N1C,7.0,474.57700000000034,1.1608000000000012,99.77,3,5,3,1,0.5713144340050256,O=C1CNC(=O)C(C2CC2)NCCOCC=CCCNC(=O)C(Cc2ccccc2)N1,False
CHEMBL3918022,C[C@@H]1C(=O)N[C@H](Cc2ccc(F)cc2)C(=O)NCCC(C)(C)c2ccccc2OCCN[C@@H](C2CC2)C(=O)N1C,7.0,552.6910000000003,2.944600000000002,99.77,3,5,3,2,0.5439974212992303,O=C1CNC(=O)C(C2CC2)NCCOc2ccccc2CCCNC(=O)C(Cc2ccccc2)N1,False
CHEMBL3961160,C[C@@H]1C(=O)N[C@H](Cc2ccc(F)cc2)C(=O)NCCCc2cc(C(F)(F)F)ccc2OCCN[C@@H](C2CC2)C(=O)N1C,7.0,592.634,3.2283000000000017,99.77,3,5,3,2,0.4758407180067549,O=C1CNC(=O)C(C2CC2)NCCOc2ccccc2CCCNC(=O)C(Cc2ccccc2)N1,False
CHEMBL3976294,C[C@@H]1C(=O)N[C@H](Cc2ccc(F)cc2)C(=O)NCCCc2cc(Cl)ccc2OCCN[C@@H](C2CC2)C(=O)N1C,8.0,559.0820000000003,2.8629000000000016,99.77,3,5,3,2,0.5379231231027615,O=C1CNC(=O)C(C2CC2)NCCOc2ccccc2CCCNC(=O)C(Cc2ccccc2)N1,False
CHEMBL1923643,C[C@@H]1C(=O)N[C@H](Cc2ccc(F)cc2)C(=O)NCCCc2cc(F)ccc2OCCN[C@@H](C2CC2)C(=O)N1C,7.6182860032185316,542.6270000000003,2.3486000000000002,99.77,3,5,3,2,0.5532530411238766,O=C1CNC(=O)C(C2CC2)NCCOc2ccccc2CCCNC(=O)C(Cc2ccccc2)N1,False
CHEMBL3932408,C[C@@H]1C(=O)N[C@H](Cc2ccc(F)cc2)C(=O)NCCCc2cc(NS(C)(=O)=O)ccc2OCCN[C@@H](C2CC2)C(=O)N1C,8.0,617.7440000000001,1.581000000000002,145.94000000000003,4,7,5,2,0.398703889968855,O=C1CNC(=O)C(C2CC2)NCCOc2ccccc2CCCNC(=O)C(Cc2ccccc2)N1,False
CHEMBL1923642,C[C@@H]1C(=O)N[C@H](Cc2ccc(F)cc2)C(=O)NCCCc2ccc(F)cc2OCCN[C@@H](C2CC2)C(=O)N1C,9.292513326014591,542.6270000000003,2.3486000000000002,99.77,3,5,3,2,0.5532530411238766,O=C1CNC(=O)C(C2CC2)NCCOc2ccccc2CCCNC(=O)C(Cc2ccccc2)N1,False
CHEMBL3966251,C[C@@H]1C(=O)N[C@H](Cc2ccc(F)cc2)C(=O)NCCCc2ccc(NS(C)(=O)=O)cc2OCCN[C@@H](C2CC2)C(=O)N1C,7.0,617.7440000000001,1.581000000000002,145.94000000000003,4,7,5,2,0.398703889968855,O=C1CNC(=O)C(C2CC2)NCCOc2ccccc2CCCNC(=O)C(Cc2ccccc2)N1,False
CHEMBL1923641,C[C@@H]1C(=O)N[C@H](Cc2ccc(F)cc2)C(=O)NCCCc2cccc3c2O[C@@H](CC3)CN[C@@H](C2CC2)C(=O)N1C,7.721246399047171,550.6750000000003,2.524300000000001,99.77,3,5,3,2,0.5456950379291087,O=C1CNC(=O)C(C2CC2)NCC2CCc3cccc(c3O2)CCCNC(=O)C(Cc2ccccc2)N1,False
CHEMBL1923640,C[C@@H]1C(=O)N[C@H](Cc2ccc(F)cc2)C(=O)NCCCc2cccc3c2O[C@H](CC3)CN[C@@H](C2CC2)C(=O)N1C,9.045757490560675,550.6750000000003,2.524300000000001,99.77,3,5,3,2,0.5456950379291087,O=C1CNC(=O)C(C2CC2)NCC2CCc3cccc(c3O2)CCCNC(=O)C(Cc2ccccc2)N1,False
CHEMBL1923639,C[C@@H]1C(=O)N[C@H](Cc2ccc(F)cc2)C(=O)NCCCc2ccccc2OC(C)(C)CN[C@@H](C2CC2)C(=O)N1C,7.920818753952375,552.6910000000003,2.988100000000001,99.77,3,5,3,2,0.5439340330656476,O=C1CNC(=O)C(C2CC2)NCCOc2ccccc2CCCNC(=O)C(Cc2ccccc2)N1,False
CHEMBL1923625,C[C@@H]1C(=O)N[C@H](Cc2ccc(F)cc2)C(=O)NCCCc2ccccc2OCCN[C@@H](C2CC2)C(=O)N1C,9.068338569939772,524.6370000000004,2.209500000000001,99.77,3,5,3,2,0.5719808933101728,O=C1CNC(=O)C(C2CC2)NCCOc2ccccc2CCCNC(=O)C(Cc2ccccc2)N1,False
CHEMBL3892319,C[C@@H]1C(=O)N[C@H](Cc2ccc(F)cc2)C(=O)NCCCc2ccccc2OCCN[C@@H](CCCN)C(=O)N1C,7.0,541.6680000000003,1.538400000000002,125.79,4,6,5,2,0.4551692200125619,O=C1CNCCOc2ccccc2CCCNC(=O)C(Cc2ccccc2)NC(=O)CN1,False
CHEMBL3889672,C[C@@H]1C(=O)N[C@H](Cc2ccc(F)cc2)C(=O)NCCCc2ccccc2OCCN[C@@H](CCN)C(=O)N1C,7.0,527.6410000000003,1.1483000000000025,125.79,4,6,4,2,0.4728014155286856,O=C1CNCCOc2ccccc2CCCNC(=O)C(Cc2ccccc2)NC(=O)CN1,False
CHEMBL3923324,C[C@@H]1C(=O)N[C@H](Cc2ccc(F)cc2)C(=O)NCCCc2ccccc2OCCN[C@@H](CN)C(=O)N1C,7.0,513.6140000000004,0.7582000000000029,125.79,4,6,3,2,0.48029019179223836,O=C1CNCCOc2ccccc2CCCNC(=O)C(Cc2ccccc2)NC(=O)CN1,False
CHEMBL1923638,C[C@@H]1C(=O)N[C@H](Cc2ccc(F)cc2)C(=O)NCCCc2ccccc2O[C@@H](C)CN[C@@H](C2CC2)C(=O)N1C,7.6259059864969,538.6640000000003,2.5980000000000008,99.77,3,5,3,2,0.5581335528453896,O=C1CNC(=O)C(C2CC2)NCCOc2ccccc2CCCNC(=O)C(Cc2ccccc2)N1,False
CHEMBL3934402,C[C@@H]1C(=O)N[C@H](Cc2ccc(F)cc2)C(=O)NCCCc2ncccc2OCCN[C@@H](C2CC2)C(=O)N1C,8.0,525.6250000000003,1.6045000000000003,112.66000000000001,3,6,3,2,0.561443474946499,O=C1CNC(=O)C(C2CC2)NCCOc2cccnc2CCCNC(=O)C(Cc2ccccc2)N1,False
CHEMBL3902231,C[C@@H]1C(=O)N[C@H](Cc2ccc(F)cc2)C(=O)NCCOCCOCCN[C@@H](C2CC2)C(=O)N1C,6.0,478.5650000000004,0.23110000000000297,109.00000000000001,3,6,3,1,0.5741450664871567,O=C1CNC(=O)C(C2CC2)NCCOCCOCCNC(=O)C(Cc2ccccc2)N1,False
CHEMBL3970491,C[C@@H]1C(=O)N[C@H](Cc2ccc(F)cc2)C(=O)NCCOc2ccccc2OCCN[C@@H](C2CC2)C(=O)N1C,7.0,526.6090000000004,1.6556999999999997,109.00000000000001,3,6,3,2,0.5615361193813444,O=C1CNC(=O)C(C2CC2)NCCOc2ccccc2OCCNC(=O)C(Cc2ccccc2)N1,False
CHEMBL3973513,C[C@@H]1C(=O)N[C@H](Cc2ccc(I)cc2)C(=O)NCCCc2ccccc2OCCN[C@@H](C2CC2)C(=O)N1C,10.0,632.5430000000001,2.6750000000000007,99.77,3,5,3,2,0.4526040685162024,O=C1CNC(=O)C(C2CC2)NCCOc2ccccc2CCCNC(=O)C(Cc2ccccc2)N1,False
CHEMBL3979911,C[C@@H]1C(=O)N[C@H](Cc2ccc(O)c(C(C)(C)C)c2)C(=O)NCCCc2ccccc2OCCN[C@@H](C2CC2)C(=O)N1C,8.0,578.7540000000002,3.073500000000002,120.00000000000001,4,6,3,2,0.44459092608689726,O=C1CNC(=O)C(C2CC2)NCCOc2ccccc2CCCNC(=O)C(Cc2ccccc2)N1,False
CHEMBL3970827,C[C@@H]1C(=O)N[C@H](Cc2cccc(Cl)c2)C(=O)NC/C=C\c2ccccc2OCCNC2(CCCC2)C(=O)N1C,8.0,553.1030000000003,3.3386000000000013,99.77,3,5,2,2,0.5305562132143874,O=C1CNC(=O)C2(CCCC2)NCCOc2ccccc2C=CCNC(=O)C(Cc2ccccc2)N1,False
CHEMBL1923624,C[C@@H]1C(=O)N[C@H](Cc2cccc(F)c2)C(=O)NCCCc2ccccc2OCCN[C@@H](C2CC2)C(=O)N1C,7.83889035263304,524.6370000000004,2.209500000000001,99.77,3,5,3,2,0.5719808933101728,O=C1CNC(=O)C(C2CC2)NCCOc2ccccc2CCCNC(=O)C(Cc2ccccc2)N1,False
CHEMBL3929852,C[C@@H]1C(=O)N[C@H](Cc2ccccc2)C(=O)NCCCc2ccc3c(c2)OC(CC3)CN[C@@H](C2CC2)C(=O)N1C,8.0,532.6850000000003,2.3852,99.77,3,5,3,2,0.5639158356124312,O=C1CNC(=O)C(C2CC2)NCC2CCc3ccc(cc3O2)CCCNC(=O)C(Cc2ccccc2)N1,False
CHEMBL3983626,C[C@@H]1C(=O)N[C@H](Cc2ccccc2)C(=O)NCCCc2ccccc2OCCN2CCCC[C@H]2C(=O)N1C,8.0,520.6740000000004,2.5567,90.98,2,5,2,2,0.6353527215557874,O=C1CNC(=O)C2CCCCN2CCOc2ccccc2CCCNC(=O)C(Cc2ccccc2)N1,False
CHEMBL3965338,C[C@@H]1C(=O)N[C@H](Cc2ccccc2)C(=O)NCCCc2ccccc2OCCN2CCC[C@H]2C(=O)N1C,7.0,506.6470000000004,2.1666,90.98,2,5,2,2,0.6516806464114622,O=C1CNC(=O)C2CCCN2CCOc2ccccc2CCCNC(=O)C(Cc2ccccc2)N1,False
CHEMBL3939872,C[C@@H]1C(=O)N[C@H](Cc2ccccc2)C(=O)NCCCc2ccccc2OCCN[C@@H](C(C)(C)C)C(=O)N1C,10.0,522.6900000000003,2.7065,99.77,3,5,2,2,0.5633701332028164,O=C1CNCCOc2ccccc2CCCNC(=O)C(Cc2ccccc2)NC(=O)CN1,False
CHEMBL1923610,C[C@@H]1C(=O)N[C@H](Cc2ccccc2)C(=O)NCCCc2ccccc2OCCN[C@@H](C2CC2)C(=O)N1C,9.178273661756906,506.64700000000033,2.0704,99.77,3,5,3,2,0.5920476566832851,O=C1CNC(=O)C(C2CC2)NCCOc2ccccc2CCCNC(=O)C(Cc2ccccc2)N1,False
CHEMBL1923623,C[C@@H]1C(=O)N[C@H](Cc2ccccc2F)C(=O)NCCCc2ccccc2OCCN[C@@H](C2CC2)C(=O)N1C,9.103804155250874,524.6370000000004,2.209500000000001,99.77,3,5,3,2,0.5719808933101728,O=C1CNC(=O)C(C2CC2)NCCOc2ccccc2CCCNC(=O)C(Cc2ccccc2)N1,False
CHEMBL3891381,C[C@@H]1C(=O)N[C@H](Cc2ccsc2)C(=O)NCCCc2ccccc2OCCN[C@@H](C2CC2)C(=O)N1C,8.0,512.6760000000003,2.131900000000001,99.77,3,6,3,2,0.5852825841652796,O=C1CNC(=O)C(C2CC2)NCCOc2ccccc2CCCNC(=O)C(Cc2ccsc2)N1,False
CHEMBL3586029,C[C@@H]1CN(c2cnc(NCc3ccc4c(c3)OCC4)c(C(=O)NC[C@H]3COc4ccccc4O3)c2)C[C@H](C)O1,8.142667503568731,530.6250000000002,3.812000000000003,94.18,2,8,7,3,0.4764658475937777,O=C(NCC1COc2ccccc2O1)c1cc(N2CCOCC2)cnc1NCc1ccc2c(c1)OCC2,False
CHEMBL1923621,C[C@@H]1CN[C@@H](C2CC2)C(=O)N(C)[C@H](C)C(=O)N[C@H](Cc2ccc(Cl)cc2)C(=O)NCCCc2ccccc2O1,7.823908740944319,555.1190000000003,3.112300000000002,99.77000000000001,3,5,3,2,0.5412858547960243,O=C1CNC(=O)C(C2CC2)NCCOc2ccccc2CCCNC(=O)C(Cc2ccccc2)N1,False
CHEMBL1923644,C[C@@H]1CN[C@@H](C2CC2)C(=O)N(C)[C@H](C)C(=O)N[C@H](Cc2ccc(F)cc2)C(=O)NCCCc2ccc(F)cc2O1,7.214670164989233,556.6540000000003,2.7371000000000016,99.77000000000001,3,5,3,2,0.5402155437046577,O=C1CNC(=O)C(C2CC2)NCCOc2ccccc2CCCNC(=O)C(Cc2ccccc2)N1,False
CHEMBL1923502,C[C@@H]1CN[C@@H](C2CC2)C(=O)N(C)[C@H](C)C(=O)N[C@H](Cc2ccc(F)cc2)C(=O)NCCCc2ccccc2O1.Cl.O,7.795880017344075,593.1400000000003,2.1951000000000023,131.27,3,5,3,2,0.5028347826484717,O=C1CNC(=O)C(C2CC2)NCCOc2ccccc2CCCNC(=O)C(Cc2ccccc2)N1,False
CHEMBL3909838,C[C@@H]1CN[C@@H](C2CC2)C(=O)N(C)[C@H](C)C(=O)N[C@H](Cc2ccccc2)C(=O)NCCCc2ccc(F)cc2O1,8.0,538.6640000000003,2.5980000000000025,99.77000000000001,3,5,3,2,0.5581335528453896,O=C1CNC(=O)C(C2CC2)NCCOc2ccccc2CCCNC(=O)C(Cc2ccccc2)N1,False
CHEMBL1923622,C[C@@H]1CN[C@@H](C2CC2)C(=O)N(C)[C@H](C)C(=O)N[C@H](Cc2ccccc2)C(=O)NCCCc2ccccc2O1,7.468521082957745,520.6740000000003,2.4589000000000034,99.77000000000001,3,5,3,2,0.5775582493981063,O=C1CNC(=O)C(C2CC2)NCCOc2ccccc2CCCNC(=O)C(Cc2ccccc2)N1,False
CHEMBL1923629,C[C@@H]1CN[C@@H](C2CCCCC2)C(=O)N(C)[C@H](C)C(=O)N[C@H](Cc2ccc(F)cc2)C(=O)NCCCc2ccccc2O1,9.42021640338319,580.7450000000003,3.7683000000000026,99.77000000000001,3,5,3,2,0.5135846800153799,O=C1CNC(=O)C(C2CCCCC2)NCCOc2ccccc2CCCNC(=O)C(Cc2ccccc2)N1,False
CHEMBL3965351,C[C@@H]1NC(=O)C2(CCCC2)NCCOc2ccccc2/C=C\CNC(=O)[C@H](Cc2cccc(Cl)c2)NC1=O,7.0,539.0760000000001,2.9963999999999995,108.56,4,5,2,2,0.46994771908328764,O=C1CNC(=O)C2(CCCC2)NCCOc2ccccc2C=CCNC(=O)C(Cc2ccccc2)N1,False
CHEMBL3900193,C[C@@H]1NCCOc2ccccc2CCCNC(=O)[C@@H](Cc2ccccc2)NC(=O)CN(C)C1=O,6.0,466.5820000000002,1.2918000000000012,99.77000000000001,3,5,2,2,0.6195622693820864,O=C1CNCCOc2ccccc2CCCNC(=O)C(Cc2ccccc2)NC(=O)CN1,False
CHEMBL3942554,C[C@@H]1NCCOc2ccccc2CCCNC(=O)[C@H](Cc2ccccc2)NC(=O)C2(CCCC2)NC1=O,7.0,506.64700000000033,2.2624,108.56,4,5,2,2,0.4998381756603932,O=C1CNCCOc2ccccc2CCCNC(=O)C(Cc2ccccc2)NC(=O)C2(CCCC2)N1,False
CHEMBL2163444,C[C@H](N)C(=O)N[C@H](Cc1c[nH]c2ccccc12)C(=O)NNC(=O)N[C@@H](Cc1c[nH]c2ccccc12)C(=O)N[C@H](Cc1ccccc1)C(=O)N[C@@H](CCCCN)C(N)=O,6.245651664288982,793.9299999999997,0.7920000000000067,284.23999999999995,11,8,19,5,0.04190284863283726,O=C(CCc1c[nH]c2ccccc12)NNC(=O)NC(Cc1c[nH]c2ccccc12)C(=O)NCCc1ccccc1,True
CHEMBL4285075,C[C@H](NC(=O)N(C)C1CCN(C2CCc3cc(-c4cncnc4)ccc32)CC1)c1ccc(C#CC2CC2)c(Cl)c1Cl,7.066006836168757,588.5830000000003,7.066200000000007,61.36000000000001,1,4,5,3,0.3242805998255757,O=C(NCc1ccc(C#CC2CC2)cc1)NC1CCN(C2CCc3cc(-c4cncnc4)ccc32)CC1,False
CHEMBL4289530,C[C@H](NC(=O)N(C)C1CCN(C2CCc3cc(-c4ncccn4)ccc32)CC1)c1ccc(C#CC2CC2)c(Cl)c1Cl,6.09799710864927,588.5830000000003,7.066200000000007,61.36000000000001,1,4,5,3,0.3242805998255757,O=C(NCc1ccc(C#CC2CC2)cc1)NC1CCN(C2CCc3cc(-c4ncccn4)ccc32)CC1,False
CHEMBL4288441,C[C@H](NC(=O)N(C)C1CCN(C2CCc3ccccc32)CC1)c1ccc(C#CC2CC2)c(Cl)c1Cl,6.036684488613888,510.50900000000036,6.6092000000000075,35.580000000000005,1,2,4,2,0.4701968921768235,O=C(NCc1ccc(C#CC2CC2)cc1)NC1CCN(C2CCc3ccccc32)CC1,False
CHEMBL4517723,C[C@H](NC(=O)N(CC1CCCCC1)NC(=O)[C@@H](N)Cc1cnc[nH]1)C(=O)N[C@@H](Cc1c[nH]c2ccccc12)C(=O)N[C@H](Cc1ccccc1)C(=O)N[C@@H](CCCCN)C(N)=O,5.260427655549908,841.0309999999996,1.326500000000008,288.34,10,9,21,4,0.04272833704005247,O=C(CNC(=O)N(CC1CCCCC1)NC(=O)CCc1cnc[nH]1)NC(Cc1c[nH]c2ccccc12)C(=O)NCCc1ccccc1,True
CHEMBL2163474,C[C@H](NC(=O)N(CCc1ccccc1)NC(=O)C(N)Cc1cnc[nH]1)C(=O)N[C@@H](Cc1c[nH]c2ccccc12)C(=O)N[C@H](Cc1ccccc1)C(=O)N[C@@H](CCCCN)C(N)=O,6.137272471682025,849.0099999999996,0.9889000000000074,288.34,10,9,22,5,0.03506491483972522,O=C(CNC(=O)N(CCc1ccccc1)NC(=O)CCc1cnc[nH]1)NC(Cc1c[nH]c2ccccc12)C(=O)NCCc1ccccc1,True
CHEMBL4518972,C[C@H](NC(=O)N(CCc1ccccc1)NC(=O)[C@@H](N)Cc1cnc[nH]1)C(=O)N[C@@H](Cc1c[nH]c2ccccc12)C(=O)N[C@H](Cc1ccccc1)C(=O)N[C@@H](CCCCN)C(N)=O,6.137272471682025,849.0099999999996,0.9889000000000074,288.34,10,9,22,5,0.03506491483972522,O=C(CNC(=O)N(CCc1ccccc1)NC(=O)CCc1cnc[nH]1)NC(Cc1c[nH]c2ccccc12)C(=O)NCCc1ccccc1,True
CHEMBL2163475,C[C@H](NC(=O)N(Cc1ccc(-c2ccccc2)cc1)NC(=O)C(N)Cc1cnc[nH]1)C(=O)N[C@@H](Cc1c[nH]c2ccccc12)C(=O)N[C@H](Cc1ccccc1)C(=O)N[C@@H](CCCCN)C(N)=O,5.785156151952302,911.0809999999997,2.6134000000000057,288.34,10,9,22,6,0.03535123027368795,O=C(CNC(=O)N(Cc1ccc(-c2ccccc2)cc1)NC(=O)CCc1cnc[nH]1)NC(Cc1c[nH]c2ccccc12)C(=O)NCCc1ccccc1,True
CHEMBL4550305,C[C@H](NC(=O)N(Cc1ccc(-c2ccccc2)cc1)NC(=O)[C@@H](N)Cc1cnc[nH]1)C(=O)N[C@@H](Cc1c[nH]c2ccccc12)C(=O)N[C@H](Cc1ccccc1)C(=O)N[C@@H](CCCCN)C(N)=O,5.785156151952302,911.0809999999997,2.6134000000000057,288.34,10,9,22,6,0.03535123027368795,O=C(CNC(=O)N(Cc1ccc(-c2ccccc2)cc1)NC(=O)CCc1cnc[nH]1)NC(Cc1c[nH]c2ccccc12)C(=O)NCCc1ccccc1,True
CHEMBL2163472,C[C@H](NC(=O)N(Cc1ccc(O)cc1)NC(=O)C(N)Cc1cnc[nH]1)C(=O)N[C@@H](Cc1c[nH]c2ccccc12)C(=O)N[C@H](Cc1ccccc1)C(=O)N[C@@H](CCCCN)C(N)=O,5.069050968832477,850.9819999999996,0.652000000000009,308.56999999999994,11,10,21,5,0.03619381363872853,O=C(CNC(=O)N(Cc1ccccc1)NC(=O)CCc1cnc[nH]1)NC(Cc1c[nH]c2ccccc12)C(=O)NCCc1ccccc1,True
CHEMBL4514053,C[C@H](NC(=O)N(Cc1ccc(O)cc1)NC(=O)[C@@H](N)Cc1cnc[nH]1)C(=O)N[C@@H](Cc1c[nH]c2ccccc12)C(=O)N[C@H](Cc1ccccc1)C(=O)N[C@@H](CCCCN)C(N)=O,5.069050968832477,850.9819999999996,0.652000000000009,308.56999999999994,11,10,21,5,0.03619381363872853,O=C(CNC(=O)N(Cc1ccccc1)NC(=O)CCc1cnc[nH]1)NC(Cc1c[nH]c2ccccc12)C(=O)NCCc1ccccc1,True
CHEMBL2163473,C[C@H](NC(=O)N(Cc1cccc2ccccc12)NC(=O)C(N)Cc1cnc[nH]1)C(=O)N[C@@H](Cc1c[nH]c2ccccc12)C(=O)N[C@H](Cc1ccccc1)C(=O)N[C@@H](CCCCN)C(N)=O,6.332547047110046,885.0429999999997,2.0996000000000064,288.34,10,9,21,6,0.037373116440858285,O=C(CNC(=O)N(Cc1cccc2ccccc12)NC(=O)CCc1cnc[nH]1)NC(Cc1c[nH]c2ccccc12)C(=O)NCCc1ccccc1,True
CHEMBL4559602,C[C@H](NC(=O)N(Cc1cccc2ccccc12)NC(=O)[C@@H](N)Cc1cnc[nH]1)C(=O)N[C@@H](Cc1c[nH]c2ccccc12)C(=O)N[C@H](Cc1ccccc1)C(=O)N[C@@H](CCCCN)C(N)=O,6.332547047110046,885.0429999999997,2.0996000000000064,288.34,10,9,21,6,0.037373116440858285,O=C(CNC(=O)N(Cc1cccc2ccccc12)NC(=O)CCc1cnc[nH]1)NC(Cc1c[nH]c2ccccc12)C(=O)NCCc1ccccc1,True
CHEMBL2163471,C[C@H](NC(=O)N(Cc1ccccc1)NC(=O)C(N)Cc1cnc[nH]1)C(=O)N[C@@H](Cc1c[nH]c2ccccc12)C(=O)N[C@H](Cc1ccccc1)C(=O)N[C@@H](CCCCN)C(N)=O,4.79317412396815,834.9829999999996,0.946400000000007,288.34,10,9,21,5,0.0371531200282517,O=C(CNC(=O)N(Cc1ccccc1)NC(=O)CCc1cnc[nH]1)NC(Cc1c[nH]c2ccccc12)C(=O)NCCc1ccccc1,True
CHEMBL4567432,C[C@H](NC(=O)N(Cc1ccccc1)NC(=O)[C@@H](N)Cc1cnc[nH]1)C(=O)N[C@@H](Cc1c[nH]c2ccccc12)C(=O)N[C@H](Cc1ccccc1)C(=O)N[C@@H](CCCCN)C(N)=O,4.79317412396815,834.9829999999996,0.946400000000007,288.34,10,9,21,5,0.0371531200282517,O=C(CNC(=O)N(Cc1ccccc1)NC(=O)CCc1cnc[nH]1)NC(Cc1c[nH]c2ccccc12)C(=O)NCCc1ccccc1,True
CHEMBL105462,C[C@H](NC(=O)[C@@H](Cc1c[nH]c2ccccc12)NC(=O)[C@@H](N)Cc1c[nH]cn1)C(=O)N[C@@H](Cc1c[nH]c2ccccc12)C(=O)N[C@H](Cc1ccccc1)C(=O)N[C@@H](CCCCN)C(N)=O,8.21897258517181,873.0319999999997,1.0284000000000069,300.88999999999993,11,9,23,6,0.04094761021940398,O=C(CCc1c[nH]cn1)NC(Cc1c[nH]c2ccccc12)C(=O)NCC(=O)NC(Cc1c[nH]c2ccccc12)C(=O)NCCc1ccccc1,True
CHEMBL4567800,C[C@H](NC(=O)[C@@H](Cc1c[nH]c2ccccc12)NC(=O)[C@@H](N)Cc1cnc[nH]1)C(=O)NN(CC1CCCCC1)C(=O)N[C@H](Cc1ccccc1)C(=O)N[C@@H](CCCCN)C(N)=O,5.368556230986828,841.0309999999997,1.326500000000008,288.34,10,9,21,4,0.04272833704005247,O=C(CCc1cnc[nH]1)NC(Cc1c[nH]c2ccccc12)C(=O)NCC(=O)NN(CC1CCCCC1)C(=O)NCCc1ccccc1,True
CHEMBL2163481,C[C@H](NC(=O)[C@@H](Cc1c[nH]c2ccccc12)NC(=O)[C@@H](N)Cc1cnc[nH]1)C(=O)NN(CCc1ccccc1)C(=O)N[C@H](Cc1ccccc1)C(=O)N[C@@H](CCCCN)C(N)=O,5.427128397799519,849.0099999999998,0.9889000000000092,288.34,10,9,22,5,0.03506491483972522,O=C(CCc1cnc[nH]1)NC(Cc1c[nH]c2ccccc12)C(=O)NCC(=O)NN(CCc1ccccc1)C(=O)NCCc1ccccc1,True
CHEMBL2163480,C[C@H](NC(=O)[C@@H](Cc1c[nH]c2ccccc12)NC(=O)[C@@H](N)Cc1cnc[nH]1)C(=O)NN(Cc1ccc(-c2ccccc2)cc1)C(=O)N[C@H](Cc1ccccc1)C(=O)N[C@@H](CCCCN)C(N)=O,5.872895201635192,911.0809999999998,2.6134000000000066,288.34,10,9,22,6,0.03535123027368795,O=C(CCc1cnc[nH]1)NC(Cc1c[nH]c2ccccc12)C(=O)NCC(=O)NN(Cc1ccc(-c2ccccc2)cc1)C(=O)NCCc1ccccc1,True
CHEMBL2163484,C[C@H](NC(=O)[C@@H](Cc1c[nH]c2ccccc12)NC(=O)[C@@H](N)Cc1cnc[nH]1)C(=O)NN(Cc1ccc(O)cc1)C(=O)N[C@H](Cc1ccccc1)C(=O)N[C@@H](CCCCN)C(N)=O,4.804100347590766,850.9819999999997,0.6520000000000081,308.56999999999994,11,10,21,5,0.03619381363872853,O=C(CCc1cnc[nH]1)NC(Cc1c[nH]c2ccccc12)C(=O)NCC(=O)NN(Cc1ccccc1)C(=O)NCCc1ccccc1,True
CHEMBL2163482,C[C@H](NC(=O)[C@@H](Cc1c[nH]c2ccccc12)NC(=O)[C@@H](N)Cc1cnc[nH]1)C(=O)NN(Cc1cccc2ccccc12)C(=O)N[C@H](Cc1ccccc1)C(=O)N[C@@H](CCCCN)C(N)=O,6.140861702705469,885.0429999999997,2.0996000000000072,288.34,10,9,21,6,0.037373116440858285,O=C(CCc1cnc[nH]1)NC(Cc1c[nH]c2ccccc12)C(=O)NCC(=O)NN(Cc1cccc2ccccc12)C(=O)NCCc1ccccc1,True
CHEMBL2163478,C[C@H](NC(=O)[C@@H](Cc1c[nH]c2ccccc12)NC(=O)[C@@H](N)Cc1cnc[nH]1)C(=O)NN(Cc1ccccc1)C(=O)N[C@H](Cc1ccccc1)C(=O)N[C@@H](CCCCN)C(N)=O,5.557520230935552,834.9829999999997,0.9464000000000088,288.34,10,9,21,5,0.0371531200282517,O=C(CCc1cnc[nH]1)NC(Cc1c[nH]c2ccccc12)C(=O)NCC(=O)NN(Cc1ccccc1)C(=O)NCCc1ccccc1,True
CHEMBL2163348,C[C@H](NC(=O)[C@@H](Cc1c[nH]c2ccccc12)NC(=O)[C@@H](N)Cc1cnc[nH]1)C(=O)N[C@@H](Cc1ccc(O)cc1)C(=O)N[C@H](Cc1ccccc1)C(=O)N[C@@H](CCCCN)C(N)=O,6.112945621949043,849.9939999999997,0.2527000000000086,305.3299999999999,11,10,23,5,0.039847080848257214,O=C(CNC(=O)C(Cc1c[nH]c2ccccc12)NC(=O)CCc1cnc[nH]1)NC(Cc1ccccc1)C(=O)NCCc1ccccc1,True
CHEMBL2163483,C[C@H](NC(=O)[C@@H](Cc1c[nH]c2ccccc12)NC(=O)[C@@H](N)Cc1cnc[nH]1)C(=O)N[C@H](Cc1ccc(O)cc1)C(=O)N[C@H](Cc1ccccc1)C(=O)N[C@@H](CCCCN)C(N)=O,5.488116639021126,849.9939999999997,0.2527000000000086,305.3299999999999,11,10,23,5,0.039847080848257214,O=C(CNC(=O)C(Cc1c[nH]c2ccccc12)NC(=O)CCc1cnc[nH]1)NC(Cc1ccccc1)C(=O)NCCc1ccccc1,True
CHEMBL2163448,C[C@H](NC(=O)[C@@H](Cc1ccccc1)NC(=O)[C@H](Cc1c[nH]c2ccccc12)NC(=O)NNC(=O)[C@@H](Cc1c[nH]c2ccccc12)NC(=O)[C@@H](N)Cc1cnc[nH]1)C(N)=O,4.346787486224656,802.8969999999998,0.628800000000006,286.9,11,8,17,6,0.05805548516265497,O=C(CCc1cnc[nH]1)NC(Cc1c[nH]c2ccccc12)C(=O)NNC(=O)NC(Cc1c[nH]c2ccccc12)C(=O)NCCc1ccccc1,True
CHEMBL2163439,C[C@H](NC(=O)[C@@H](Cc1ccccc1)NC(=O)[C@H](Cc1c[nH]c2ccccc12)NC(=O)[C@H](C)NC(=O)N(Cc1ccccc1)NC(=O)[C@@H](N)Cc1cnc[nH]1)C(N)=O,4.292429823902063,777.8869999999998,0.8373000000000055,262.32,9,8,17,5,0.06098355583962431,O=C(CNC(=O)N(Cc1ccccc1)NC(=O)CCc1cnc[nH]1)NC(Cc1c[nH]c2ccccc12)C(=O)NCCc1ccccc1,True
CHEMBL433540,C[C@H](NC(=O)[C@H](Cc1c[nH]c2ccccc12)NC(=O)[C@@H](N)Cc1c[nH]cn1)C(=O)N[C@@H](Cc1c[nH]c2ccccc12)C(=O)N[C@H](Cc1ccccc1)C(=O)N[C@@H](CCCCN)C(N)=O,7.87942606879415,873.0319999999997,1.0284000000000069,300.88999999999993,11,9,23,6,0.04094761021940398,O=C(CCc1c[nH]cn1)NC(Cc1c[nH]c2ccccc12)C(=O)NCC(=O)NC(Cc1c[nH]c2ccccc12)C(=O)NCCc1ccccc1,True
CHEMBL489818,C[C@H](Oc1cccc(Cl)c1)C(=O)N(Cc1ccccc1)C[C@H]1CCCN1,7.522878745280337,372.89600000000013,3.8881000000000023,41.57,1,3,7,2,0.8012753628646416,O=C(COc1ccccc1)N(Cc1ccccc1)CC1CCCN1,False
CHEMBL3908264,C[C@H]1C(=O)N[C@@H](Cc2ccc(F)cc2)C(=O)NC[C@H]2C[C@@H]2c2ccccc2OCCN[C@H](C2CC2)C(=O)N1C,8.0,536.6480000000003,2.3804000000000007,99.77,3,5,3,2,0.5596424488267594,O=C1CNC(=O)C(C2CC2)NCCOc2ccccc2C2CC2CNC(=O)C(Cc2ccccc2)N1,False
CHEMBL3907031,C[C@H]1C(=O)N[C@H](Cc2cccc(Cl)c2)C(=O)NC/C=C\c2ccccc2OCCNC2(CCCC2)C(=O)N1C,7.0,553.1030000000003,3.3386000000000013,99.77,3,5,2,2,0.5305562132143874,O=C1CNC(=O)C2(CCCC2)NCCOc2ccccc2C=CCNC(=O)C(Cc2ccccc2)N1,False
CHEMBL1080926,C[C@H]1CN(C(=O)c2ccc(-c3ccc(F)cc3)cc2)CCN1C(=O)c1ccc2cc[nH]c2c1,7.1938200260161125,441.5060000000002,4.960700000000004,56.410000000000004,1,2,3,4,0.48857226353625816,O=C(c1ccc(-c2ccccc2)cc1)N1CCN(C(=O)c2ccc3cc[nH]c3c2)CC1,False
CHEMBL1080755,C[C@H]1CN(C(=O)c2ccc(-c3ccc(OC(F)(F)F)cc3)cc2)CCN1C(=O)c1ccc2cc[nH]c2c1,6.866461091629782,507.51200000000017,5.7202000000000055,65.64,1,3,4,4,0.38434525684928394,O=C(c1ccc(-c2ccccc2)cc1)N1CCN(C(=O)c2ccc3cc[nH]c3c2)CC1,False
CHEMBL1082209,C[C@H]1CN(C(=O)c2ccc(-c3cccc(C(F)(F)F)c3)cc2)CCN1C(=O)c1ccc2cc[nH]c2c1,7.113509274827518,491.5130000000002,5.840400000000005,56.410000000000004,1,2,3,4,0.39152555644294407,O=C(c1ccc(-c2ccccc2)cc1)N1CCN(C(=O)c2ccc3cc[nH]c3c2)CC1,False
CHEMBL1082210,C[C@H]1CN(C(=O)c2ccc(-c3cccc(F)c3)cc2)CCN1C(=O)c1ccc2cc[nH]c2c1,6.8326826652518236,441.5060000000002,4.9607000000000046,56.410000000000004,1,2,3,4,0.48857226353625804,O=C(c1ccc(-c2ccccc2)cc1)N1CCN(C(=O)c2ccc3cc[nH]c3c2)CC1,False
CHEMBL1080155,C[C@H]1CN(C(=O)c2ccc(-c3cccc(OC(F)(F)F)c3)cc2)CCN1C(=O)c1ccc2cc[nH]c2c1,7.332547047110046,507.51200000000017,5.7202000000000055,65.64,1,3,4,4,0.38434525684928394,O=C(c1ccc(-c2ccccc2)cc1)N1CCN(C(=O)c2ccc3cc[nH]c3c2)CC1,False
CHEMBL1082211,C[C@H]1CN(C(=O)c2ccc(-c3ccccc3)cc2)CCN1C(=O)c1ccc2cc[nH]c2c1,8.221848749616356,423.51600000000013,4.821600000000004,56.410000000000004,1,2,3,4,0.5135599724724917,O=C(c1ccc(-c2ccccc2)cc1)N1CCN(C(=O)c2ccc3cc[nH]c3c2)CC1,False
CHEMBL1080927,C[C@H]1CN(C(=O)c2ccc(-c3ccccc3)cc2F)CCN1C(=O)c1ccc2cc[nH]c2c1,7.752026733638194,441.5060000000002,4.9607000000000046,56.410000000000004,1,2,3,4,0.48857226353625804,O=C(c1ccc(-c2ccccc2)cc1)N1CCN(C(=O)c2ccc3cc[nH]c3c2)CC1,False
CHEMBL1080938,C[C@H]1CN(C(=O)c2ccc(-c3ccccc3)nc2)CCN1C(=O)c1ccc2cc[nH]c2c1,7.698970004336019,424.50400000000013,4.216600000000003,69.30000000000001,1,3,3,4,0.5354811138290743,O=C(c1ccc(-c2ccccc2)nc1)N1CCN(C(=O)c2ccc3cc[nH]c3c2)CC1,False
CHEMBL1080735,C[C@H]1CN(C(=O)c2ccc(-c3ccccc3C(F)(F)F)cc2)CCN1C(=O)c1ccc2cc[nH]c2c1,8.387216143280265,491.5130000000002,5.840400000000005,56.410000000000004,1,2,3,4,0.39152555644294407,O=C(c1ccc(-c2ccccc2)cc1)N1CCN(C(=O)c2ccc3cc[nH]c3c2)CC1,False
CHEMBL1080556,C[C@H]1CN(C(=O)c2ccc(-c3ccccc3Cl)cc2)CCN1C(=O)c1ccc2cc[nH]c2c1,8.67778070526608,457.9610000000002,5.475000000000005,56.410000000000004,1,2,3,4,0.44285947416942567,O=C(c1ccc(-c2ccccc2)cc1)N1CCN(C(=O)c2ccc3cc[nH]c3c2)CC1,False
CHEMBL1079622,C[C@H]1CN(C(=O)c2ccc(-c3ccccc3Cl)cn2)CCN1C(=O)c1ccc2cc[nH]c2c1,7.429457060118103,458.9490000000002,4.870000000000004,69.30000000000001,1,3,3,4,0.47584866175392176,O=C(c1ccc2cc[nH]c2c1)N1CCN(C(=O)c2ccc(-c3ccccc3)cn2)CC1,False
CHEMBL1080939,C[C@H]1CN(C(=O)c2ccc(-c3ccccc3Cl)nc2)CCN1C(=O)c1ccc2cc[nH]c2c1,7.886056647693163,458.9490000000002,4.870000000000004,69.30000000000001,1,3,3,4,0.47584866175392176,O=C(c1ccc(-c2ccccc2)nc1)N1CCN(C(=O)c2ccc3cc[nH]c3c2)CC1,False
CHEMBL1080389,C[C@H]1CN(C(=O)c2ccc(-c3ccccc3F)cc2)CCN1C(=O)c1ccc2cc[nH]c2c1,8.040958607678906,441.5060000000002,4.9607000000000046,56.410000000000004,1,2,3,4,0.48857226353625804,O=C(c1ccc(-c2ccccc2)cc1)N1CCN(C(=O)c2ccc3cc[nH]c3c2)CC1,False
CHEMBL1081301,C[C@H]1CN(C(=O)c2ccc(-c3ccccn3)cc2)CCN1C(=O)c1ccc2cc[nH]c2c1,7.374687549038326,424.50400000000013,4.216600000000003,69.30000000000001,1,3,3,4,0.5354811138290743,O=C(c1ccc(-c2ccccn2)cc1)N1CCN(C(=O)c2ccc3cc[nH]c3c2)CC1,False
CHEMBL1080162,C[C@H]1CN(C(=O)c2ccc(-c3cccnc3)cc2)CCN1C(=O)c1ccc2cc[nH]c2c1,6.844663962534938,424.50400000000013,4.216600000000003,69.30000000000001,1,3,3,4,0.5354811138290743,O=C(c1ccc(-c2cccnc2)cc1)N1CCN(C(=O)c2ccc3cc[nH]c3c2)CC1,False
CHEMBL1087908,C[C@H]1CN(C(=O)c2ccc(-c3ccncc3)c(F)c2)CCN1C(=O)c1ccc2cc[nH]c2c1,7.913640169325252,442.4940000000002,4.355700000000003,69.30000000000001,1,3,3,4,0.5127579615318779,O=C(c1ccc(-c2ccncc2)cc1)N1CCN(C(=O)c2ccc3cc[nH]c3c2)CC1,False
CHEMBL1079624,C[C@H]1CN(C(=O)c2ccc(-c3ccncc3)cc2)CCN1C(=O)c1ccc2cc[nH]c2c1,7.896196279044043,424.50400000000013,4.216600000000003,69.30000000000001,1,3,3,4,0.5354811138290743,O=C(c1ccc(-c2ccncc2)cc1)N1CCN(C(=O)c2ccc3cc[nH]c3c2)CC1,False
CHEMBL1088037,C[C@H]1CN(C(=O)c2ccc(-c3ccncc3F)c(F)c2)CCN1C(=O)c1ccc2cc[nH]c2c1,7.376750709602099,460.4840000000002,4.494800000000003,69.30000000000001,1,3,3,4,0.4897304272038768,O=C(c1ccc(-c2ccncc2)cc1)N1CCN(C(=O)c2ccc3cc[nH]c3c2)CC1,False
CHEMBL1088038,C[C@H]1CN(C(=O)c2ccc(-c3ccncc3F)cc2)CCN1C(=O)c1ccc2cc[nH]c2c1,7.508638306165727,442.4940000000002,4.355700000000003,69.30000000000001,1,3,3,4,0.5127579615318779,O=C(c1ccc(-c2ccncc2)cc1)N1CCN(C(=O)c2ccc3cc[nH]c3c2)CC1,False
CHEMBL1082190,C[C@H]1CN(C(=O)c2ccc(-c3cn[nH]c3)cc2)CCN1C(=O)c1ccc2cc[nH]c2c1,6.910094888560602,413.4810000000001,3.5447000000000024,85.09,2,3,3,4,0.5387048353400714,O=C(c1ccc(-c2cn[nH]c2)cc1)N1CCN(C(=O)c2ccc3cc[nH]c3c2)CC1,False
CHEMBL1080320,C[C@H]1CN(C(=O)c2ccc(-c3cncs3)cc2)CCN1C(=O)c1ccc2cc[nH]c2c1,7.187086643357144,430.5330000000002,4.278100000000003,69.30000000000001,1,4,3,4,0.5275084840517619,O=C(c1ccc(-c2cncs2)cc1)N1CCN(C(=O)c2ccc3cc[nH]c3c2)CC1,False
CHEMBL1087907,C[C@H]1CN(C(=O)c2ccc(N3CCOCC3)cc2)CCN1C(=O)c1ccc2cc[nH]c2c1,6.4701848033553695,432.5240000000001,2.991200000000001,68.88,1,4,3,3,0.6909794483385723,O=C(c1ccc(N2CCOCC2)cc1)N1CCN(C(=O)c2ccc3cc[nH]c3c2)CC1,False
CHEMBL1079623,C[C@H]1CN(C(=O)c2csc(-c3ccccc3F)n2)CCN1C(=O)c1ccc2cc[nH]c2c1,7.4723700991286615,448.5230000000002,4.417200000000003,69.30000000000001,1,4,3,4,0.5045756660726648,O=C(c1ccc2cc[nH]c2c1)N1CCN(C(=O)c2csc(-c3ccccc3)n2)CC1,False
CHEMBL3946348,C[C@H]1NC(=O)C2(CCCC2)NCCOc2ccccc2/C=C\CNC(=O)[C@H](Cc2cccc(Cl)c2)NC1=O,8.0,539.0760000000001,2.9963999999999995,108.56,4,5,2,2,0.46994771908328764,O=C1CNC(=O)C2(CCCC2)NCCOc2ccccc2C=CCNC(=O)C(Cc2ccccc2)N1,False
CHEMBL18872,Cc1[nH]c2ccccc2c1C[C@@H](NC(=O)[C@@H](Cc1c(C)[nH]c2ccccc12)NC(=O)C(C)(C)N)C(N)=O,7.201349354554731,502.6190000000002,2.24344,158.89,6,4,9,4,0.20727504629414822,O=C(CCc1c[nH]c2ccccc12)NCCc1c[nH]c2ccccc12,True
CHEMBL108335,Cc1[nH]c2ccccc2c1C[C@@H](NC(=O)[C@@H](N)Cc1c[nH]cn1)C(=O)N[C@@H](C)C(=O)N[C@@H](Cc1c[nH]c2ccccc12)C(=O)N[C@H](Cc1ccccc1)C(=O)N[C@@H](CCCCN)C(N)=O,7.771665185288121,887.0589999999995,1.3368200000000063,300.88999999999993,11,9,23,6,0.04134416970732233,O=C(CCc1c[nH]cn1)NC(Cc1c[nH]c2ccccc12)C(=O)NCC(=O)NC(Cc1c[nH]c2ccccc12)C(=O)NCCc1ccccc1,True
CHEMBL2163470,Cc1[nH]c2ccccc2c1C[C@@H](NC(=O)[C@@H]1Cc2cccc3c2N1C(=O)[C@@H](N)CC3)C(=O)N[C@H](CCCCN)C(=O)N[C@@H](Cc1c[nH]c2ccccc12)C(=O)N[C@H](Cc1ccccc1)C(=O)N[C@@H](CCCCN)C(N)=O,6.1249387366083,1035.2639999999994,2.384220000000008,318.53999999999996,11,10,25,6,0.03722056123429728,O=C(CNC(=O)C(Cc1c[nH]c2ccccc12)NC(=O)C1Cc2cccc3c2N1C(=O)CCC3)NC(Cc1c[nH]c2ccccc12)C(=O)NCCc1ccccc1,True
CHEMBL2370788,Cc1[nH]c2ccccc2c1C[C@@H](NC(=O)[C@H](Cc1c[nH]cn1)NC(=O)[C@H](C)NC(=O)[C@@H](N)Cc1ccc(O)cc1)C(=O)N[C@@H](C)C(=O)N[C@@H](Cc1c[nH]c2ccccc12)C(=O)N[C@@H](Cc1ccccc1)C(=O)N[C@@H](CCCCN)C(N)=O,7.232226360411666,1121.3140000000003,1.2746200000000092,379.3199999999999,14,12,29,7,0.029511786604516317,O=C(CCc1ccccc1)NCC(=O)NC(Cc1c[nH]cn1)C(=O)NC(Cc1c[nH]c2ccccc12)C(=O)NCC(=O)NC(Cc1c[nH]c2ccccc12)C(=O)NCCc1ccccc1,True
CHEMBL4288108,Cc1cc(-c2ccc3c(c2)CCC3N2CCC(N(C)C(=O)NCc3ccc(-c4cnccn4)c(Cl)c3Cl)CC2)ncn1,5.632644078973981,602.5699999999999,6.5091200000000065,87.14,1,6,6,4,0.270950114706397,O=C(NCc1ccc(-c2cnccn2)cc1)NC1CCN(C2CCc3cc(-c4ccncn4)ccc32)CC1,False
CHEMBL4287267,Cc1cc(-c2ccc3c(c2)CCC3N2CCC(N(C)C(=O)NCc3ccc(C#CC4CC4)c(Cl)c3Cl)CC2)ncn1,5.94692155651658,588.5830000000001,6.813620000000007,61.36,1,4,5,3,0.33283118185808075,O=C(NCc1ccc(C#CC2CC2)cc1)NC1CCN(C2CCc3cc(-c4ccncn4)ccc32)CC1,False
CHEMBL4295212,Cc1cc(-c2ccc3c(c2)CCC3N2CCC(N(C)C(=O)NCc3cccc(Cl)c3Cl)CC2)ncn1,5.568636235841012,524.4960000000002,6.052120000000007,61.36,1,4,5,3,0.4414802788310764,O=C(NCc1ccccc1)NC1CCN(C2CCc3cc(-c4ccncn4)ccc32)CC1,False
CHEMBL4294493,Cc1cc(-c2ccc3c(c2)CCC3N2CCC(N(C)C(=O)N[C@@H](C)c3ccc(-c4cnccn4)c(Cl)c3Cl)CC2)ncn1,6.432973633840939,616.5969999999999,7.070120000000006,87.14,1,6,6,4,0.2494934419533411,O=C(NCc1ccc(-c2cnccn2)cc1)NC1CCN(C2CCc3cc(-c4ccncn4)ccc32)CC1,False
CHEMBL4276775,Cc1cc(-c2ccc3c(c2)CCC3N2CCC(N(C)C(=O)N[C@@H](C)c3ccc(C#CC4CC4)c(Cl)c3Cl)C(C)(C)C2)ncn1,6.275724130399211,630.664,8.010720000000008,61.36,1,4,5,3,0.2903822416908145,O=C(NCc1ccc(C#CC2CC2)cc1)NC1CCN(C2CCc3cc(-c4ccncn4)ccc32)CC1,False
CHEMBL4285747,Cc1cc(-c2ccc3c(c2)CCC3N2CCC(N(C)C(=O)N[C@@H](C)c3ccc(C#CC4CC4)c(Cl)c3Cl)C2)ncn1,6.8297382846050425,588.5830000000001,6.984520000000008,61.36,1,4,5,3,0.32684004431611574,O=C(NCc1ccc(C#CC2CC2)cc1)NC1CCN(C2CCc3cc(-c4ccncn4)ccc32)C1,False
CHEMBL4290680,Cc1cc(-c2ccc3c(c2)CCC3N2CCC(N(C)C(=O)N[C@@H](C)c3ccc(C#CC4CC4)c(Cl)c3Cl)CC2)ncn1,7.096910013008056,602.61,7.374620000000008,61.36,1,4,5,3,0.3099596104015801,O=C(NCc1ccc(C#CC2CC2)cc1)NC1CCN(C2CCc3cc(-c4ccncn4)ccc32)CC1,False
CHEMBL4280040,Cc1cc(-c2ccc3c(c2)CCC3N2CCC(N(C)C(=O)N[C@@H](C)c3ccc(C4CC4)c(Cl)c3Cl)CC2)ncn1,5.542118103266008,578.588,7.490520000000008,61.36,1,4,6,3,0.3293597498150919,O=C(NCc1ccc(C2CC2)cc1)NC1CCN(C2CCc3cc(-c4ccncn4)ccc32)CC1,False
CHEMBL4283504,Cc1cc(-c2ccc3c(c2)CCC3N2CCC(N(C)C(=O)N[C@@H](C)c3ccc(N)c(Cl)c3Cl)CC2)ncn1,6.243363891754152,553.5380000000001,6.195320000000006,87.38,2,5,5,3,0.3679035821239768,O=C(NCc1ccccc1)NC1CCN(C2CCc3cc(-c4ccncn4)ccc32)CC1,False
CHEMBL4278185,Cc1cc(-c2ccc3c(c2)CCC3N2CCC(N(C)C(=O)N[C@@H](CC3CC3)c3ccc(-c4cnccn4)c(Cl)c3Cl)CC2)ncn1,5.342944147142896,656.6619999999999,7.850320000000008,87.14,1,6,8,4,0.20798253600705222,O=C(NC1CCN(C2CCc3cc(-c4ccncn4)ccc32)CC1)NC(CC1CC1)c1ccc(-c2cnccn2)cc1,False
CHEMBL4286101,Cc1cc(-c2ccc3c(c2)CCC3N2CCC(N(C)C(=O)N[C@@H](CC3CC3)c3cccc(Cl)c3Cl)CC2)ncn1,5.267606240177031,578.588,7.393320000000007,61.36,1,4,7,3,0.31763812997831026,O=C(NC1CCN(C2CCc3cc(-c4ccncn4)ccc32)CC1)NC(CC1CC1)c1ccccc1,False
CHEMBL4282719,Cc1cc(-c2ccc3c(c2)CCC3N2CCC(N(C)C(=O)N[C@H](c3ccc(-c4cnccn4)c(Cl)c3Cl)C(F)(F)F)CC2)ncn1,5.092588639225414,670.567,7.612520000000006,87.14,1,6,6,4,0.22738852110711683,O=C(NCc1ccc(-c2cnccn2)cc1)NC1CCN(C2CCc3cc(-c4ccncn4)ccc32)CC1,False
CHEMBL4291926,Cc1cc(-c2ccc3c(c2)CC[C@@H]3N2CCC(N(C)C(=O)N[C@@H](C)c3ccc(C#CC4CC4)c(Cl)c3Cl)CC2)ncn1,5.8941493256148565,602.61,7.374620000000008,61.36,1,4,5,3,0.3099596104015801,O=C(NCc1ccc(C#CC2CC2)cc1)NC1CCN(C2CCc3cc(-c4ccncn4)ccc32)CC1,False
CHEMBL3394195,Cc1cc(-c2ccc3c(c2)CC[C@H]3N2CC3(CCN(C(=O)Cc4ccc(C5CC5)cn4)CC3)C2)ncn1,8.193820026016112,493.6550000000003,4.878820000000005,62.22,0,5,5,3,0.5070638973254249,O=C(Cc1ccc(C2CC2)cn1)N1CCC2(CC1)CN(C1CCc3cc(-c4ccncn4)ccc31)C2,False
CHEMBL3287218,Cc1cc(-c2ccc3c(c2)CC[C@H]3N2CC3(CCN(C(=O)Cc4cn5cc(C)sc5n4)CC3)C2)ncn1,8.179995693191682,512.6830000000002,4.624040000000004,66.63,0,6,4,4,0.3991206041445197,O=C(Cc1cn2ccsc2n1)N1CCC2(CC1)CN(C1CCc3cc(-c4ccncn4)ccc31)C2,False
CHEMBL3394197,Cc1cc(-c2ccc3c(c2)CC[C@H]3N2CC3(CCN(C(=O)Cc4nn(C)c5ncccc45)CC3)C2)ncn1,6.779891911959945,507.6420000000003,3.8881200000000025,80.04,0,6,4,4,0.41705942787507694,O=C(Cc1n[nH]c2ncccc12)N1CCC2(CC1)CN(C1CCc3cc(-c4ccncn4)ccc31)C2,False
CHEMBL4286597,Cc1cc(-c2ccc3c(c2)CC[C@H]3N2CC3(CCN(C(=O)NCc4ccc(-c5cnccn5)c(Cl)c4Cl)CC3)C2)ncn1,5.396855627379818,614.5809999999999,6.510720000000006,87.14,1,6,5,4,0.27595245819845077,O=C(NCc1ccc(-c2cnccn2)cc1)N1CCC2(CC1)CN(C1CCc3cc(-c4ccncn4)ccc31)C2,False
CHEMBL4279344,Cc1cc(-c2ccc3c(c2)CC[C@H]3N2CC3(CCN(C(=O)N[C@@H](C)c4ccc(-c5cnccn5)c(Cl)c4Cl)CC3)C2)ncn1,5.917214629683549,628.6079999999998,7.071720000000006,87.14,1,6,5,4,0.25452220502978856,O=C(NCc1ccc(-c2cnccn2)cc1)N1CCC2(CC1)CN(C1CCc3cc(-c4ccncn4)ccc31)C2,False
CHEMBL4281310,Cc1cc(-c2ccc3c(c2)CC[C@H]3N2CCC(N(C)C(=O)N[C@@H](C)c3ccc(C#CC4CC4)c(Cl)c3Cl)CC2)ncn1,7.166215625343521,602.61,7.374620000000008,61.36,1,4,5,3,0.3099596104015801,O=C(NCc1ccc(C#CC2CC2)cc1)NC1CCN(C2CCc3cc(-c4ccncn4)ccc32)CC1,False
CHEMBL1081611,Cc1cc(-c2ccccc2)ccc1C(=O)N1CCN(C(=O)c2ccc3cc[nH]c3c2)[C@@H](C)C1,7.844663962534938,437.5430000000002,5.1300200000000045,56.410000000000004,1,2,3,4,0.48307485954203594,O=C(c1ccc(-c2ccccc2)cc1)N1CCN(C(=O)c2ccc3cc[nH]c3c2)CC1,False
CHEMBL377514,Cc1cc(C)cc(CNC(=O)CCc2nc(N)nc(N)c2-c2ccc(NCc3ccc(S(C)(=O)=O)cc3)cc2)c1,8.960409376976187,558.7080000000003,4.189440000000003,153.09,4,8,10,4,0.22600752569270322,O=C(CCc1ncncc1-c1ccc(NCc2ccccc2)cc1)NCc1ccccc1,True
CHEMBL3319229,Cc1cc(C)n(-c2ccc(Cl)c(C(=O)NC(=O)Nc3nc4ccc(S(=O)(=O)CCCN5CCN(C)CC5)cc4s3)c2)n1,8.886056647693163,630.1960000000001,4.125340000000004,129.52999999999997,2,9,8,4,0.29774213764642543,O=C(NC(=O)c1cccc(-n2cccn2)c1)Nc1nc2ccc(S(=O)(=O)CCCN3CCNCC3)cc2s1,False
CHEMBL1923628,Cc1cc(C[C@H]2NC(=O)[C@@H](C)N(C)C(=O)[C@H](C3CC3)NC[C@@H](C)Oc3ccccc3CCCNC2=O)ccc1F,7.721848749616356,552.6910000000004,2.9064200000000016,99.77000000000001,3,5,3,2,0.5440376617355521,O=C1CNC(=O)C(C2CC2)NCCOc2ccccc2CCCNC(=O)C(Cc2ccccc2)N1,False
CHEMBL2011825,Cc1cc(F)ccc1Oc1ccc2c(c1)C(=O)N([C@@H](C(=O)NC1CCN(Cc3ccccc3)CC1)C(C)C)CC(=O)N2,9.698970004336019,572.6810000000003,5.126120000000004,90.98,2,5,8,3,0.39089941776471765,O=C1CN(CC(=O)NC2CCN(Cc3ccccc3)CC2)C(=O)c2cc(Oc3ccccc3)ccc2N1,False
CHEMBL2164834,Cc1cc2c(cc1Cl)C(NC(=O)CN1CCN(C)CC1)(c1ccc(Cl)cc1)C(=O)N2,6.600326278518962,447.36600000000016,2.8611200000000006,64.68,2,4,4,2,0.7570021938943791,O=C(CN1CCNCC1)NC1(c2ccccc2)C(=O)Nc2ccccc21,False
CHEMBL2164497,Cc1cc2c(cc1Cl)NC(=O)C2(NC(=O)CN1CCN(C)CC1)c1ccc(Cl)c(Cl)c1,6.657577319177793,481.81100000000026,3.514520000000002,64.68,2,4,4,2,0.7013504256330526,O=C(CN1CCNCC1)NC1(c2ccccc2)C(=O)Nc2ccccc21,False
CHEMBL2164494,Cc1cc2c(cc1Cl)NC(=O)C2(NC(=O)CN1CCN(C)CC1)c1ccc(Cl)cc1,6.539167164770403,447.3660000000002,2.8611200000000014,64.68,2,4,4,2,0.7570021938943786,O=C(CN1CCNCC1)NC1(c2ccccc2)C(=O)Nc2ccccc21,False
CHEMBL2164495,Cc1cc2c(cc1Cl)NC(=O)C2(NC(=O)CN1CCN(C)CC1)c1cccc(Cl)c1,5.928117992693874,447.3660000000002,2.8611200000000006,64.68,2,4,4,2,0.7570021938943786,O=C(CN1CCNCC1)NC1(c2ccccc2)C(=O)Nc2ccccc21,False
CHEMBL3394193,Cc1ccc(CC(=O)N2CCC3(CC2)CN([C@@H]2CCc4cc(-c5cc(C)ncn5)ccc42)C3)nc1,7.309803919971486,467.6170000000002,4.309840000000004,62.220000000000006,0,5,4,3,0.5722461335736693,O=C(Cc1ccccn1)N1CCC2(CC1)CN(C1CCc3cc(-c4ccncn4)ccc31)C2,False
CHEMBL2426667,Cc1ccc(CC(=O)N2CCC3(CC2)CN([C@@H]2CCc4cc(-c5ncccn5)ccc42)C3)nc1,7.560036064079095,453.59000000000015,4.001420000000003,62.220000000000006,0,5,4,3,0.5975622935267262,O=C(Cc1ccccn1)N1CCC2(CC1)CN(C1CCc3cc(-c4ncccn4)ccc31)C2,False
CHEMBL2426689,Cc1ccc(CC(=O)N2CCC3(CC2)CN([C@@H]2CCc4cc(-n5nccn5)ccc42)C3)nc1,7.980053318321158,442.5670000000001,3.1251200000000017,67.15,0,5,4,3,0.6211258673707345,O=C(Cc1ccccn1)N1CCC2(CC1)CN(C1CCc3cc(-n4nccn4)ccc31)C2,False
CHEMBL3593815,Cc1ccc(CNC(=O)c2cc(C#CC(C)(C)O)cnc2NCc2ccc3c(c2)OCO3)cc1C(F)F,9.356547323513812,507.53700000000026,4.720820000000003,92.71000000000001,3,6,7,3,0.4010268938476233,O=C(NCc1ccccc1)c1cccnc1NCc1ccc2c(c1)OCO2,False
CHEMBL206741,Cc1ccc(COCc2nc(N)nc(N)c2-c2ccc(NCc3ccc(S(C)(=O)=O)cc3)cc2)o1,8.24087467434575,493.5890000000002,3.9418200000000025,146.36,3,9,9,4,0.31529682259745184,c1ccc(CNc2ccc(-c3cncnc3COCc3ccco3)cc2)cc1,False
CHEMBL1923627,Cc1ccc(C[C@H]2NC(=O)[C@@H](C)N(C)C(=O)[C@H](C3CC3)NCCOc3ccccc3CCCNC2=O)cc1,8.301029995663981,520.6740000000004,2.378820000000002,99.77000000000001,3,5,3,2,0.5772698441053463,O=C1CNC(=O)C(C2CC2)NCCOc2ccccc2CCCNC(=O)C(Cc2ccccc2)N1,False
CHEMBL385131,Cc1ccc(Cn2c(CCCc3ccccc3)nnc2[C@@H](Cc2c[nH]c3ccccc23)NC(=O)C(C)(C)N)cc1,7.6777807052660805,534.7080000000003,5.428720000000004,101.61999999999999,3,4,11,5,0.2103330166688375,c1ccc(CCCc2nnc(CCc3c[nH]c4ccccc34)n2Cc2ccccc2)cc1,True
CHEMBL375103,Cc1ccc(Cn2c(CCc3c[nH]c4ccccc34)nnc2[C@@H](Cc2c[nH]c3ccccc23)NC(=O)C(C)(C)N)cc1,7.552841968657781,559.7180000000002,5.519920000000003,117.40999999999998,4,4,10,6,0.17677872080321258,c1ccc(Cn2c(CCc3c[nH]c4ccccc34)nnc2CCc2c[nH]c3ccccc23)cc1,True
CHEMBL387109,Cc1ccc(Cn2c(CCc3ccccc3)nnc2[C@@H](Cc2c[nH]c3ccccc23)NC(=O)C(C)(C)N)cc1,6.853871964321762,520.6810000000004,5.0386200000000025,101.61999999999999,3,4,10,5,0.2401370432732459,c1ccc(CCc2nnc(CCc3c[nH]c4ccccc34)n2Cc2ccccc2)cc1,True
CHEMBL223810,Cc1ccc(Cn2c(Cc3ccccc3)nnc2[C@@H](Cc2c[nH]c3ccccc23)NC(=O)C(C)(C)N)cc1,6.075720713938118,506.65400000000034,4.844220000000003,101.61999999999999,3,4,9,5,0.266117510041964,c1ccc(Cc2nnc(CCc3c[nH]c4ccccc34)n2Cc2ccccc2)cc1,True
CHEMBL427860,Cc1ccc(N2CCN(C(=O)[C@H](C)Cc3ccc(Cl)cc3)CC2)c([C@@H](NC(=O)CCN(C)C)C(C)C)c1,6.167491087293763,527.1530000000004,4.940820000000005,55.89,1,4,10,2,0.4761460655169446,O=C(CCc1ccccc1)N1CCN(c2ccccc2)CC1,True
CHEMBL1078960,Cc1ccc(NC(=O)Nc2ccc(S(=O)(=O)Nc3ccc(CC(C)(C)N)cc3)cc2)cc1,7.113509274827518,452.58000000000027,4.7196200000000035,113.32000000000001,4,4,7,3,0.41528969519454406,O=C(Nc1ccccc1)Nc1ccc(S(=O)(=O)Nc2ccccc2)cc1,False
CHEMBL2011818,Cc1ccc(Oc2ccc3c(c2)C(=O)N([C@@H](C(=O)NC2CCN(Cc4ccccc4)CC2)C(C)C)CC(=O)N3)cc1,8.154901959985743,554.6910000000004,4.987020000000005,90.98,2,5,8,3,0.409668586971573,O=C1CN(CC(=O)NC2CCN(Cc3ccccc3)CC2)C(=O)c2cc(Oc3ccccc3)ccc2N1,False
CHEMBL4645072,Cc1ccc2[nH]c(C(=O)N[C@@H]3CCN(S(=O)(=O)c4ccccc4)C[C@@H]3C(=O)NCCN(C)C)cc2c1,6.601899153488154,511.6480000000003,1.9633200000000006,114.61,3,5,8,3,0.42785420309358996,O=C(NC1CCN(S(=O)(=O)c2ccccc2)CC1)c1cc2ccccc2[nH]1,False
CHEMBL4648355,Cc1ccc2[nH]c(C(=O)N[C@@H]3CN(S(=O)(=O)c4ccccc4)C[C@H]3C(=O)NCCN(C)C)cc2c1,6.9935813876474135,497.62100000000027,1.57322,114.61,3,5,8,3,0.4371908651152532,O=C(NC1CCN(S(=O)(=O)c2ccccc2)C1)c1cc2ccccc2[nH]1,False
CHEMBL4167267,Cc1ccc2[nH]c(C(=O)N[C@@H]3Cc4ccccc4[C@@H]3NC(=O)CCN(C)C)cc2c1,5.899813936040543,404.51400000000024,2.9400200000000014,77.23,3,3,6,3,0.5911919933260441,O=C(NC1Cc2ccccc2C1)c1cc2ccccc2[nH]1,False
CHEMBL4163811,Cc1ccc2[nH]c(C(=O)N[C@@H]3Cc4ccccc4[C@H]3NC(=O)CCN(C)C)cc2c1,6.015758525723032,404.51400000000024,2.9400200000000014,77.23,3,3,6,3,0.5911919933260441,O=C(NC1Cc2ccccc2C1)c1cc2ccccc2[nH]1,False
CHEMBL4641386,Cc1ccc2[nH]c(C(=O)N[C@H]3CCN(C(=O)c4cccnc4)C[C@@H]3C(=O)NCCN(C)C)cc2c1,6.29921480890091,476.58100000000024,1.8098200000000007,110.42999999999999,3,5,7,3,0.4818078401822809,O=C(NC1CCN(C(=O)c2cccnc2)CC1)c1cc2ccccc2[nH]1,False
CHEMBL4649860,Cc1ccc2[nH]c(C(=O)N[C@H]3CCN(S(=O)(=O)C4CC4)C[C@@H]3C(=O)NCCN(C)C)cc2c1,7.389675671298141,475.61500000000035,1.0666200000000012,114.61,3,5,8,2,0.5283896900706326,O=C(NC1CCN(S(=O)(=O)C2CC2)CC1)c1cc2ccccc2[nH]1,False
CHEMBL4641201,Cc1ccc2[nH]c(C(=O)N[C@H]3CCN(S(=O)(=O)N(C)C)C[C@@H]3C(=O)NCCN(C)C)cc2c1,7.105777559707612,478.6190000000003,0.38082000000000216,117.85000000000001,3,5,8,2,0.5071147176218337,O=C(NC1CCNCC1)c1cc2ccccc2[nH]1,False
CHEMBL4633062,Cc1ccc2[nH]c(C(=O)N[C@H]3CCN(S(=O)(=O)N4CCOCC4)C[C@@H]3C(=O)NCCN(C)C)cc2c1,7.18533343396242,520.6560000000005,0.15142000000000344,127.08,3,6,8,2,0.45494278720307163,O=C(NC1CCN(S(=O)(=O)N2CCOCC2)CC1)c1cc2ccccc2[nH]1,False
CHEMBL4647797,Cc1ccc2[nH]c(C(=O)N[C@H]3CCN(S(=O)(=O)c4ccccc4)C[C@@H]3C(=O)NCCN(C)C)cc2c1,8.316735478561505,511.6480000000003,1.9633200000000006,114.61,3,5,8,3,0.42785420309358996,O=C(NC1CCN(S(=O)(=O)c2ccccc2)CC1)c1cc2ccccc2[nH]1,False
CHEMBL4640615,Cc1ccc2[nH]c(C(=O)N[C@H]3CCN(S(=O)(=O)c4cccnc4)C[C@@H]3C(=O)NCCN(C)C)cc2c1,7.778466342379968,512.6360000000003,1.3583200000000009,127.50000000000001,3,6,8,3,0.4182682317920378,O=C(NC1CCN(S(=O)(=O)c2cccnc2)CC1)c1cc2ccccc2[nH]1,False
CHEMBL4639514,Cc1ccc2[nH]c(C(=O)N[C@H]3CN(S(=O)(=O)C4CCOCC4)C[C@@H]3C(=O)NCCN(C)C)cc2c1,7.088774746076098,505.6410000000005,0.693120000000002,123.84000000000002,3,6,8,2,0.48516830402346206,O=C(NC1CCN(S(=O)(=O)C2CCOCC2)C1)c1cc2ccccc2[nH]1,False
CHEMBL4637980,Cc1ccc2[nH]c(C(=O)N[C@H]3CN(S(=O)(=O)c4ccccc4)C[C@@H]3C(=O)NCCN(C)C)cc2c1,8.300509466670935,497.62100000000027,1.57322,114.61,3,5,8,3,0.4371908651152532,O=C(NC1CCN(S(=O)(=O)c2ccccc2)C1)c1cc2ccccc2[nH]1,False
CHEMBL4641472,Cc1ccc2[nH]c(C(=O)N[C@H]3CN(S(=O)(=O)c4ccccc4)C[C@H]3C(=O)NCCN(C)C)cc2c1,6.316739811151432,497.62100000000027,1.57322,114.61,3,5,8,3,0.4371908651152532,O=C(NC1CCN(S(=O)(=O)c2ccccc2)C1)c1cc2ccccc2[nH]1,False
CHEMBL4645148,Cc1ccc2[nH]c(C(=O)N[C@H]3CN(S(=O)(=O)c4cccnc4)C[C@@H]3C(=O)NCCN(C)C)cc2c1,7.822925603965192,498.60900000000026,0.968220000000001,127.50000000000001,3,6,8,3,0.42472850338795265,O=C(NC1CCN(S(=O)(=O)c2cccnc2)C1)c1cc2ccccc2[nH]1,False
CHEMBL4636571,Cc1ccc2[nH]c(C(=O)N[C@H]3CN(S(=O)(=O)c4ccnc(C)c4)C[C@@H]3C(=O)NCCN(C)C)cc2c1,7.811939737195274,512.6360000000003,1.2766400000000004,127.50000000000001,3,6,8,3,0.4172743112761142,O=C(NC1CCN(S(=O)(=O)c2ccncc2)C1)c1cc2ccccc2[nH]1,False
CHEMBL4633695,Cc1ccc2[nH]c(C(=O)N[C@H]3CN(S(=O)(=O)c4ccnnc4)C[C@@H]3C(=O)NCCN(C)C)cc2c1,7.415903049174453,499.59700000000026,0.36322000000000054,140.39000000000001,3,7,8,3,0.4065433001846272,O=C(NC1CCN(S(=O)(=O)c2ccnnc2)C1)c1cc2ccccc2[nH]1,False
CHEMBL4645625,Cc1ccc2[nH]c(C(=O)N[C@H]3CN(S(=O)(=O)c4cn(C)nc4C)C[C@@H]3C(=O)NCCN(C)C)cc2c1,7.688918902621657,515.6400000000003,0.6151400000000011,132.43000000000004,3,6,8,3,0.40288344499479406,O=C(NC1CCN(S(=O)(=O)c2cn[nH]c2)C1)c1cc2ccccc2[nH]1,False
CHEMBL4637284,Cc1ccc2[nH]c(C(=O)N[C@H]3CN(S(=O)(=O)c4cnccn4)C[C@@H]3C(=O)NCCN(C)C)cc2c1,7.51658525702485,499.59700000000026,0.36322000000000054,140.39000000000001,3,7,8,3,0.4065433001846272,O=C(NC1CCN(S(=O)(=O)c2cnccn2)C1)c1cc2ccccc2[nH]1,False
CHEMBL4169979,Cc1ccc2[nH]c(C(=O)N[C@H]3Cc4ccccc4[C@@H]3C(=O)N(C)CCN(C)C)cc2c1,7.87692311710695,418.5410000000003,2.9346200000000016,68.44,2,3,6,3,0.6468010451718321,O=C(NC1Cc2ccccc2C1)c1cc2ccccc2[nH]1,False
CHEMBL4639379,Cc1ccc2[nH]c(C(=O)N[C@H]3Cc4ccccc4[C@@H]3C(=O)NCCN(C)C)cc2c1,8.39897391554397,404.51400000000024,2.5924200000000006,77.22999999999999,3,3,6,3,0.5910391981214339,O=C(NC1Cc2ccccc2C1)c1cc2ccccc2[nH]1,False
CHEMBL4171040,Cc1ccc2[nH]c(C(=O)N[C@H]3Cc4ccccc4[C@@H]3NC(=O)CCN(C)C)cc2c1,7.7979253753951525,404.51400000000024,2.9400200000000014,77.23,3,3,6,3,0.5911919933260441,O=C(NC1Cc2ccccc2C1)c1cc2ccccc2[nH]1,False
CHEMBL4170481,Cc1ccc2[nH]c(C(=O)N[C@H]3Cc4ccccc4[C@@H]3NC(=O)[C@@H]3CN(C)CCO3)cc2c1,7.87692311710695,432.5240000000003,2.3189199999999994,86.46000000000001,3,4,4,3,0.5906698306311314,O=C(NC1Cc2ccccc2C1NC(=O)C1CNCCO1)c1cc2ccccc2[nH]1,False
CHEMBL4174302,Cc1ccc2[nH]c(C(=O)N[C@H]3Cc4ccccc4[C@@H]3NC(=O)c3cnccc3N)cc2c1,7.477985045026767,425.4920000000002,3.279320000000001,112.9,4,4,4,4,0.4018322172642875,O=C(NC1c2ccccc2CC1NC(=O)c1cc2ccccc2[nH]1)c1cccnc1,False
CHEMBL4174476,Cc1ccc2[nH]c(C(=O)N[C@H]3Cc4ccccc4[C@H]3NC(=O)CCN(C)C)cc2c1,7.180560775009305,404.51400000000024,2.9400200000000014,77.23,3,3,6,3,0.5911919933260441,O=C(NC1Cc2ccccc2C1)c1cc2ccccc2[nH]1,False
CHEMBL4292914,Cc1ccc2c(c1)CCC2N1CCC(N(C)C(=O)N[C@@H](C)c2ccc(C#CC3CC3)c(Cl)c2Cl)CC1,6.549750891680639,524.5360000000003,6.917620000000007,35.58,1,2,4,2,0.4411102090225553,O=C(NCc1ccc(C#CC2CC2)cc1)NC1CCN(C2CCc3ccccc32)CC1,False
CHEMBL4293608,Cc1ccc2c(c1)CCC2N1CCC(N(C)C(=O)N[C@@H](C)c2ccc(C#C[Si](C)(C)C)c(Cl)c2Cl)CC1,5.697885623043799,556.6540000000001,7.385020000000008,35.58,1,2,4,2,0.31503042177805246,O=C(NCc1ccccc1)NC1CCN(C2CCc3ccccc32)CC1,False
CHEMBL4287218,Cc1ccc2c(c1)CCC2N1CCC(N(C)C(=O)N[C@@H](C)c2ccc(C3CC3)c(Cl)c2Cl)CC1,5.625801742070918,500.51400000000035,7.033520000000007,35.58,1,2,5,2,0.4783655988905231,O=C(NCc1ccc(C2CC2)cc1)NC1CCN(C2CCc3ccccc32)CC1,False
CHEMBL4283858,Cc1ccc2c(c1)CCC2N1CCC(N(C)C(=O)N[C@@H](C)c2ccc(O)c(Cl)c2Cl)CC1,5.933301449577005,476.4480000000002,5.861720000000007,55.81,2,3,4,2,0.581231860800001,O=C(NCc1ccccc1)NC1CCN(C2CCc3ccccc32)CC1,False
CHEMBL2164493,Cc1ccc2c(c1Cl)C(NC(=O)CN1CCN(C)CC1)(c1ccc(Cl)cc1)C(=O)N2,5.935542010773082,447.36600000000016,2.8611200000000006,64.68,2,4,4,2,0.7570021938943791,O=C(CN1CCNCC1)NC1(c2ccccc2)C(=O)Nc2ccccc21,False
CHEMBL2011826,Cc1cccc(C)c1Oc1ccc2c(c1)C(=O)N([C@@H](C(=O)NC1CCN(Cc3ccccc3)CC1)C(C)C)CC(=O)N2,9.0,568.7180000000003,5.295440000000005,90.98,2,5,8,3,0.38520430035718145,O=C1CN(CC(=O)NC2CCN(Cc3ccccc3)CC2)C(=O)c2cc(Oc3ccccc3)ccc2N1,False
CHEMBL1078700,Cc1cccc(NC(=O)Nc2ccc(S(=O)(=O)Nc3ccc(CC(C)(C)N)cc3)cc2)c1,7.161150909262744,452.5800000000002,4.7196200000000035,113.32000000000001,4,4,7,3,0.41528969519454406,O=C(Nc1ccccc1)Nc1ccc(S(=O)(=O)Nc2ccccc2)cc1,False
CHEMBL1080907,Cc1ccccc1-c1ccc(C(=O)N2CCN(C(=O)c3ccc4cc[nH]c4c3)[C@@H](C)C2)cc1,8.537602002101044,437.5430000000001,5.1300200000000045,56.410000000000004,1,2,3,4,0.48307485954203594,O=C(c1ccc(-c2ccccc2)cc1)N1CCN(C(=O)c2ccc3cc[nH]c3c2)CC1,False
CHEMBL1081612,Cc1ccccc1-c1ccc(C(=O)N2CCN(C(=O)c3ccc4cc[nH]c4c3)[C@@H](C)C2)cc1F,8.045757490560675,455.53300000000013,5.2691200000000045,56.410000000000004,1,2,3,4,0.4576468795049319,O=C(c1ccc(-c2ccccc2)cc1)N1CCN(C(=O)c2ccc3cc[nH]c3c2)CC1,False
CHEMBL3218646,Cc1ccccc1-c1nc2cc(-c3ccc(Cl)cc3)sc2c(=O)n1CC1CCCN(C(C)C)C1,8.823908740944319,492.08800000000036,6.874220000000006,38.13,0,4,5,4,0.3053200824311626,O=c1c2sc(-c3ccccc3)cc2nc(-c2ccccc2)n1CC1CCCNC1,False
CHEMBL3218645,Cc1ccccc1-c1nc2ccc(-c3ccc(Cl)cc3)cc2c(=O)n1C[C@H]1CCCN(C(C)C)C1,9.920818753952375,486.05900000000037,6.812720000000007,38.13,0,3,5,4,0.31127013787015284,O=c1c2cc(-c3ccccc3)ccc2nc(-c2ccccc2)n1CC1CCCNC1,False
CHEMBL1765654,Cc1ccccc1-c1nc2ccc(Oc3ccc(F)cc3)cc2c(=O)n1C[C@H]1CCCN(C)C1,7.657577319177793,457.5490000000003,5.645120000000006,47.36,0,4,5,4,0.38885933092549635,O=c1c2cc(Oc3ccccc3)ccc2nc(-c2ccccc2)n1CC1CCCNC1,False
CHEMBL3218652,Cc1ccccc1-c1nc2cn(-c3ccc(C#N)cc3)nc2c(=O)n1CC1CCCN(C(C)C)C1,7.920818753952375,466.5890000000004,4.549700000000004,79.74,0,5,5,4,0.4311137453403111,O=c1c2nn(-c3ccccc3)cc2nc(-c2ccccc2)n1CC1CCCNC1,False
CHEMBL3218647,Cc1ccccc1-c1nc2cn(-c3ccc(Cl)cc3)nc2c(=O)n1CC1CCCN(C(C)C)C1,9.55284196865778,476.0240000000004,5.331420000000005,55.95,0,4,5,4,0.39111062889376236,O=c1c2nn(-c3ccccc3)cc2nc(-c2ccccc2)n1CC1CCCNC1,False
CHEMBL3218651,Cc1ccccc1-c1nc2cn(-c3ccc(F)cc3)nc2c(=O)n1CC1CCCN(C(C)C)C1,8.958607314841775,459.56900000000036,4.817120000000004,55.95,0,4,5,4,0.42953945841139374,O=c1c2nn(-c3ccccc3)cc2nc(-c2ccccc2)n1CC1CCCNC1,False
CHEMBL3218887,Cc1ccccc1-c1nc2cn(-c3cccc(C#N)c3)nc2c(=O)n1CC1CCCN(C(C)C)C1,7.494850021680094,466.5890000000004,4.549700000000004,79.74,0,5,5,4,0.4311137453403111,O=c1c2nn(-c3ccccc3)cc2nc(-c2ccccc2)n1CC1CCCNC1,False
CHEMBL3218885,Cc1ccccc1-c1nc2cn(-c3cccc(Cl)c3)nc2c(=O)n1CC1CCCN(C(C)C)C1,8.795880017344075,476.0240000000004,5.331420000000005,55.95,0,4,5,4,0.39111062889376236,O=c1c2nn(-c3ccccc3)cc2nc(-c2ccccc2)n1CC1CCCNC1,False
CHEMBL482420,Cc1ccccc1CN(C[C@H]1CCCN1)C(=O)C(C)Oc1cccc(Cl)c1,7.045757490560675,386.9230000000001,4.196520000000003,41.57000000000001,1,3,7,2,0.7750292360500757,O=C(COc1ccccc1)N(Cc1ccccc1)CC1CCCN1,False
CHEMBL489819,Cc1ccccc1CN(C[C@H]1CCCN1)C(=O)[C@@H](C)Oc1cccc(Cl)c1,5.657577319177793,386.9230000000001,4.196520000000003,41.57000000000001,1,3,7,2,0.7750292360500757,O=C(COc1ccccc1)N(Cc1ccccc1)CC1CCCN1,False
CHEMBL519322,Cc1ccccc1CN(C[C@H]1CCCN1)C(=O)[C@H](C)Oc1cccc(Cl)c1,7.522878745280337,386.9230000000001,4.196520000000003,41.57000000000001,1,3,7,2,0.7750292360500757,O=C(COc1ccccc1)N(Cc1ccccc1)CC1CCCN1,False
CHEMBL1078699,Cc1ccccc1NC(=O)Nc1ccc(S(=O)(=O)Nc2ccc(CC(C)(C)N)cc2)cc1,6.79317412396815,452.5800000000002,4.719620000000003,113.32000000000001,4,4,7,3,0.41528969519454406,O=C(Nc1ccccc1)Nc1ccc(S(=O)(=O)Nc2ccccc2)cc1,False
CHEMBL2011819,Cc1ccccc1Oc1ccc2c(c1)C(=O)N([C@@H](C(=O)NC1CCN(Cc3ccccc3)CC1)C(C)C)CC(=O)N2,8.522878745280337,554.6910000000004,4.987020000000005,90.98,2,5,8,3,0.409668586971573,O=C1CN(CC(=O)NC2CCN(Cc3ccccc3)CC2)C(=O)c2cc(Oc3ccccc3)ccc2N1,False
CHEMBL3319228,Cc1ccn(-c2ccc(C(=O)NC(=O)Nc3nc4ccc(S(=O)(=O)CCCN5CCN(C)CC5)cc4s3)c(Cl)c2)n1,9.318758762624412,616.1690000000003,3.816920000000003,129.52999999999997,2,9,8,4,0.30607426687957956,O=C(NC(=O)c1ccc(-n2cccn2)cc1)Nc1nc2ccc(S(=O)(=O)CCCN3CCNCC3)cc2s1,False
CHEMBL3319227,Cc1ccn(-c2ccc(Cl)c(C(=O)NC(=O)Nc3nc4ccc(S(=O)(=O)CCCN5CCN(C)CC5)cc4s3)c2)n1,9.275724130399212,616.1690000000002,3.8169200000000023,129.52999999999997,2,9,8,4,0.30607426687957956,O=C(NC(=O)c1cccc(-n2cccn2)c1)Nc1nc2ccc(S(=O)(=O)CCCN3CCNCC3)cc2s1,False
CHEMBL3319404,Cc1ccnn1-c1ccc(Cl)c(C(=O)NC(=O)Nc2nc3ccc(S(=O)(=O)C4CCN(C)CC4)cc3s2)c1,7.481486060122112,573.1000000000004,4.273620000000004,126.28999999999998,2,8,5,4,0.3654552020730446,O=C(NC(=O)c1cccc(-n2cccn2)c1)Nc1nc2ccc(S(=O)(=O)C3CCNCC3)cc2s1,False
CHEMBL2048822,Cc1cn2cc(CC(=O)N3CCC4(CC3)CN(Cc3ccc(-c5ncccn5)cc3)C4)nc2s1,7.449814727441218,472.6180000000001,3.8283200000000024,66.63,0,6,5,4,0.44172113031390414,O=C(Cc1cn2ccsc2n1)N1CCC2(CC1)CN(Cc1ccc(-c3ncccn3)cc1)C2,False
CHEMBL2048821,Cc1cn2cc(CC(=O)N3CCC4(CC3)CN(Cc3ccc(-n5cccn5)cc3)C4)nc2s1,6.605958257777296,460.6070000000001,3.5570200000000023,58.67,0,5,5,4,0.45703781740180593,O=C(Cc1cn2ccsc2n1)N1CCC2(CC1)CN(Cc1ccc(-n3cccn3)cc1)C2,False
CHEMBL2048819,Cc1cn2cc(CC(=O)N3CCC4(CC3)CN(Cc3ccc(-n5nccn5)cc3)C4)nc2s1,7.381605450295353,461.5950000000001,2.952020000000001,71.56,0,6,5,4,0.4570295772127627,O=C(Cc1cn2ccsc2n1)N1CCC2(CC1)CN(Cc1ccc(-n3nccn3)cc1)C2,False
CHEMBL2048820,Cc1cn2cc(CC(=O)N3CCC4(CC3)CN(Cc3ccc(-n5nccn5)cc3Cl)C4)nc2s1,8.260032303240491,496.0400000000001,3.6054200000000023,71.56,0,6,5,4,0.4227554081379287,O=C(Cc1cn2ccsc2n1)N1CCC2(CC1)CN(Cc1ccc(-n3nccn3)cc1)C2,False
CHEMBL3287214,Cc1cn2cc(CC(=O)N3CCC4(CC3)CN([C@@H]3CCc5cc(-c6ccc(C(N)=O)nc6)ccc53)C4)nc2s1,7.980053318321158,540.6930000000003,4.019520000000003,96.83000000000001,1,6,5,4,0.4125310311555214,O=C(Cc1cn2ccsc2n1)N1CCC2(CC1)CN(C1CCc3cc(-c4cccnc4)ccc31)C2,False
CHEMBL3287213,Cc1cn2cc(CC(=O)N3CCC4(CC3)CN([C@@H]3CCc5cc(-c6ncccn6)ccc53)C4)nc2s1,8.259992235951175,498.65600000000023,4.315620000000004,66.63,0,6,4,4,0.4194088896768964,O=C(Cc1cn2ccsc2n1)N1CCC2(CC1)CN(C1CCc3cc(-c4ncccn4)ccc31)C2,False
CHEMBL244936,Cc1nc2ccc(-c3ccc(Cl)cc3)cc2c(=O)n1C[C@H]1CCCN(C(C)C)C1,7.2839966563652006,409.96100000000024,5.145720000000005,38.13,0,3,4,3,0.5979289598480697,O=c1c2cc(-c3ccccc3)ccc2ncn1CC1CCCNC1,False
CHEMBL1956997,Cc1nc2ccc(Oc3ccc(-c4ccccc4)cc3)nc2c(=O)n1C[C@H]1CCCN(C(C)C)C1,9.397940008672037,468.60100000000034,5.679620000000006,60.25000000000001,0,5,6,4,0.36436122275626986,O=c1c2nc(Oc3ccc(-c4ccccc4)cc3)ccc2ncn1CC1CCCNC1,False
CHEMBL1956994,Cc1nc2ccc(Oc3ccc(Br)cc3F)nc2c(=O)n1C[C@H]1CCCN(C(C)C)C1,11.0,489.38900000000035,4.914220000000004,60.25000000000001,0,5,5,3,0.5097589837158463,O=c1c2nc(Oc3ccccc3)ccc2ncn1CC1CCCNC1,False
CHEMBL1956991,Cc1nc2ccc(Oc3ccc(Cl)cc3F)nc2c(=O)n1C[C@H]1CCCN(C(C)C)C1,9.698970004336019,444.93800000000033,4.805120000000004,60.25000000000001,0,5,5,3,0.5650472979961417,O=c1c2nc(Oc3ccccc3)ccc2ncn1CC1CCCNC1,False
CHEMBL1956996,Cc1nc2ccc(Oc3ccc(F)c4cccnc34)nc2c(=O)n1C[C@H]1CCCN(C(C)C)C1,8.585026652029182,461.54100000000034,4.699920000000004,73.14,0,6,5,4,0.4290004477070962,O=c1c2nc(Oc3cccc4cccnc34)ccc2ncn1CC1CCCNC1,False
CHEMBL243001,Cc1nc2ccc(Oc3ccc(F)cc3)cc2c(=O)n1C[C@H]1CCCN(C(C)C)C1,8.397940008672037,409.5050000000002,4.756720000000004,47.36,0,4,5,3,0.6097787500798147,O=c1c2cc(Oc3ccccc3)ccc2ncn1CC1CCCNC1,False
CHEMBL1956988,Cc1nc2ccc(Oc3ccc(F)cc3)nc2c(=O)n1C[C@H]1CCCN(C(C)C)C1,8.698970004336019,410.4930000000003,4.151720000000004,60.25000000000001,0,5,5,3,0.6323652774318413,O=c1c2nc(Oc3ccccc3)ccc2ncn1CC1CCCNC1,False
CHEMBL1956992,Cc1nc2ccc(Oc3ccc4c(c3)OCO4)nc2c(=O)n1C[C@H]1CCCN(C(C)C)C1,9.045757490560675,436.5120000000003,3.7413200000000026,78.71,0,7,5,3,0.6027971931052277,O=c1c2nc(Oc3ccc4c(c3)OCO4)ccc2ncn1CC1CCCNC1,False
CHEMBL1956993,Cc1nc2ccc(Oc3ccc4ncsc4c3)nc2c(=O)n1C[C@H]1CCCN(C(C)C)C1,11.0,449.5800000000003,4.622320000000004,73.14,0,7,5,4,0.44257657874506906,O=c1c2nc(Oc3ccc4ncsc4c3)ccc2ncn1CC1CCCNC1,False
CHEMBL1956999,Cc1nc2cnc(Oc3ccc(Cl)cc3F)cc2c(=O)n1C[C@H]1CCCN(C(C)C)C1,9.698970004336019,444.93800000000033,4.805120000000004,60.25000000000001,0,5,5,3,0.5650472979961417,O=c1c2cc(Oc3ccccc3)ncc2ncn1CC1CCCNC1,False
CHEMBL1957002,Cc1nc2cnc(Oc3ccc(F)c4cccnc34)cc2c(=O)n1C[C@H]1CCCN(C(C)C)C1,8.18045606445813,461.54100000000034,4.699920000000004,73.14,0,6,5,4,0.4290004477070962,O=c1c2cc(Oc3cccc4cccnc34)ncc2ncn1CC1CCCNC1,False
CHEMBL1956998,Cc1nc2cnc(Oc3ccc(F)cc3)cc2c(=O)n1C[C@H]1CCCN(C(C)C)C1,8.468521082957745,410.4930000000003,4.151720000000003,60.25000000000001,0,5,5,3,0.6323652774318413,O=c1c2cc(Oc3ccccc3)ncc2ncn1CC1CCCNC1,False
CHEMBL1957000,Cc1nc2cnc(Oc3ccc4c(c3)OCO4)cc2c(=O)n1C[C@H]1CCCN(C(C)C)C1,9.522878745280337,436.5120000000003,3.7413200000000026,78.71000000000002,0,7,5,3,0.6027971931052277,O=c1c2cc(Oc3ccc4c(c3)OCO4)ncc2ncn1CC1CCCNC1,False
CHEMBL1957003,Cc1nc2cnc(Oc3ccc4c(c3)ncn4C)cc2c(=O)n1C[C@H]1CCCN(C(C)C)C1,9.301029995663981,446.55500000000035,3.899320000000003,78.07000000000001,0,6,5,4,0.4627222394860112,O=c1c2cc(Oc3ccc4[nH]cnc4c3)ncc2ncn1CC1CCCNC1,False
CHEMBL1957001,Cc1nc2cnc(Oc3ccc4ncsc4c3)cc2c(=O)n1C[C@H]1CCCN(C(C)C)C1,10.0,449.5800000000004,4.622320000000004,73.14,0,7,5,4,0.44257657874506906,O=c1c2cc(Oc3ccc4ncsc4c3)ncc2ncn1CC1CCCNC1,False
CHEMBL1956987,Cc1nc2ncc(Oc3ccc(-c4ccccc4)cc3)cc2c(=O)n1C[C@H]1CCCN(C(C)C)C1,8.769551078621726,468.6010000000004,5.679620000000006,60.25000000000001,0,5,6,4,0.36436122275626986,O=c1c2cc(Oc3ccc(-c4ccccc4)cc3)cnc2ncn1CC1CCCNC1,False
CHEMBL1957009,Cc1nc2ncc(Oc3ccc(-c4ccccc4)cc3)nc2c(=O)n1C[C@H]1CCCN(C(C)C)C1,9.568636235841012,469.5890000000004,5.074620000000006,73.14,0,6,6,4,0.39235665850522355,O=c1c2nc(Oc3ccc(-c4ccccc4)cc3)cnc2ncn1CC1CCCNC1,False
CHEMBL1956990,Cc1nc2ncc(Oc3ccc(Br)cc3F)cc2c(=O)n1C[C@H]1CCCN(C(C)C)C1,9.795880017344075,489.38900000000035,4.914220000000005,60.25000000000001,0,5,5,3,0.5097589837158463,O=c1c2cc(Oc3ccccc3)cnc2ncn1CC1CCCNC1,False
CHEMBL1957010,Cc1nc2ncc(Oc3ccc(Br)cc3F)nc2c(=O)n1C[C@H]1CCCN(C(C)C)C1,10.301029995663981,490.37700000000035,4.309220000000003,73.14,0,6,5,3,0.5310505588094779,O=c1c2nc(Oc3ccccc3)cnc2ncn1CC1CCCNC1,False
CHEMBL1957005,Cc1nc2ncc(Oc3ccc(Cl)cc3F)nc2c(=O)n1C[C@H]1CCCN(C(C)C)C1,9.221848749616356,445.92600000000033,4.200120000000003,73.14,0,6,5,3,0.5856483384699653,O=c1c2nc(Oc3ccccc3)cnc2ncn1CC1CCCNC1,False
CHEMBL1957008,Cc1nc2ncc(Oc3ccc(F)c4cccnc34)nc2c(=O)n1C[C@H]1CCCN(C(C)C)C1,8.721246399047171,462.52900000000034,4.094920000000004,86.03000000000002,0,7,5,4,0.4414315138040724,O=c1c2nc(Oc3cccc4cccnc34)cnc2ncn1CC1CCCNC1,False
CHEMBL1956989,Cc1nc2ncc(Oc3ccc(F)cc3)cc2c(=O)n1C[C@H]1CCCN(C(C)C)C1,8.173925197299173,410.4930000000003,4.151720000000003,60.25000000000001,0,5,5,3,0.6323652774318413,O=c1c2cc(Oc3ccccc3)cnc2ncn1CC1CCCNC1,False
CHEMBL1957004,Cc1nc2ncc(Oc3ccc(F)cc3)nc2c(=O)n1C[C@H]1CCCN(C(C)C)C1,8.508638306165727,411.4810000000003,3.5467200000000023,73.14,0,6,5,3,0.639379332870459,O=c1c2nc(Oc3ccccc3)cnc2ncn1CC1CCCNC1,False
CHEMBL1957006,Cc1nc2ncc(Oc3ccc4c(c3)OCO4)nc2c(=O)n1C[C@H]1CCCN(C(C)C)C1,8.823908740944319,437.5000000000003,3.1363200000000013,91.60000000000001,0,8,5,3,0.6012482691936296,O=c1c2nc(Oc3ccc4c(c3)OCO4)cnc2ncn1CC1CCCNC1,False
CHEMBL1957011,Cc1nc2ncc(Oc3ccc4c(c3)ncn4C)nc2c(=O)n1C[C@H]1CCCN(C(C)C)C1,8.301029995663981,447.54300000000035,3.2943200000000017,90.96,0,7,5,4,0.4635530310091912,O=c1c2nc(Oc3ccc4[nH]cnc4c3)cnc2ncn1CC1CCCNC1,False
CHEMBL1957007,Cc1nc2ncc(Oc3ccc4ncsc4c3)nc2c(=O)n1C[C@H]1CCCN(C(C)C)C1,9.585026652029182,450.5680000000004,4.017320000000003,86.03000000000002,0,8,5,4,0.4538785317212386,O=c1c2nc(Oc3ccc4ncsc4c3)cnc2ncn1CC1CCCNC1,False
CHEMBL3218889,Cc1ncccc1-c1nc2cn(-c3ccc(C#N)cc3)nc2c(=O)n1CC1CCCN(C2COC2)C1,5.3979400086720375,481.5600000000004,2.9351000000000003,101.86000000000001,0,7,5,4,0.43186601740806063,O=c1c2nn(-c3ccccc3)cc2nc(-c2cccnc2)n1CC1CCCN(C2COC2)C1,False
CHEMBL3218914,Cc1ncccc1-c1nc2cn(-c3cccc(OC(C)C)c3)nc2c(=O)n1C[C@H]1CCCN(C[C@H]2CCCO2)C1,7.958607314841775,542.6840000000004,4.6308200000000035,87.30000000000001,0,7,8,4,0.32082165884285535,O=c1c2nn(-c3ccccc3)cc2nc(-c2cccnc2)n1CC1CCCN(CC2CCCO2)C1,False
CHEMBL3218915,Cc1ncccc1-c1nc2cn(-c3cccc(OC(F)F)c3)nc2c(=O)n1C[C@H]1CCCN(C[C@H]2CCCO2)C1,7.568636235841012,550.6100000000004,4.445020000000003,87.30000000000001,0,7,8,4,0.32052263796914887,O=c1c2nn(-c3ccccc3)cc2nc(-c2cccnc2)n1CC1CCCN(CC2CCCO2)C1,False
CHEMBL3218910,Cc1ncccc1-c1nc2cn(-c3ccccc3)nc2c(=O)n1C[C@H]1CCCN(C[C@H]2CCCO2)C1,6.721246399047171,484.6040000000005,3.8436200000000023,78.07,0,6,6,4,0.4138304189539081,O=c1c2nn(-c3ccccc3)cc2nc(-c2cccnc2)n1CC1CCCN(CC2CCCO2)C1,False
CHEMBL3942511,Cc1nnc2sc(C(=O)NCc3ccc(S(F)(F)(F)(F)F)cc3)c(N)c2c1C,5.187086643357144,438.4470000000001,5.4777400000000025,80.9,2,5,4,3,0.5289568219011709,O=C(NCc1ccccc1)c1cc2ccnnc2s1,False
CHEMBL1082189,Cc1noc(C)c1-c1ccc(C(=O)N2CCN(C(=O)c3ccc4cc[nH]c4c3)[C@@H](C)C2)cc1,6.611543547299734,442.5190000000001,4.426440000000004,82.44,1,4,3,4,0.5089843424516511,O=C(c1ccc(-c2cnoc2)cc1)N1CCN(C(=O)c2ccc3cc[nH]c3c2)CC1,False
CHEMBL182154,Cc1onc(-c2c(Cl)cccc2Cl)c1C(=O)Nc1ccccc1C(=O)N1CCCCC1,5.6479247415801,458.3450000000003,5.835220000000004,75.44,1,4,4,3,0.5335265030598165,O=C(Nc1ccccc1C(=O)N1CCCCC1)c1conc1-c1ccccc1,False
CHEMBL436275,Cc1onc(-c2c(Cl)cccc2Cl)c1C(=O)Nc1ccccc1C(=O)N1CCCCCC1,6.1789656863292475,472.37200000000036,6.225320000000004,75.44,1,4,4,3,0.4889149798017254,O=C(Nc1ccccc1C(=O)N1CCCCCC1)c1conc1-c1ccccc1,False
CHEMBL181584,Cc1onc(-c2c(Cl)cccc2Cl)c1C(=O)Nc1ccccc1C(=O)NCc1ccc2c(c1)OCO2,5.882867937810605,524.3600000000002,5.867820000000004,102.69000000000001,2,6,6,4,0.32733154797066827,O=C(NCc1ccc2c(c1)OCO2)c1ccccc1NC(=O)c1conc1-c1ccccc1,False
CHEMBL359506,Cc1onc(-c2c(Cl)cccc2Cl)c1C(=O)Nc1ccccc1C(=O)NCc1ccccc1,5.449814727441218,480.35100000000017,6.139120000000004,84.23,2,4,6,4,0.3473784798205182,O=C(NCc1ccccc1)c1ccccc1NC(=O)c1conc1-c1ccccc1,False
CHEMBL178266,Cc1onc(-c2c(Cl)cccc2Cl)c1C(=O)Nc1ccccc1CC1c2ccccc2CCN1C,5.889162501464615,506.4330000000003,6.980820000000007,58.370000000000005,1,4,5,4,0.31735315753870497,O=C(Nc1ccccc1CC1NCCc2ccccc21)c1conc1-c1ccccc1,False
CHEMBL558181,Cl.NCCCCCCNC(=O)Cn1c(-c2ccc3ccccc3c2)nc2ccc(-c3ccccc3)cc2c1=O,6.698970004336019,541.0950000000001,5.9408000000000065,90.00999999999999,2,4,10,5,0.21442752029659987,O=c1[nH]c(-c2ccc3ccccc3c2)nc2ccc(-c3ccccc3)cc12,True
CHEMBL536779,Cl.NCCCCCCNC(=O)Cn1c(-c2ccc3ccccc3c2)nc2ccc(Br)cc2c1=O,6.017728766960431,543.8930000000001,5.036300000000005,90.00999999999999,2,4,9,4,0.2895994383694783,O=c1[nH]c(-c2ccc3ccccc3c2)nc2ccccc12,True
CHEMBL540604,Cl.NCCCCCCNC(=O)Cn1c(CCc2ccccc2)nc2ccc(-c3ccccc3)cc2c1=O,7.795880017344075,519.0890000000002,4.905800000000004,90.00999999999999,2,4,12,4,0.26078123145202864,O=c1[nH]c(CCc2ccccc2)nc2ccc(-c3ccccc3)cc12,True
CHEMBL539575,Cl.NCCCCCCNC(=O)Cn1c(CCc2ccccc2)nc2ccc(Br)cc2c1=O,7.173925197299173,521.8870000000002,4.001300000000002,90.00999999999999,2,4,11,3,0.3732619356983566,O=c1[nH]c(CCc2ccccc2)nc2ccccc12,True
CHEMBL538068,Cl.NCCCCCNC(=O)Cn1c(-c2ccc3ccccc3c2)nc2ccc(-c3ccccc3)cc2c1=O,6.468521082957745,527.0680000000002,5.550700000000005,90.00999999999999,2,4,9,5,0.24630216682217376,O=c1[nH]c(-c2ccc3ccccc3c2)nc2ccc(-c3ccccc3)cc12,True
CHEMBL535353,Cl.NCCCCCNC(=O)Cn1c(-c2ccc3ccccc3c2)nc2ccc(Br)cc2c1=O,5.853871964321762,529.8660000000001,4.646200000000003,90.00999999999999,2,4,8,4,0.32529132588723614,O=c1[nH]c(-c2ccc3ccccc3c2)nc2ccccc12,False
CHEMBL536706,Cl.NCCCCCNC(=O)Cn1c(CCc2ccccc2)nc2ccc(-c3ccccc3)cc2c1=O,7.318758762624412,505.0620000000002,4.515700000000003,90.00999999999999,2,4,11,4,0.2938483805226485,O=c1[nH]c(CCc2ccccc2)nc2ccc(-c3ccccc3)cc12,True
CHEMBL540603,Cl.NCCCCCNC(=O)Cn1c(CCc2ccccc2)nc2ccc(Br)cc2c1=O,6.468521082957745,507.8600000000001,3.611200000000002,90.00999999999999,2,4,10,3,0.410272732124675,O=c1[nH]c(CCc2ccccc2)nc2ccccc12,True
CHEMBL4167481,Cn1c(C(=O)N[C@H]2Cc3ccccc3[C@@H]2NC(=O)c2cnccc2N)cc2ccccc21,6.604531273484333,425.49200000000013,2.9813,102.04,3,4,4,4,0.46776942516674386,O=C(NC1c2ccccc2CC1NC(=O)c1cc2ccccc2[nH]1)c1cccnc1,False
CHEMBL413856,Cn1c(CCc2c[nH]c3ccccc23)nnc1[C@@H](Cc1c[nH]c2ccccc12)NC(=O)C(C)(C)N,6.236572006437063,469.5930000000002,3.7002000000000015,117.40999999999998,4,4,8,5,0.2771246520970874,c1ccc2c(CCc3nnc(CCc4c[nH]c5ccccc45)[nH]3)c[nH]c2c1,False
CHEMBL373995,Cn1c(Cc2c[nH]c3ccccc23)nnc1[C@@H](Cc1c[nH]c2ccccc12)NC(=O)C(C)(C)N,5.769551078621726,455.56600000000014,3.5058000000000007,117.40999999999998,4,4,7,5,0.3003622511200982,c1ccc2c(CCc3nnc(Cc4c[nH]c5ccccc45)[nH]3)c[nH]c2c1,False
CHEMBL4171914,Cn1ccc2c(F)c(C(=O)N[C@H]3Cc4ccccc4[C@@H]3NC(=O)c3cnccc3N)ccc21,7.89301545879265,443.4820000000002,3.120400000000001,102.04,3,4,4,4,0.45102595077867547,O=C(NC1Cc2ccccc2C1NC(=O)c1cccnc1)c1ccc2[nH]ccc2c1,False
CHEMBL205660,N#Cc1ccc(CNc2ccc(-c3c(N)nc(N)nc3COCc3ccccc3)cc2)cc1,8.137044183852476,436.5190000000002,4.508580000000003,122.87,3,7,8,4,0.37125675177499584,c1ccc(CNc2ccc(-c3cncnc3COCc3ccccc3)cc2)cc1,False
CHEMBL204474,N#Cc1ccc(COc2ccc(-c3c(N)nc(N)nc3COCc3ccccc3)cc2)cc1,6.261707352859134,437.50300000000016,4.475480000000003,120.07,2,7,8,4,0.41696626035766493,c1ccc(COCc2ncncc2-c2ccc(OCc3ccccc3)cc2)cc1,False
CHEMBL4163623,N#Cc1ccc2[nH]c(C(=O)N[C@H]3Cc4ccccc4[C@@H]3NC(=O)c3cnccc3N)cc2c1,6.714075095454843,436.47500000000014,2.84258,136.69,4,5,4,4,0.3898836473802061,O=C(NC1c2ccccc2CC1NC(=O)c1cc2ccccc2[nH]1)c1cccnc1,False
CHEMBL3900636,N#Cc1ccccc1C[C@@H]1NCCOc2ccccc2/C=C\CNC(=O)[C@H](Cc2ccc(Cl)cc2)NC(=O)C2(CCCC2)NC1=O,7.0,640.1839999999999,4.090880000000002,132.35,4,6,4,3,0.34008327925582155,O=C1NC2(CCCC2)C(=O)NC(Cc2ccccc2)C(=O)NCC=Cc2ccccc2OCCNC1Cc1ccccc1,False
CHEMBL444131,NC(=O)CNC(=O)CNC(=O)[C@@H](Cc1c[nH]c2ccccc12)NC(=O)[C@H](Cc1ccccc1)NC(=O)[C@H](N)Cc1c[nH]c2ccccc12,6.53310455792829,650.74,0.6917000000000056,217.08999999999997,8,6,15,5,0.08148787239379722,O=C(CCc1c[nH]c2ccccc12)NC(Cc1ccccc1)C(=O)NCCc1c[nH]c2ccccc12,True
CHEMBL281147,NC1(C(=O)N[C@H](Cc2c[nH]c3ccccc23)C(=O)N[C@H](Cc2c[nH]c3ccccc23)NC=O)CCNCC1,6.1096372566398145,515.6180000000002,1.1884000000000008,156.92999999999998,7,5,10,4,0.12473414194868582,O=C(NC(Cc1c[nH]c2ccccc12)C(=O)NCCc1c[nH]c2ccccc12)C1CCNCC1,True
CHEMBL2163476,NCCCC[C@H](NC(=O)[C@@H](Cc1ccccc1)NC(=O)[C@H](Cc1c[nH]c2ccccc12)NC(=O)NNC(=O)[C@@H](Cc1c[nH]c2ccccc12)NC(=O)[C@@H](N)Cc1cnc[nH]1)C(N)=O,6.092588639225414,859.9929999999997,0.7379000000000082,312.91999999999996,12,9,21,6,0.03583619327281965,O=C(CCc1cnc[nH]1)NC(Cc1c[nH]c2ccccc12)C(=O)NNC(=O)NC(Cc1c[nH]c2ccccc12)C(=O)NCCc1ccccc1,True
CHEMBL4759415,NCCCC[C@H](NC(=O)[C@H](Cc1ccccc1)NC(=O)[C@@H](Cc1ccc2ccccc2c1)NC[C@@H](Cc1ccc2ccccc2c1)NC(=O)C1CCNCC1)C(N)=O,8.2839966563652,784.0179999999999,4.047400000000002,180.47,7,7,20,5,0.058229533990083224,O=C(NC(CNC(Cc1ccc2ccccc2c1)C(=O)NCCc1ccccc1)Cc1ccc2ccccc2c1)C1CCNCC1,True
CHEMBL4749698,NCCCC[C@H](NC(=O)[C@H](Cc1ccncc1)NC(=O)[C@@H](Cc1ccc2ccccc2c1)NC(=O)[C@@H](Cc1ccc2ccccc2c1)NC(=O)C1CCNCC1)C(N)=O,7.6020599913279625,798.9889999999998,2.9690000000000047,210.42999999999998,7,8,19,5,0.06166362377243698,O=C(NC(Cc1ccc2ccccc2c1)C(=O)NC(Cc1ccc2ccccc2c1)C(=O)NCCc1ccncc1)C1CCNCC1,True
CHEMBL4164040,Nc1ccncc1C(=O)N[C@H]1c2ccccc2C[C@@H]1NC(=O)c1cc2c(F)cc(F)cc2[nH]1,7.87692311710695,447.4450000000001,3.249100000000001,112.89999999999998,4,4,4,4,0.38466626659410375,O=C(NC1c2ccccc2CC1NC(=O)c1cc2ccccc2[nH]1)c1cccnc1,False
CHEMBL4170865,Nc1ccncc1C(=O)N[C@H]1c2ccccc2C[C@@H]1NC(=O)c1cc2ccccc2[nH]1,7.304896428824687,411.4650000000001,2.970900000000001,112.89999999999998,4,4,4,4,0.41344095411617166,O=C(NC1c2ccccc2CC1NC(=O)c1cc2ccccc2[nH]1)c1cccnc1,False
CHEMBL4175360,Nc1ccncc1C(=O)N[C@H]1c2ccccc2C[C@@H]1NC(=O)c1nc2cc(F)c(F)cc2[nH]1,7.075312715402848,448.4330000000001,2.644100000000001,125.78999999999999,4,5,4,4,0.3819496576688824,O=C(NC1c2ccccc2CC1NC(=O)c1nc2ccccc2[nH]1)c1cccnc1,False
CHEMBL205451,Nc1nc(N)c(-c2ccc(CNc3ccc([N+](=O)[O-])cc3)cc2)c(COCc2ccccc2)n1,8.446395015176066,456.5060000000002,4.545100000000003,142.21999999999997,3,8,9,4,0.2459558897316007,c1ccc(COCc2ncncc2-c2ccc(CNc3ccccc3)cc2)cc1,False
CHEMBL211265,Nc1nc(N)c(-c2ccc(NC(=O)C3CC3)cc2)c(COCc2ccccc2)n1,6.953149107597225,389.4590000000001,3.373300000000002,116.15,3,6,7,3,0.5703896106209299,O=C(Nc1ccc(-c2cncnc2COCc2ccccc2)cc1)C1CC1,False
CHEMBL379191,Nc1nc(N)c(-c2ccc(NC(=O)C3CCCC3)cc2)c(COCc2ccccc2)n1,7.5713337517843655,417.51300000000015,4.153500000000004,116.15,3,6,7,3,0.5316170546117419,O=C(Nc1ccc(-c2cncnc2COCc2ccccc2)cc1)C1CCCC1,False
CHEMBL378118,Nc1nc(N)c(-c2ccc(NC(=O)C3CCCO3)cc2)c(COCc2ccccc2)n1,6.407823242604133,419.4850000000001,3.1423000000000023,125.38000000000001,3,7,7,3,0.5370157575471369,O=C(Nc1ccc(-c2cncnc2COCc2ccccc2)cc1)C1CCCO1,False
CHEMBL384524,Nc1nc(N)c(-c2ccc(NC(=O)CCc3ccccc3)cc2)c(COCc2ccccc2)n1,6.896304011010756,453.54600000000016,4.596100000000004,116.15,3,6,9,4,0.341134056806482,O=C(CCc1ccccc1)Nc1ccc(-c2cncnc2COCc2ccccc2)cc1,False
CHEMBL213704,Nc1nc(N)c(-c2ccc(NC(=O)Cc3ccccc3)cc2)c(COCc2ccccc2)n1,6.910569056421562,439.5190000000002,4.206000000000003,116.15,3,6,8,4,0.3787566167069939,O=C(Cc1ccccc1)Nc1ccc(-c2cncnc2COCc2ccccc2)cc1,False
CHEMBL212415,Nc1nc(N)c(-c2ccc(NC(=O)Cc3ccsc3)cc2)c(COCc2ccccc2)n1,6.786419298537017,445.5480000000002,4.267500000000003,116.15,3,7,8,4,0.3729785585183645,O=C(Cc1ccsc1)Nc1ccc(-c2cncnc2COCc2ccccc2)cc1,False
CHEMBL412362,Nc1nc(N)c(-c2ccc(NC(=O)Cc3ccsc3Br)cc2)c(COCc2ccccc2)n1,7.1252477880619285,524.4440000000002,5.030000000000003,116.15,3,7,8,4,0.2978541385983344,O=C(Cc1ccsc1)Nc1ccc(-c2cncnc2COCc2ccccc2)cc1,False
CHEMBL211454,Nc1nc(N)c(-c2ccc(NC(=O)NCCc3ccccc3)cc2)c(COCc2ccccc2)n1,8.154901959985743,468.5610000000002,4.389000000000004,128.18,4,6,9,4,0.28841612834619845,O=C(NCCc1ccccc1)Nc1ccc(-c2cncnc2COCc2ccccc2)cc1,False
CHEMBL378989,Nc1nc(N)c(-c2ccc(NC(=O)NCc3ccccc3)cc2)c(COCc2ccccc2)n1,7.468521082957745,454.5340000000002,4.346500000000003,128.18,4,6,8,4,0.3133891212494826,O=C(NCc1ccccc1)Nc1ccc(-c2cncnc2COCc2ccccc2)cc1,False
CHEMBL211211,Nc1nc(N)c(-c2ccc(NC(=O)Nc3ccccc3)cc2)c(COCc2ccccc2)n1,7.055517327849831,440.50700000000023,4.668800000000004,128.18,4,6,7,4,0.33059506227864055,O=C(Nc1ccccc1)Nc1ccc(-c2cncnc2COCc2ccccc2)cc1,False
CHEMBL378438,Nc1nc(N)c(-c2ccc(NC(=O)c3ccncc3)cc2)c(COCc2ccccc2)n1,5.511449283499555,426.4800000000002,3.672100000000003,129.04000000000002,3,7,7,4,0.411033031981968,O=C(Nc1ccc(-c2cncnc2COCc2ccccc2)cc1)c1ccncc1,False
CHEMBL211188,Nc1nc(N)c(-c2ccc(NC(=O)c3ccsc3)cc2)c(COCc2ccccc2)n1,6.899629454882437,431.5210000000002,4.338600000000003,116.15,3,7,7,4,0.40081028443406796,O=C(Nc1ccc(-c2cncnc2COCc2ccccc2)cc1)c1ccsc1,False
CHEMBL204325,Nc1nc(N)c(-c2ccc(NCc3cc(F)c(S(=O)(=O)C(F)(F)F)c(F)c3)cc2)c(COCc2ccccc2)n1,8.035290537142853,579.5510000000002,5.208600000000003,133.22,3,8,9,4,0.2303687497486304,c1ccc(CNc2ccc(-c3cncnc3COCc3ccccc3)cc2)cc1,True
CHEMBL205450,Nc1nc(N)c(-c2ccc(NCc3ccc(C(F)(F)F)cc3)cc2)c(COCc2ccccc2)n1,7.7754151339174,479.5060000000002,5.655700000000004,99.08,3,6,8,4,0.3018249802051624,c1ccc(CNc2ccc(-c3cncnc3COCc3ccccc3)cc2)cc1,False
CHEMBL205833,Nc1nc(N)c(-c2ccc(NCc3ccc(Cl)cc3)cc2)c(CCc2ccccc2)n1,5.486947965372702,429.95500000000015,5.358700000000003,89.85,3,5,7,4,0.3676794835267025,c1ccc(CCc2ncncc2-c2ccc(NCc3ccccc3)cc2)cc1,False
CHEMBL425048,Nc1nc(N)c(-c2ccc(NCc3ccc(Cl)cc3)cc2)c(COCc2ccccc2)n1,6.96537154337468,445.9540000000002,5.290300000000004,99.08,3,6,8,4,0.34049643810418495,c1ccc(CNc2ccc(-c3cncnc3COCc3ccccc3)cc2)cc1,False
CHEMBL202642,Nc1nc(N)c(-c2ccc(NCc3ccc(Cl)s3)cc2)c(COCc2ccccc2)n1,6.930690783050254,451.9830000000002,5.351800000000003,99.08,3,7,8,4,0.333588069133278,c1ccc(COCc2ncncc2-c2ccc(NCc3cccs3)cc2)cc1,False
CHEMBL5590281,Nc1nc(N)c(-c2ccc(NCc3ccc(OCCF)cc3)cc2)c(COCc2ccccc2)n1,6.562249437179612,473.5520000000002,4.985200000000004,108.31,3,7,11,4,0.28171836231008857,c1ccc(CNc2ccc(-c3cncnc3COCc3ccccc3)cc2)cc1,False
CHEMBL383522,Nc1nc(N)c(-c2ccc(NCc3ccc([N+](=O)[O-])cc3)cc2)c(COCc2ccccc2)n1,8.967771005386542,456.5060000000002,4.545100000000003,142.21999999999997,3,8,9,4,0.2459558897316007,c1ccc(CNc2ccc(-c3cncnc3COCc3ccccc3)cc2)cc1,False
CHEMBL205568,Nc1nc(N)c(-c2ccc(NCc3ccccc3)cc2)c(COCc2ccccc2)n1,6.654901959985743,411.5090000000002,4.636900000000003,99.08,3,6,8,4,0.39069731640793537,c1ccc(CNc2ccc(-c3cncnc3COCc3ccccc3)cc2)cc1,False
CHEMBL205521,Nc1nc(N)c(-c2ccc(NCc3ccnc(Cl)c3)cc2)c(COCc2ccccc2)n1,8.633803120088515,446.9420000000002,4.685300000000003,111.97,3,7,8,4,0.3365003924884949,c1ccc(COCc2ncncc2-c2ccc(NCc3ccncc3)cc2)cc1,False
CHEMBL203782,Nc1nc(N)c(-c2ccc(NCc3ccncc3)cc2)c(COCc2ccccc2)n1,7.371641127011257,412.4970000000002,4.031900000000003,111.97,3,7,8,4,0.4004043653384288,c1ccc(COCc2ncncc2-c2ccc(NCc3ccncc3)cc2)cc1,False
CHEMBL444277,Nc1nc(N)c(-c2ccc(NCc3cnc4ccccc4c3)cc2)c(COCc2ccccc2)n1,6.496981022501341,462.55700000000024,5.185100000000004,111.97,3,7,8,5,0.29101975245058,c1ccc(COCc2ncncc2-c2ccc(NCc3cnc4ccccc4c3)cc2)cc1,False
CHEMBL382375,Nc1nc(N)c(-c2ccc(NCc3csc(Cl)c3)cc2)c(COCc2ccccc2)n1,7.485105264584072,451.98300000000023,5.351800000000003,99.08,3,7,8,4,0.3335880691332779,c1ccc(COCc2ncncc2-c2ccc(NCc3ccsc3)cc2)cc1,False
CHEMBL266964,O=C(Cc1ccccn1)N[C@H](c1c[nH]c2ccccc12)c1nnc(CCc2c[nH]c3ccccc23)n1Cc1ccccc1,7.214670164989233,565.6810000000004,5.917500000000005,104.28,3,4,10,7,0.19157851639752435,O=C(Cc1ccccn1)NC(c1c[nH]c2ccccc12)c1nnc(CCc2c[nH]c3ccccc23)n1Cc1ccccc1,True
CHEMBL249662,O=C(Cc1ccccn1)N[C@H](c1c[nH]c2ccccc12)c1nnc(CCc2ccccc2)n1-c1ccccc1,6.154901959985743,512.6170000000003,5.377100000000004,88.49000000000001,2,4,9,6,0.27237096926512533,O=C(Cc1ccccn1)NC(c1c[nH]c2ccccc12)c1nnc(CCc2ccccc2)n1-c1ccccc1,True
CHEMBL2048824,O=C(Cc1cn2cc(Cl)ccc2n1)N1CCC2(CC1)CN(Cc1ccc(-c3ncccn3)cc1)C2,7.03106560171807,487.0070000000003,4.111800000000003,66.63000000000001,0,5,5,4,0.4244232280943762,O=C(Cc1cn2ccccc2n1)N1CCC2(CC1)CN(Cc1ccc(-c3ncccn3)cc1)C2,False
CHEMBL2048823,O=C(Cc1cn2cc(Cl)ccc2n1)N1CCC2(CC1)CN(Cc1ccc(-n3nccn3)cc1)C2,7.164320998278254,475.98400000000026,3.235500000000002,71.56,0,5,5,4,0.4428910769305775,O=C(Cc1cn2ccccc2n1)N1CCC2(CC1)CN(Cc1ccc(-n3nccn3)cc1)C2,False
CHEMBL3319279,O=C(NC(=O)c1ccccc1Cl)Nc1nc2ccc(S(=O)(=O)CCN3CCCC3)cc2s1,7.356547323513812,493.0100000000004,3.781100000000003,108.46999999999998,2,7,6,3,0.5417177033705799,O=C(NC(=O)c1ccccc1)Nc1nc2ccc(S(=O)(=O)CCN3CCCC3)cc2s1,False
CHEMBL3586027,O=C(NCC1COc2ccccc2O1)c1cc(-c2ccnc(Cl)c2)cnc1NCc1ccc2c(c1)OCC2,8.161150909262744,528.9960000000001,4.913800000000004,94.60000000000001,2,7,7,4,0.3289204591838423,O=C(NCC1COc2ccccc2O1)c1cc(-c2ccncc2)cnc1NCc1ccc2c(c1)OCC2,False
CHEMBL3586028,O=C(NC[C@H]1COc2ccccc2O1)c1cc(N2CCOCC2)cnc1NCc1ccc2c(c1)OCO2,7.327902142064282,504.5430000000004,2.8288,103.41000000000001,2,9,7,3,0.5027622744568441,O=C(NCC1COc2ccccc2O1)c1cc(N2CCOCC2)cnc1NCc1ccc2c(c1)OCO2,False
CHEMBL3586030,O=C(NC[C@H]1COc2ccccc2O1)c1cc(N2C[C@H]3CC[C@@H](C2)O3)cnc1NCc1ccc2c(c1)OCO2,8.267606240177031,530.5810000000004,3.3598000000000017,103.41000000000001,2,9,7,3,0.47600013258596674,O=C(NCC1COc2ccccc2O1)c1cc(N2CC3CCC(C2)O3)cnc1NCc1ccc2c(c1)OCO2,False
CHEMBL3358452,O=C(NNc1cc(C(F)(F)F)cc(C(F)(F)F)c1)[C@@H](c1cccnc1)N1CCN2CCC[C@@H]2C1,8.400007822415901,487.4480000000003,4.083600000000003,60.50000000000001,2,5,5,2,0.49184816037666484,O=C(NNc1ccccc1)C(c1cccnc1)N1CCN2CCCC2C1,False
CHEMBL2069411,O=C(N[C@@H]1COc2cccc(-c3ccc(CO)nc3)c2C1)c1ccc(OCC(F)(F)F)nc1,6.698970004336019,459.4240000000002,3.310500000000002,93.57000000000001,2,6,6,3,0.5876854369091191,O=C(NC1COc2cccc(-c3cccnc3)c2C1)c1cccnc1,False
CHEMBL391859,O=C(N[C@H](Cc1c[nH]c2ccccc12)C1=NNC(CCc2ccccc2)N1Cc1ccco1)C1CCNCC1,6.251811972993799,524.6690000000003,4.165600000000003,97.69,4,6,10,4,0.24976879261016063,O=C(NC(Cc1c[nH]c2ccccc12)C1=NNC(CCc2ccccc2)N1Cc1ccco1)C1CCNCC1,True
CHEMBL240746,O=C(N[C@H](Cc1c[nH]c2ccccc12)C1=NNC(CCc2ccccc2)N1Cc1cccs1)C1CCNCC1,6.5934598195660445,540.7370000000002,4.634100000000004,84.55,4,6,10,4,0.23630438644210247,O=C(NC(Cc1c[nH]c2ccccc12)C1=NNC(CCc2ccccc2)N1Cc1cccs1)C1CCNCC1,True
CHEMBL391922,O=C(N[C@H](Cc1c[nH]c2ccccc12)C1=NNC(CCc2ccccc2)N1c1ccccc1)C1CCNCC1,6.329754146925875,520.6810000000003,4.5770000000000035,84.55,4,5,9,4,0.2604213115473173,O=C(NC(Cc1c[nH]c2ccccc12)C1=NNC(CCc2ccccc2)N1c1ccccc1)C1CCNCC1,True
CHEMBL2113326,O=C(N[C@H](Cc1c[nH]c2ccccc12)c1nnc(CCc2c[nH]c3ccccc23)n1-c1ccccc1)C1CCNCC1,7.154901959985743,557.702,5.414700000000004,103.42000000000002,4,4,9,6,0.19075095174254778,O=C(NC(Cc1c[nH]c2ccccc12)c1nnc(CCc2c[nH]c3ccccc23)n1-c1ccccc1)C1CCNCC1,True
CHEMBL2113322,O=C(N[C@H](Cc1c[nH]c2ccccc12)c1nnc(CCc2c[nH]c3ccccc23)n1Cc1ccccc1)C1CCCNC1,7.886056647693163,571.7289999999999,5.473800000000004,103.42000000000002,4,4,10,6,0.17500398034786718,O=C(NC(Cc1c[nH]c2ccccc12)c1nnc(CCc2c[nH]c3ccccc23)n1Cc1ccccc1)C1CCCNC1,True
CHEMBL2113325,O=C(N[C@H](Cc1c[nH]c2ccccc12)c1nnc(CCc2c[nH]c3ccccc23)n1Cc1ccccc1)C1CCNCC1,7.619788758288394,571.7289999999999,5.473800000000004,103.42000000000002,4,4,10,6,0.17500398034786718,O=C(NC(Cc1c[nH]c2ccccc12)c1nnc(CCc2c[nH]c3ccccc23)n1Cc1ccccc1)C1CCNCC1,True
CHEMBL249659,O=C(N[C@H](c1c[nH]c2ccccc12)c1nnc(CCc2c[nH]c3ccccc23)n1-c1ccccc1)c1ccccn1,6.795880017344075,537.6270000000002,5.929500000000004,104.28000000000002,3,4,8,7,0.22350511784588362,O=C(NC(c1c[nH]c2ccccc12)c1nnc(CCc2c[nH]c3ccccc23)n1-c1ccccc1)c1ccccn1,False
CHEMBL249640,O=C(N[C@H](c1c[nH]c2ccccc12)c1nnc(CCc2ccccc2)n1-c1ccccc1)c1ccccn1,6.978810700930062,498.59000000000015,5.448200000000004,88.49,2,4,8,6,0.29216719330623864,O=C(NC(c1c[nH]c2ccccc12)c1nnc(CCc2ccccc2)n1-c1ccccc1)c1ccccn1,False
CHEMBL4160434,O=C(N[C@H]1Cc2ccccc2[C@@H]1NC(=O)[C@H]1CCNC1)c1cc2cc(F)ccc2[nH]1,6.711764996636472,406.46100000000007,2.4284999999999997,86.02000000000001,4,3,4,3,0.5368822703877446,O=C(NC1Cc2ccccc2C1NC(=O)C1CCNC1)c1cc2ccccc2[nH]1,False
CHEMBL181619,O=C(Nc1ccccc1C(=O)N1CCCCC1)c1c(-c2c(Cl)cccc2Cl)noc1CCC1OCCCO1,5.127853508438662,558.462,6.222400000000006,93.9,1,6,7,3,0.3700914104709566,O=C(Nc1ccccc1C(=O)N1CCCCC1)c1c(-c2ccccc2)noc1CCC1OCCCO1,False
CHEMBL1082164,O=C(c1ccc(-c2ccccc2)cc1)N1CCCN(C(=O)c2ccc3cc[nH]c3c2)CC1,5.187086643357144,423.5160000000002,4.8232000000000035,56.410000000000004,1,2,3,4,0.5134806607138791,O=C(c1ccc(-c2ccccc2)cc1)N1CCCN(C(=O)c2ccc3cc[nH]c3c2)CC1,False
CHEMBL1076586,O=C(c1ccc(-c2ccccc2)cc1)N1CCN(C(=O)c2ccc3cc[nH]c3c2)CC1,7.0,409.48900000000015,4.433100000000003,56.410000000000004,1,2,3,4,0.5441268708700749,O=C(c1ccc(-c2ccccc2)cc1)N1CCN(C(=O)c2ccc3cc[nH]c3c2)CC1,False
CHEMBL2011827,O=C1CN(CC(=O)NC2CCN(Cc3ccccc3)CC2)C(=O)c2cc(Oc3ccccc3)ccc2N1,6.503070351926786,498.58300000000025,3.6540000000000026,90.98,2,5,7,3,0.5190248452306327,O=C1CN(CC(=O)NC2CCN(Cc3ccccc3)CC2)C(=O)c2cc(Oc3ccccc3)ccc2N1,False
CHEMBL2011828,O=C1CN([C@@H](C(=O)NC2CCN(Cc3ccccc3)CC2)C2CC2)C(=O)c2cc(Oc3ccccc3)ccc2N1,7.920818753952375,538.6480000000003,4.432600000000003,90.98,2,5,8,3,0.4428718777532097,O=C1CN(C(C(=O)NC2CCN(Cc3ccccc3)CC2)C2CC2)C(=O)c2cc(Oc3ccccc3)ccc2N1,False
CHEMBL3985913,O=C1CNCCOc2ccccc2CCCNC(=O)[C@H](Cc2ccccc2)NC(=O)C2(CCCC2)N1,6.0,492.6200000000003,1.8739000000000001,108.56,4,5,2,2,0.5120230050152257,O=C1CNCCOc2ccccc2CCCNC(=O)C(Cc2ccccc2)NC(=O)C2(CCCC2)N1,False
CHEMBL3955179,O=C1NC/C=C\c2ccccc2OCCNC2(CCCC2)C(=O)NC2(CCCC2)C(=O)N[C@H]1Cc1cccc(Cl)c1,10.0,579.1410000000004,3.9207000000000027,108.56,4,5,2,2,0.4319360130342568,O=C1NCC=Cc2ccccc2OCCNC2(CCCC2)C(=O)NC2(CCCC2)C(=O)NC1Cc1ccccc1,False
CHEMBL3932434,O=C1NC/C=C\c2ccccc2OCCNC2(CCCC2)C(=O)NC2(CCCC2)C(=O)N[C@H]1Cc1ccccc1,8.0,544.6960000000005,3.2673000000000014,108.56,4,5,2,2,0.4642806939355439,O=C1NCC=Cc2ccccc2OCCNC2(CCCC2)C(=O)NC2(CCCC2)C(=O)NC1Cc1ccccc1,False
CHEMBL3958460,O=C1NC/C=C\c2ccccc2OCCN[C@@H](C2CC2)C(=O)NC2(CCCC2)C(=O)N[C@H]1Cc1ccc(Cl)cc1,8.0,565.1140000000005,3.3865000000000016,108.56,4,5,3,2,0.45697876798222403,O=C1NCC=Cc2ccccc2OCCNC(C2CC2)C(=O)NC2(CCCC2)C(=O)NC1Cc1ccccc1,False
CHEMBL3986375,O=C1NC2(CCCC2)C(=O)N[C@@H](Cc2ccc(Cl)cc2)C(=O)NC/C=C\c2ccccc2OCCN[C@H]1Cc1ccsc1,8.0,621.2030000000002,4.280700000000003,108.56000000000002,4,6,4,3,0.3482927471817263,O=C1NC2(CCCC2)C(=O)NC(Cc2ccccc2)C(=O)NCC=Cc2ccccc2OCCNC1Cc1ccsc1,False
CHEMBL3893697,O=C1NC2(CCCC2)C(=O)N[C@@H](Cc2cccc(Cl)c2)C(=O)NC/C=C\c2ccccc2OCCN[C@H]1Cc1ccc(O)cc1,8.0,631.1730000000002,3.924800000000002,128.79000000000002,5,6,4,3,0.2972911006133409,O=C1NC2(CCCC2)C(=O)NC(Cc2ccccc2)C(=O)NCC=Cc2ccccc2OCCNC1Cc1ccccc1,False
CHEMBL3977294,O=C1NC2(CCCC2)C(=O)N[C@@H](Cc2ccccc2)C(=O)NC/C=C\c2ccccc2OCCN[C@H]1CCc1ccccc1,7.0,594.7560000000003,3.9559000000000024,108.56000000000002,4,5,5,3,0.3578905412155275,O=C1NC2(CCCC2)C(=O)NC(Cc2ccccc2)C(=O)NCC=Cc2ccccc2OCCNC1CCc1ccccc1,False
CHEMBL3954394,O=C1NC2(CCCC2)C(=O)N[C@@H](Cc2ccccc2)C(=O)NC/C=C\c2ccccc2OCCN[C@H]1Cc1c[nH]cn1,7.0,570.6940000000003,2.2889,137.24,5,6,4,3,0.3265556559914875,O=C1NC2(CCCC2)C(=O)NC(Cc2ccccc2)C(=O)NCC=Cc2ccccc2OCCNC1Cc1c[nH]cn1,False
CHEMBL3965402,O=C1NC2(CCCC2)C(=O)N[C@@H](Cc2ccccc2)C(=O)NC/C=C\c2ccccc2OCCN[C@H]1Cc1ccc(Cl)cc1,6.0,615.1740000000003,4.219200000000003,108.56000000000002,4,5,4,3,0.35202694951043273,O=C1NC2(CCCC2)C(=O)NC(Cc2ccccc2)C(=O)NCC=Cc2ccccc2OCCNC1Cc1ccccc1,False
CHEMBL3958739,O=C1NC2(CCCC2)C(=O)N[C@@H](Cc2ccccc2)C(=O)NC/C=C\c2ccccc2OCCN[C@H]1Cc1ccc2ccccc2c1,7.0,630.7890000000003,4.719000000000004,108.56000000000002,4,5,4,4,0.26119520261040763,O=C1NC2(CCCC2)C(=O)NC(Cc2ccccc2)C(=O)NCC=Cc2ccccc2OCCNC1Cc1ccc2ccccc2c1,False
CHEMBL3928367,O=C1NC2(CCCC2)C(=O)N[C@@H](Cc2ccccc2)C(=O)NC/C=C\c2ccccc2OCCN[C@H]1Cc1cccc(Cl)c1,7.0,615.1740000000003,4.219200000000003,108.56000000000002,4,5,4,3,0.35202694951043273,O=C1NC2(CCCC2)C(=O)NC(Cc2ccccc2)C(=O)NCC=Cc2ccccc2OCCNC1Cc1ccccc1,False
CHEMBL3977166,O=C1NC2(CCCC2)C(=O)N[C@@H](Cc2ccccc2)C(=O)NC/C=C\c2ccccc2OCCN[C@H]1Cc1cccc2ccccc12,6.0,630.7890000000003,4.719000000000004,108.56000000000002,4,5,4,4,0.26119520261040763,O=C1NC2(CCCC2)C(=O)NC(Cc2ccccc2)C(=O)NCC=Cc2ccccc2OCCNC1Cc1cccc2ccccc12,False
CHEMBL3921227,O=C1NC2(CCCC2)C(=O)N[C@@H](Cc2ccccc2)C(=O)NC/C=C\c2ccccc2OCCN[C@H]1Cc1ccccc1Cl,7.0,615.1740000000003,4.2192000000000025,108.56000000000002,4,5,4,3,0.35202694951043273,O=C1NC2(CCCC2)C(=O)NC(Cc2ccccc2)C(=O)NCC=Cc2ccccc2OCCNC1Cc1ccccc1,False
CHEMBL3935422,O=C1NC2(CCCC2)C(=O)N[C@@H](Cc2ccccc2)C(=O)NC/C=C\c2ccccc2OCCN[C@H]1Cc1cccs1,7.0,586.7580000000004,3.6273000000000017,108.56000000000002,4,6,4,3,0.3736212448698739,O=C1NC2(CCCC2)C(=O)NC(Cc2ccccc2)C(=O)NCC=Cc2ccccc2OCCNC1Cc1cccs1,False
CHEMBL3942610,O=C1NC2(CCCC2)C(=O)N[C@@H](Cc2ccccc2)C(=O)NC/C=C\c2ccccc2OCCN[C@H]1Cc1cscn1,7.0,587.7460000000003,3.0223000000000004,121.45000000000002,4,7,4,3,0.3725497103975751,O=C1NC2(CCCC2)C(=O)NC(Cc2ccccc2)C(=O)NCC=Cc2ccccc2OCCNC1Cc1cscn1,False
CHEMBL3934901,O=C1NC2(CCCC2)C(=O)N[C@@H](Cc2ccccc2)C(=O)NCCCc2ccccc2OCCN[C@H]1CO,7.0,522.6460000000004,1.234800000000001,128.79000000000002,5,6,3,2,0.4126401123794679,O=C1CNCCOc2ccccc2CCCNC(=O)C(Cc2ccccc2)NC(=O)C2(CCCC2)N1,False
CHEMBL3971845,O=C1NC2(CCCC2)C(=O)N[C@@H](Cc2ccccc2)C(=O)NCCCc2ccccc2OCCN[C@H]1Cc1ccccc1,7.0,582.7450000000005,3.4852000000000016,108.56000000000002,4,5,4,3,0.3768747324980379,O=C1NC2(CCCC2)C(=O)NC(Cc2ccccc2)C(=O)NCCCc2ccccc2OCCNC1Cc1ccccc1,False
CHEMBL321403,O=C1[C@H](CCc2ccccc2)N(Cc2cc(-c3ccccc3-c3nn[nH]n3)cs2)C(=O)N1CCCN1CCCCC1,5.886056647693163,569.735,5.236800000000005,98.32,1,7,11,4,0.24831082434267002,O=C1C(CCc2ccccc2)N(Cc2cc(-c3ccccc3-c3nn[nH]n3)cs2)C(=O)N1CCCN1CCCCC1,True
CHEMBL109035,O=C1[C@H](CCc2ccccc2)N(Cc2ccc(-c3ccccc3-c3nn[nH]n3)cc2)C(=O)N1CCCN1CCCC1,5.958607314841775,549.6790000000001,4.785200000000003,98.32,1,6,11,4,0.2704082127090968,O=C1C(CCc2ccccc2)N(Cc2ccc(-c3ccccc3-c3nn[nH]n3)cc2)C(=O)N1CCCN1CCCC1,True
CHEMBL278909,O=C1[C@H](CCc2ccccc2)N(Cc2ccc(-c3ccccc3-c3nn[nH]n3)cc2)C(=O)N1CCCN1CCCCC1,6.221848749616356,563.706,5.1753000000000045,98.32,1,6,11,4,0.25280502564077445,O=C1C(CCc2ccccc2)N(Cc2ccc(-c3ccccc3-c3nn[nH]n3)cc2)C(=O)N1CCCN1CCCCC1,True
CHEMBL109094,O=C1[C@H](CCc2ccccc2)N(Cc2ccc(-c3ccccc3-c3nn[nH]n3)cc2)C(=S)N1CCCN1CCOCC1,4.346787486224656,581.746,4.186500000000002,90.48,1,7,11,4,0.2639822507536522,O=C1C(CCc2ccccc2)N(Cc2ccc(-c3ccccc3-c3nn[nH]n3)cc2)C(=S)N1CCCN1CCOCC1,True
CHEMBL323026,O=C1[C@H](CCc2ccccc2)N(Cc2ccc(-c3ccccc3-c3nn[nH]n3)cc2F)C(=O)N1CCCN1CCCCC1,5.795880017344075,581.6959999999999,5.3144000000000045,98.32,1,6,11,4,0.24109566925663004,O=C1C(CCc2ccccc2)N(Cc2ccc(-c3ccccc3-c3nn[nH]n3)cc2)C(=O)N1CCCN1CCCCC1,True
CHEMBL108287,O=C1[C@H](CCc2ccccc2)N(Cc2ccc(-c3ccccc3-c3nn[nH]n3)s2)C(=O)N1CCCN1CCCCC1,4.823908740944319,569.735,5.236800000000004,98.32,1,7,11,4,0.24831082434267002,O=C1C(CCc2ccccc2)N(Cc2ccc(-c3ccccc3-c3nn[nH]n3)s2)C(=O)N1CCCN1CCCCC1,True
CHEMBL322499,O=C1[C@H](Cc2c[nH]c3ccccc23)N(Cc2ccc(-c3ccccc3-c3nn[nH]n3)cc2)C(=O)N1C1CCNCC1,4.301029995663981,546.6350000000001,4.142500000000002,122.89999999999999,3,6,7,5,0.2638081019958251,O=C1C(Cc2c[nH]c3ccccc23)N(Cc2ccc(-c3ccccc3-c3nn[nH]n3)cc2)C(=O)N1C1CCNCC1,False
CHEMBL282891,O=CN[C@@H](Cc1c[nH]c2ccccc12)NC(=O)[C@@H](Cc1c[nH]c2ccccc12)NC(=O)C1CCNCC1,7.672620629187985,500.6030000000003,2.107099999999998,130.91,6,4,10,4,0.14707395422219324,O=C(NC(Cc1c[nH]c2ccccc12)C(=O)NCCc1c[nH]c2ccccc12)C1CCNCC1,True
