molecule_chembl_id,canonical_smiles,pEC50,MW,logP,TPSA,QED,scaffold,peptide_like
CHEMBL4294083,C#Cc1ccc([C@H](C)NC(=O)N(C)C2CCN(C3CCc4cc(-c5cc(C)ncn5)ccc43)CC2)c(Cl)c1Cl,7.97469413473523,562.5450000000003,6.594420000000007,61.36000000000001,0.35651141887573023,O=C(NCc1ccccc1)NC1CCN(C2CCc3cc(-c4ccncn4)ccc32)CC1,False
CHEMBL129637,CC(=O)C(C(=O)N1CCc2cc(OCc3ccccc3)ccc2C1C(=O)NCCN(C(C)C)C(C)C)c1ccccc1,8.036212172654444,569.7460000000003,5.299200000000005,78.94999999999999,0.29970745781895375,O=C(Cc1ccccc1)N1CCc2cc(OCc3ccccc3)ccc2C1,True
CHEMBL180659,CC(=O)C(C)(C)OC(=O)N1CCc2cc(OCc3ccccc3)ccc2C1C(=O)NCCN(C(C)C)C(C)C,8.698970004336019,537.7010000000001,4.904000000000004,88.17999999999999,0.43856846983051595,c1ccc(COc2ccc3c(c2)CCNC3)cc1,True
CHEMBL4635694,CC(=O)N1CCC[C@H](NC(=O)[C@H]2CN(S(=O)(=O)c3ccccc3)C[C@@H]2NC(=O)c2cc(-c3ccccc3Cl)on2)C1,6.888896444091245,600.0970000000001,2.5412000000000017,141.91999999999996,0.4249144278697996,O=C(NC1CN(S(=O)(=O)c2ccccc2)CC1C(=O)NC1CCCNC1)c1cc(-c2ccccc2)on1,False
CHEMBL181051,CC(=O)N1CCc2cc(OCc3ccccc3)ccc2C1C(=O)NCCN(C(C)C)C(C)C,6.590066876668706,451.6110000000003,3.9463000000000035,61.88,0.627236415563592,c1ccc(COc2ccc3c(c2)CCNC3)cc1,False
CHEMBL434152,CC(=O)NC(C(=O)N1CCc2cc(OCc3ccccc3)ccc2C1C(=O)NCCN(C(C)C)C(C)C)c1ccccc1,7.7055337738384075,584.7610000000003,4.803800000000003,90.98,0.31918295907891564,O=C(Cc1ccccc1)N1CCc2cc(OCc3ccccc3)ccc2C1,True
CHEMBL3578018,CC(=O)NC(CNC(=O)CCC(=O)N[C@@H](CCCCN)C(=O)N[C@@H](CCCCN)C(=O)N[C@@H](Cc1cccc2ccccc12)C(=O)N[C@@H](Cc1ccccc1)C(=O)N[C@H](Cc1c[nH]c2ccccc12)C(=O)N[C@@H](CC(C)C)C(=O)N[C@@H](CC(C)C)C(N)=O)C(=O)N[C@@H](CC(C)C)C(=O)N[C@@H](CCCNC(=N)N)C(=O)N[C@@H](Cc1cnc[nH]1)C(=O)N[C@@H](Cc1ccc(O)cc1)C(=O)N[C@@H](CC(C)C)C(=O)N[C@@H](CC(N)=O)C(=O)N[C@@H](CC(C)C)C(=O)N[C@@H](CC(C)C)C(=O)N[C@H](C(=O)N[C@@H](CCCNC(=N)N)C(=O)N[C@@H](CCC(N)=O)C(=O)N[C@@H](CCCNC(=N)N)C(=O)N[C@@H](Cc1ccc(O)cc1)C(N)=O)[C@@H](C)O,6.980094722925825,2985.589999999994,-3.8747899999999205,1155.46,0.009849319380499313,O=C(CCC(=O)NCC(=O)NCC(=O)NC(Cc1cccc2ccccc12)C(=O)NC(Cc1ccccc1)C(=O)NCCc1c[nH]c2ccccc12)NCCC(=O)NCC(=O)NCC(=O)NC(Cc1cnc[nH]1)C(=O)NC(Cc1ccccc1)C(=O)NCC(=O)NCC(=O)NCC(=O)NCC(=O)NCC(=O)NCC(=O)NCC(=O)NCC(=O)NCCc1ccccc1,True
CHEMBL3578017,CC(=O)NC(CNC(=O)CCC(=O)N[C@@H](CCCCN)C(=O)N[C@H](Cc1cccc2ccccc12)C(=O)N[C@@H](Cc1ccccc1)C(=O)N[C@H](Cc1c[nH]c2ccccc12)C(=O)N[C@@H](CC(C)C)C(=O)N[C@@H](CC(C)C)C(N)=O)C(=O)N[C@@H](CC(C)C)C(=O)N[C@@H](CCCNC(=N)N)C(=O)N[C@@H](Cc1cnc[nH]1)C(=O)N[C@@H](Cc1ccc(O)cc1)C(=O)N[C@@H](CC(C)C)C(=O)N[C@@H](CC(N)=O)C(=O)N[C@@H](CC(C)C)C(=O)N[C@@H](CC(C)C)C(=O)N[C@H](C(=O)N[C@@H](CCCNC(=N)N)C(=O)N[C@@H](CCC(N)=O)C(=O)N[C@@H](CCCNC(=N)N)C(=O)N[C@@H](Cc1ccc(O)cc1)C(N)=O)[C@@H](C)O,7.389935883721073,2857.414999999995,-3.488589999999888,1100.34,0.009994576950638346,O=C(CCC(=O)NCC(=O)NC(Cc1cccc2ccccc12)C(=O)NC(Cc1ccccc1)C(=O)NCCc1c[nH]c2ccccc12)NCCC(=O)NCC(=O)NCC(=O)NC(Cc1cnc[nH]1)C(=O)NC(Cc1ccccc1)C(=O)NCC(=O)NCC(=O)NCC(=O)NCC(=O)NCC(=O)NCC(=O)NCC(=O)NCC(=O)NCCc1ccccc1,True
CHEMBL237700,CC(=O)NCCCCNC(=O)OCCn1nnnc1[C@@H](COCc1ccccc1)NC(=O)C(C)(C)N,7.0835460514500745,504.5920000000003,0.4270000000000044,175.38000000000002,0.25054199263808785,c1ccc(COCCc2nnn[nH]2)cc1,True
CHEMBL3578014,CC(=O)N[C@@H](CCCCNC(=O)CCCCCNC(=O)[C@H](CC(N)=O)NC(=O)[C@H](CC(C)C)NC(=O)[C@@H](Cc1c[nH]c2ccccc12)NC(=O)[C@H](Cc1ccccc1)NC(=O)[C@@H](Cc1cccc2ccccc12)NC(=O)[C@@H](N)CCCCN)C(=O)N[C@@H](CC(C)C)C(=O)N[C@@H](CCCNC(=N)N)C(=O)N[C@@H](Cc1cnc[nH]1)C(=O)N[C@@H](Cc1ccc(O)cc1)C(=O)N[C@@H](CC(C)C)C(=O)N[C@@H](CC(N)=O)C(=O)N[C@@H](CC(C)C)C(=O)N[C@@H](CC(C)C)C(=O)N[C@H](C(=O)N[C@@H](CCCNC(=N)N)C(=O)N[C@@H](CCC(N)=O)C(=O)N[C@@H](CCCNC(=N)N)C(=O)N[C@@H](Cc1ccc(O)cc1)C(N)=O)[C@@H](C)O,6.586905914413767,2914.510999999995,-3.2353899999998883,1126.36,0.01011981173750449,O=C(CCCCCNC(=O)CNC(=O)CNC(=O)C(Cc1c[nH]c2ccccc12)NC(=O)C(Cc1ccccc1)NC(=O)CCc1cccc2ccccc12)NCCCCCC(=O)NCC(=O)NCC(=O)NC(Cc1cnc[nH]1)C(=O)NC(Cc1ccccc1)C(=O)NCC(=O)NCC(=O)NCC(=O)NCC(=O)NCC(=O)NCC(=O)NCC(=O)NCC(=O)NCCc1ccccc1,True
CHEMBL3578016,CC(=O)N[C@@H](CCCCNC(=O)CCCCCNC(=O)[C@H](CCC(N)=O)NC(=O)[C@H](CC(C)C)NC(=O)[C@@H](Cc1c[nH]c2ccccc12)NC(=O)[C@H](Cc1ccccc1)NC(=O)[C@@H](Cc1cccc2ccccc12)NC(=O)[C@@H](N)CCCCN)C(=O)N[C@@H](CC(C)C)C(=O)N[C@@H](CCCNC(=N)N)C(=O)N[C@@H](Cc1cnc[nH]1)C(=O)N[C@@H](Cc1ccc(O)cc1)C(=O)N[C@@H](CC(C)C)C(=O)N[C@@H](CC(N)=O)C(=O)N[C@@H](CC(C)C)C(=O)N[C@@H](CC(C)C)C(=O)N[C@H](C(=O)N[C@@H](CCCNC(=N)N)C(=O)N[C@@H](CCC(N)=O)C(=O)N[C@@H](CCCNC(=N)N)C(=O)N[C@@H](Cc1ccc(O)cc1)C(N)=O)[C@@H](C)O,7.07702736693652,2928.537999999995,-2.845289999999889,1126.36,0.010366384008495141,O=C(CCCCCNC(=O)CNC(=O)CNC(=O)C(Cc1c[nH]c2ccccc12)NC(=O)C(Cc1ccccc1)NC(=O)CCc1cccc2ccccc12)NCCCCCC(=O)NCC(=O)NCC(=O)NC(Cc1cnc[nH]1)C(=O)NC(Cc1ccccc1)C(=O)NCC(=O)NCC(=O)NCC(=O)NCC(=O)NCC(=O)NCC(=O)NCC(=O)NCC(=O)NCCc1ccccc1,True
CHEMBL3578013,CC(=O)N[C@@H](CCCCNC(=O)CCNC(=O)[C@H](CC(N)=O)NC(=O)[C@H](CC(C)C)NC(=O)[C@@H](Cc1c[nH]c2ccccc12)NC(=O)[C@H](Cc1ccccc1)NC(=O)[C@@H](Cc1cccc2ccccc12)NC(=O)[C@@H](N)CCCCN)C(=O)N[C@@H](CC(C)C)C(=O)N[C@@H](CCCNC(=N)N)C(=O)N[C@@H](Cc1cnc[nH]1)C(=O)N[C@@H](Cc1ccc(O)cc1)C(=O)N[C@@H](CC(C)C)C(=O)N[C@@H](CC(N)=O)C(=O)N[C@@H](CC(C)C)C(=O)N[C@@H](CC(C)C)C(=O)N[C@H](C(=O)N[C@@H](CCCNC(=N)N)C(=O)N[C@@H](CCC(N)=O)C(=O)N[C@@H](CCCNC(=N)N)C(=O)N[C@@H](Cc1ccc(O)cc1)C(N)=O)[C@@H](C)O,6.489887748033173,2872.4299999999953,-4.4056899999999,1126.36,0.009720373343536844,O=C(CCNC(=O)CNC(=O)CNC(=O)C(Cc1c[nH]c2ccccc12)NC(=O)C(Cc1ccccc1)NC(=O)CCc1cccc2ccccc12)NCCCCCC(=O)NCC(=O)NCC(=O)NC(Cc1cnc[nH]1)C(=O)NC(Cc1ccccc1)C(=O)NCC(=O)NCC(=O)NCC(=O)NCC(=O)NCC(=O)NCC(=O)NCC(=O)NCC(=O)NCCc1ccccc1,True
CHEMBL3578015,CC(=O)N[C@@H](CCCCNC(=O)CCNC(=O)[C@H](CCC(N)=O)NC(=O)[C@H](CC(C)C)NC(=O)[C@@H](Cc1c[nH]c2ccccc12)NC(=O)[C@H](Cc1ccccc1)NC(=O)[C@@H](Cc1cccc2ccccc12)NC(=O)[C@@H](N)CCCCN)C(=O)N[C@@H](CC(C)C)C(=O)N[C@@H](CCCNC(=N)N)C(=O)N[C@@H](Cc1cnc[nH]1)C(=O)N[C@@H](Cc1ccc(O)cc1)C(=O)N[C@@H](CC(C)C)C(=O)N[C@@H](CC(N)=O)C(=O)N[C@@H](CC(C)C)C(=O)N[C@@H](CC(C)C)C(=O)N[C@H](C(=O)N[C@@H](CCCNC(=N)N)C(=O)N[C@@H](CCC(N)=O)C(=O)N[C@@H](CCCNC(=N)N)C(=O)N[C@@H](Cc1ccc(O)cc1)C(N)=O)[C@@H](C)O,7.000217255887009,2886.4569999999953,-4.0155899999998965,1126.36,0.009808149733413875,O=C(CCNC(=O)CNC(=O)CNC(=O)C(Cc1c[nH]c2ccccc12)NC(=O)C(Cc1ccccc1)NC(=O)CCc1cccc2ccccc12)NCCCCCC(=O)NCC(=O)NCC(=O)NC(Cc1cnc[nH]1)C(=O)NC(Cc1ccccc1)C(=O)NCC(=O)NCC(=O)NCC(=O)NCC(=O)NCC(=O)NCC(=O)NCC(=O)NCC(=O)NCCc1ccccc1,True
CHEMBL237701,CC(=O)N[C@@H]1CCN(C(=O)OCCn2nnnc2[C@@H](COCc2ccccc2)NC(=O)C(C)(C)N)C1,8.481486060122112,502.5760000000003,0.13150000000000428,166.59000000000003,0.38690697585028444,O=C(OCCn1nnnc1CCOCc1ccccc1)N1CCCC1,True
CHEMBL489401,CC(=O)Nc1ccc(N(C[C@H]2CCCN2)C(=O)C(C)Oc2cccc(Cl)c2)cc1,7.522878745280337,415.92100000000005,3.850900000000002,70.67,0.7201115656053858,O=C(COc1ccccc1)N(CC1CCCN1)c1ccccc1,False
CHEMBL522446,CC(=O)Nc1ccc(N(C[C@H]2CCCN2)C(=O)C(C)Oc2ccccc2)cc1,6.481486060122112,381.47600000000006,3.1975000000000016,70.67,0.7727105842667431,O=C(COc1ccccc1)N(CC1CCCN1)c1ccccc1,False
CHEMBL490010,CC(=O)Nc1ccc(N(C[C@H]2CCCN2)C(=O)C(C)Oc2ccccc2Cl)cc1,7.301029995663981,415.92100000000005,3.850900000000002,70.67,0.7201115656053858,O=C(COc1ccccc1)N(CC1CCCN1)c1ccccc1,False
CHEMBL491835,CC(=O)Nc1ccc(N(C[C@H]2CCCN2)C(=O)COc2ccccc2)cc1,5.698970004336019,367.449,2.809,70.67,0.7894678011663582,O=C(COc1ccccc1)N(CC1CCCN1)c1ccccc1,False
CHEMBL521612,CC(=O)Nc1ccc(N(C[C@H]2CCCN2)C(=O)[C@@H](C)Oc2cccc(Cl)c2)cc1,5.920818753952375,415.92100000000005,3.850900000000002,70.67,0.7201115656053858,O=C(COc1ccccc1)N(CC1CCCN1)c1ccccc1,False
CHEMBL491044,CC(=O)Nc1ccc(N(C[C@H]2CCCN2)C(=O)[C@H](C)Oc2cccc(Cl)c2)cc1,7.698970004336019,415.92100000000005,3.850900000000002,70.67,0.7201115656053858,O=C(COc1ccccc1)N(CC1CCCN1)c1ccccc1,False
CHEMBL490627,CC(=O)Nc1cccc(N(C[C@H]2CCCN2)C(=O)C(C)Oc2cccc(Cl)c2)c1,6.853871964321762,415.92100000000005,3.850900000000003,70.67,0.7201115656053858,O=C(COc1ccccc1)N(CC1CCCN1)c1ccccc1,False
CHEMBL519171,CC(=O)Nc1cccc(N(C[C@H]2CCCN2)C(=O)C(C)Oc2ccccc2)c1,6.0,381.476,3.1975000000000016,70.67,0.7727105842667432,O=C(COc1ccccc1)N(CC1CCCN1)c1ccccc1,False
CHEMBL490009,CC(=O)Nc1cccc(N(C[C@H]2CCCN2)C(=O)C(C)Oc2ccccc2Cl)c1,6.698970004336019,415.92100000000005,3.850900000000003,70.67,0.7201115656053858,O=C(COc1ccccc1)N(CC1CCCN1)c1ccccc1,False
CHEMBL181108,CC(=O)Nc1cccc(Oc2ccc3c(c2)CCN(C(=O)OC(C)(C)C)C3C(=O)NCCN(C(C)C)C(C)C)c1,7.920818753952375,552.7160000000002,5.506600000000005,100.21,0.4257929930923788,c1ccc(Oc2ccc3c(c2)CCNC3)cc1,True
CHEMBL260831,CC(=O)c1ccc(N2C[C@@H](C)N[C@@H](C)C2)cc1NS(=O)(=O)c1ccc(-c2ccccn2)s1,7.400007822415902,470.6200000000002,4.000100000000002,91.4,0.5293555870199191,O=S(=O)(Nc1cccc(N2CCNCC2)c1)c1ccc(-c2ccccn2)s1,False
CHEMBL179978,CC(=O)c1ccccc1C(=O)N1CCc2cc(OCc3ccccc3)ccc2C1C(=O)NCCN(C(C)C)C(C)C,8.136677139879545,555.7190000000002,5.442800000000005,78.94999999999999,0.31882493145903595,O=C(c1ccccc1)N1CCc2cc(OCc3ccccc3)ccc2C1,True
CHEMBL360877,CC(C(=O)N1CCc2cc(OCc3ccccc3)ccc2C1C(=O)NCCN(C(C)C)C(C)C)c1ccccc1,8.468521082957745,541.7360000000003,5.7301000000000055,61.88,0.33684346106336677,O=C(Cc1ccccc1)N1CCc2cc(OCc3ccccc3)ccc2C1,True
CHEMBL369571,CC(C)(CN)CNC(=O)C1c2ccc(OCc3ccccc3)cc2CCN1C(=O)OC(C)(C)C,6.590066876668706,467.6100000000003,4.201000000000003,93.89,0.6364982020206955,c1ccc(COc2ccc3c(c2)CCNC3)cc1,False
CHEMBL295984,CC(C)(N)C(=O)N[C@@H]1CCc2ccccc2N(Cc2ccc(-c3ccccc3CNC(=O)NCCO)cc2)C1=O,8.699513552156626,543.6680000000002,2.8465999999999996,136.79000000000002,0.2827411603846194,O=C1CCCc2ccccc2N1Cc1ccc(-c2ccccc2)cc1,True
CHEMBL471751,CC(C)(N)C(=O)N[C@H](CCC(F)(F)c1ccccc1)c1nnnn1CCC#N,9.045757490560675,391.4260000000001,2.0535799999999997,122.50999999999999,0.6744555769933542,c1ccc(CCCCc2nnn[nH]2)cc1,False
CHEMBL460680,CC(C)(N)C(=O)N[C@H](CCC(F)(F)c1ccccc1)c1nnnn1CCOC(=O)NCCCCO,9.568636235841012,497.5470000000003,1.6385999999999996,157.28,0.2869388666398516,c1ccc(CCCCc2nnn[nH]2)cc1,False
CHEMBL1161829,CC(C)(N)C(=O)N[C@H](CCCc1ccccc1)C(=O)N1CCC2(CC1)COc1ccccc12,8.569280590144537,449.5950000000003,3.1842000000000015,84.66,0.6799810723932899,O=C(CCCCc1ccccc1)N1CCC2(CC1)COc1ccccc12,False
CHEMBL1161828,CC(C)(N)C(=O)N[C@H](CCCc1ccccc1)C(=O)N1CCC2(CC1)CS(=O)(=O)c1ccccc12,8.959398380346713,497.66100000000034,2.5791000000000004,109.57,0.6111054141834273,O=C(CCCCc1ccccc1)N1CCC2(CC1)CS(=O)(=O)c1ccccc12,False
CHEMBL1161822,CC(C)(N)C(=O)N[C@H](CCCc1ccccc1)C(=O)N1CCC2(CC1)CSc1ccccc12,8.319393034173498,465.6630000000003,3.8975000000000026,75.42999999999999,0.6503936948952872,O=C(CCCCc1ccccc1)N1CCC2(CC1)CSc1ccccc12,False
CHEMBL1161827,CC(C)(N)C(=O)N[C@H](CCCc1ccccc1)C(=O)N1CCC2(CC1)C[S+]([O-])c1ccccc12,8.649475184635431,481.6620000000003,2.913000000000001,98.49,0.594268697863655,O=C(CCCCc1ccccc1)N1CCC2(CC1)C[SH+]c1ccccc12,False
CHEMBL294923,CC(C)(N)C(=O)N[C@H](CCCc1ccccc1)C(=O)N1CCC2(CCc3ccccc32)CC1,8.0,447.62300000000033,3.738000000000002,75.42999999999999,0.6789767695221336,O=C(CCCCc1ccccc1)N1CCC2(CCc3ccccc32)CC1,False
CHEMBL33182,CC(C)(N)C(=O)N[C@H](CCCc1ccccc1)C(=O)N1CCN(c2ccccc2NS(=O)(=O)CC(=O)O)CC1,8.639123537396504,559.6890000000002,1.4065000000000003,162.13999999999996,0.30338737697556467,O=C(CCCCc1ccccc1)N1CCN(c2ccccc2)CC1,True
CHEMBL33892,CC(C)(N)C(=O)N[C@H](CCCc1ccccc1)C(=O)N1CCN(c2ccccc2NS(C)(=O)=O)CC1,8.200315045651141,515.6800000000002,1.9517,124.83999999999997,0.4442755991895504,O=C(CCCCc1ccccc1)N1CCN(c2ccccc2)CC1,True
CHEMBL1161832,CC(C)(N)C(=O)N[C@H](CCc1ccccc1)C(=O)N1CCC2(CC1)CS(=O)(=O)c1ccccc12,8.22090981113951,483.63400000000036,2.189,109.57,0.6546159132730113,O=C(CCCc1ccccc1)N1CCC2(CC1)CS(=O)(=O)c1ccccc12,False
CHEMBL1161833,CC(C)(N)C(=O)N[C@H](CCc1ccccc1)C(=O)N1CCC2(CC1)CSc1ccccc12,7.242077643386601,451.6360000000003,3.5074000000000023,75.42999999999999,0.7048366799957796,O=C(CCCc1ccccc1)N1CCC2(CC1)CSc1ccccc12,False
CHEMBL49884,CC(C)(N)C(=O)N[C@H](CCc1ccccc1)C(=O)N1CCC2(CCc3ccccc32)CC1,7.6587650007581995,433.59600000000034,3.347900000000002,75.42999999999999,0.7336195072862944,O=C(CCCc1ccccc1)N1CCC2(CCc3ccccc32)CC1,False
CHEMBL254566,CC(C)(N)C(=O)N[C@H](COCC1CCCCC1)c1nnnn1CCOC(=O)NCCCCO,8.779891911959945,469.5870000000002,0.6633000000000011,166.51000000000002,0.28620434603504713,C1CCC(COCCc2nnn[nH]2)CC1,False
CHEMBL253966,CC(C)(N)C(=O)N[C@H](COCc1cc(C(F)(F)F)cc(C(F)(F)F)c1)c1nnnn1CCOC(=O)NCCCCO,7.468521082957745,599.533,2.3208000000000006,166.51000000000002,0.1882978010961161,c1ccc(COCCc2nnn[nH]2)cc1,True
CHEMBL254972,CC(C)(N)C(=O)N[C@H](COCc1cc(Cl)cc(Cl)c1)c1nnnn1CCOC(=O)NCCCCO,8.170696227168975,532.4290000000003,1.5899999999999992,166.51000000000002,0.2643264241769489,c1ccc(COCCc2nnn[nH]2)cc1,True
CHEMBL254765,CC(C)(N)C(=O)N[C@H](COCc1ccc(F)cc1F)c1nnnn1CCOC(=O)NCCCCO,9.3767507096021,499.51900000000035,0.5614000000000003,166.51000000000002,0.2716424122678776,c1ccc(COCCc2nnn[nH]2)cc1,False
CHEMBL254167,CC(C)(N)C(=O)N[C@H](COCc1ccc(OC(F)(F)F)cc1)c1nnnn1CCOC(=O)NCCCCO,7.478861916295964,547.5350000000002,1.1818,175.74,0.236955788972467,c1ccc(COCCc2nnn[nH]2)cc1,True
CHEMBL253965,CC(C)(N)C(=O)N[C@H](COCc1cccc(C(F)(F)F)c1)c1nnnn1CCOC(=O)NCCCCO,8.747146969020108,531.5360000000003,1.3019999999999994,166.51000000000002,0.26283477101870173,c1ccc(COCCc2nnn[nH]2)cc1,True
CHEMBL254766,CC(C)(N)C(=O)N[C@H](COCc1cccc(Cl)c1)c1nnnn1CCOC(=O)NCCCCO,8.795880017344075,497.9840000000003,0.9365999999999997,166.51000000000002,0.2774816102633315,c1ccc(COCCc2nnn[nH]2)cc1,False
CHEMBL401827,CC(C)(N)C(=O)N[C@H](COCc1cccc(Cl)c1Cl)c1nnnn1CCOC(=O)NCCCCO,9.214670164989233,532.4290000000003,1.5899999999999992,166.51000000000002,0.2643264241769489,c1ccc(COCCc2nnn[nH]2)cc1,True
CHEMBL254166,CC(C)(N)C(=O)N[C@H](COCc1cccc(OC(F)(F)F)c1)c1nnnn1CCOC(=O)NCCCCO,8.508638306165727,547.5350000000002,1.1818,175.74,0.236955788972467,c1ccc(COCCc2nnn[nH]2)cc1,True
CHEMBL13817,CC(C)(N)C(=O)N[C@H](COCc1ccccc1)C(=O)N1CCC2(CC1)CN(S(C)(=O)=O)c1ccccc12,9.1419983281826,528.6750000000004,1.7653000000000019,122.03999999999999,0.538586397324706,O=C(CCOCc1ccccc1)N1CCC2(CC1)CNc1ccccc12,False
CHEMBL1161831,CC(C)(N)C(=O)N[C@H](COCc1ccccc1)C(=O)N1CCC2(CC1)COc1ccccc12,8.070300241885096,451.56700000000035,2.3781000000000017,93.89000000000001,0.6742106747450864,O=C(CCOCc1ccccc1)N1CCC2(CC1)COc1ccccc12,False
CHEMBL1161834,CC(C)(N)C(=O)N[C@H](COCc1ccccc1)C(=O)N1CCC2(CC1)CS(=O)(=O)c1ccccc12,8.300509466670935,499.6330000000004,1.773000000000001,118.80000000000001,0.5994589589799745,O=C(CCOCc1ccccc1)N1CCC2(CC1)CS(=O)(=O)c1ccccc12,False
CHEMBL1161825,CC(C)(N)C(=O)N[C@H](COCc1ccccc1)C(=O)N1CCC2(CC1)CSc1ccccc12,8.0,467.63500000000033,3.091400000000002,84.66000000000001,0.6537724742941746,O=C(CCOCc1ccccc1)N1CCC2(CC1)CSc1ccccc12,False
CHEMBL209360,CC(C)(N)C(=O)N[C@H](COCc1ccccc1)C(=O)N1CCC2(CC1)C[C@@H](O)c1ccccc12,8.87802234901063,465.59400000000034,2.4228000000000005,104.89000000000001,0.5825687967551607,O=C(CCOCc1ccccc1)N1CCC2(CCc3ccccc32)CC1,False
CHEMBL1161826,CC(C)(N)C(=O)N[C@H](COCc1ccccc1)C(=O)N1CCC2(CC1)C[S+]([O-])c1ccccc12,8.070300241885096,483.63400000000036,2.1069000000000004,107.72000000000001,0.5867250141543267,O=C(CCOCc1ccccc1)N1CCC2(CC1)C[SH+]c1ccccc12,False
CHEMBL417182,CC(C)(N)C(=O)N[C@H](COCc1ccccc1)C(=O)N1CCC2(CCc3ccccc32)CC1,7.7747214952908354,449.59500000000037,2.9319000000000015,84.66000000000001,0.6807492313230913,O=C(CCOCc1ccccc1)N1CCC2(CCc3ccccc32)CC1,False
CHEMBL382844,CC(C)(N)C(=O)N[C@H](COCc1ccccc1)C(=O)N1CCC2=NNC(=O)[C@@]2(Cc2ccccc2)C1,8.521435901161594,491.5920000000003,1.3725000000000025,126.12,0.48853123366150064,O=C(CCOCc1ccccc1)N1CCC2=NNC(=O)C2(Cc2ccccc2)C1,False
CHEMBL271082,CC(C)(N)C(=O)N[C@H](COCc1ccccc1)c1nnn(C(/C=C/c2ccccc2)CC#N)n1,7.207947514800273,459.55400000000014,2.95268,131.74,0.45043938362417996,C(=Cc1ccccc1)Cn1nnc(CCOCc2ccccc2)n1,False
CHEMBL402808,CC(C)(N)C(=O)N[C@H](COCc1ccccc1)c1nnn(C(CC#N)CCc2ccccc2)n1,6.7182594573027945,461.5700000000002,2.8720800000000004,131.74,0.4237516502705551,c1ccc(CCCn2nnc(CCOCc3ccccc3)n2)cc1,False
CHEMBL394130,CC(C)(N)C(=O)N[C@H](COCc1ccccc1)c1nnn(C/C=C/c2ccccc2)n1,6.286509456906058,420.5170000000001,2.4978999999999996,107.95,0.5217284143106462,C(=Cc1ccccc1)Cn1nnc(CCOCc2ccccc2)n1,False
CHEMBL235817,CC(C)(N)C(=O)N[C@H](COCc1ccccc1)c1nnn(CC#N)n1,5.818156412055227,343.3910000000001,0.3080799999999999,131.74,0.704574962202118,c1ccc(COCCc2nn[nH]n2)cc1,False
CHEMBL404227,CC(C)(N)C(=O)N[C@H](COCc1ccccc1)c1nnn(CC(C#N)Cc2ccccc2)n1,5.607303046740334,447.5430000000002,2.166979999999999,131.74,0.46026790574349574,c1ccc(CCCn2nnc(CCOCc3ccccc3)n2)cc1,False
CHEMBL237932,CC(C)(N)C(=O)N[C@H](COCc1ccccc1)c1nnn(CC2Cc3ccccc3N2S(C)(=O)=O)n1,6.262807357295262,513.6240000000003,1.1754000000000002,145.32999999999998,0.4109799216178163,c1ccc(COCCc2nnn(CC3Cc4ccccc4N3)n2)cc1,True
CHEMBL256236,CC(C)(N)C(=O)N[C@H](COCc1ccccc1)c1nnn(CCC(C#N)c2ccccc2)n1,6.51999305704285,447.5430000000002,2.481979999999999,131.74,0.4613917795387039,c1ccc(CCCn2nnc(CCOCc3ccccc3)n2)cc1,False
CHEMBL237302,CC(C)(N)C(=O)N[C@H](COCc1ccccc1)c1nnn(CCCCC#N)n1,5.730487055782083,385.4720000000002,1.4783799999999987,131.74,0.5598784801522043,c1ccc(COCCc2nn[nH]n2)cc1,False
CHEMBL235135,CC(C)(N)C(=O)N[C@H](COCc1ccccc1)c1nnn(CCCc2ccccc2NS(C)(=O)=O)n1,6.97061622231479,515.6400000000002,1.7887999999999993,154.12,0.31125496555068866,c1ccc(CCCn2nnc(CCOCc3ccccc3)n2)cc1,True
CHEMBL438154,CC(C)(N)C(=O)N[C@H](COCc1ccccc1)c1nnn(CCc2cc3ccccc3n2S(C)(=O)=O)n1,6.823908740944319,525.6350000000002,1.7895999999999987,147.01999999999998,0.3012369386874847,c1ccc(COCCc2nnn(CCc3cc4ccccc4[nH]3)n2)cc1,True
CHEMBL399625,CC(C)(N)C(=O)N[C@H](COCc1ccccc1)c1nnn(CCc2ccccc2NS(C)(=O)=O)n1,5.386158178123931,501.6130000000002,1.3986999999999996,154.12,0.3364326756870468,c1ccc(CCn2nnc(CCOCc3ccccc3)n2)cc1,True
CHEMBL391429,CC(C)(N)C(=O)N[C@H](COCc1ccccc1)c1nnn(Cc2ccc(NS(C)(=O)=O)cc2)n1,6.006123085058789,487.5860000000002,1.2043,154.12,0.36452974240856917,c1ccc(COCCc2nnn(Cc3ccccc3)n2)cc1,False
CHEMBL236857,CC(C)(N)C(=O)N[C@H](COCc1ccccc1)c1nnn(Cc2cccc(NS(C)(=O)=O)c2)n1,6.0614802748235075,487.5860000000002,1.2043,154.12,0.36452974240856917,c1ccc(COCCc2nnn(Cc3ccccc3)n2)cc1,False
CHEMBL237058,CC(C)(N)C(=O)N[C@H](COCc1ccccc1)c1nnn(Cc2ccccc2)n1,5.950781977329818,394.4790000000001,1.8327999999999984,107.95,0.5732486439509943,c1ccc(COCCc2nnn(Cc3ccccc3)n2)cc1,False
CHEMBL391088,CC(C)(N)C(=O)N[C@H](COCc1ccccc1)c1nnn(Cc2ccccc2NS(C)(=O)=O)n1,6.370590400897282,487.5860000000002,1.204299999999999,154.12,0.3645297424085691,c1ccc(COCCc2nnn(Cc3ccccc3)n2)cc1,False
CHEMBL404336,CC(C)(N)C(=O)N[C@H](COCc1ccccc1)c1nnnn1C(/C=C/c1ccccc1)CC#N,8.254319153082864,459.55400000000014,2.95268,131.74,0.45043938362417996,C(=Cc1ccccc1)Cn1nnnc1CCOCc1ccccc1,False
CHEMBL403180,CC(C)(N)C(=O)N[C@H](COCc1ccccc1)c1nnnn1C(CC#N)CCc1ccccc1,7.976947606376981,461.5700000000002,2.8720800000000004,131.74,0.4237516502705551,c1ccc(CCCn2nnnc2CCOCc2ccccc2)cc1,False
CHEMBL256235,CC(C)(N)C(=O)N[C@H](COCc1ccccc1)c1nnnn1C(CC#N)COc1ccccc1F,8.207834387816234,481.5320000000002,2.4573799999999997,140.97,0.40186248101171684,c1ccc(COCCc2nnnn2CCOc2ccccc2)cc1,False
CHEMBL238155,CC(C)(N)C(=O)N[C@H](COCc1ccccc1)c1nnnn1C/C=C/c1ccccc1,7.920818753952375,420.5170000000001,2.4978999999999996,107.95000000000002,0.5217284143106462,C(=Cc1ccccc1)Cn1nnnc1CCOCc1ccccc1,False
CHEMBL391510,CC(C)(N)C(=O)N[C@H](COCc1ccccc1)c1nnnn1CC#N,7.537602002101044,343.3910000000001,0.3080799999999999,131.74,0.704574962202118,c1ccc(COCCc2nnn[nH]2)cc1,False
CHEMBL402086,CC(C)(N)C(=O)N[C@H](COCc1ccccc1)c1nnnn1CC(C#N)Cc1ccccc1,7.657577319177793,447.5430000000002,2.166979999999999,131.74,0.46026790574349574,c1ccc(CCCn2nnnc2CCOCc2ccccc2)cc1,False
CHEMBL237717,CC(C)(N)C(=O)N[C@H](COCc1ccccc1)c1nnnn1CC1CN(S(C)(=O)=O)c2ccccc21,6.8326826652518236,513.6240000000003,1.3479000000000005,145.33,0.41316794999747425,c1ccc(COCCc2nnnn2CC2CNc3ccccc32)cc1,True
CHEMBL236038,CC(C)(N)C(=O)N[C@H](COCc1ccccc1)c1nnnn1CCC#N,7.522878745280337,357.4180000000001,0.6981799999999996,131.74,0.6747879740172893,c1ccc(COCCc2nnn[nH]2)cc1,False
CHEMBL235011,CC(C)(N)C(=O)N[C@H](COCc1ccccc1)c1nnnn1CCC(=O)NCCCc1ccccc1,7.229147988357855,493.6120000000003,1.9236000000000002,137.05,0.2918399508856723,O=C(CCn1nnnc1CCOCc1ccccc1)NCCCc1ccccc1,False
CHEMBL236513,CC(C)(N)C(=O)N[C@H](COCc1ccccc1)c1nnnn1CCC(=O)NCCc1ccccc1,7.568636235841012,479.58500000000026,1.5335000000000003,137.05,0.3380640021384813,O=C(CCn1nnnc1CCOCc1ccccc1)NCCc1ccccc1,False
CHEMBL393321,CC(C)(N)C(=O)N[C@H](COCc1ccccc1)c1nnnn1CCC(=O)NCc1ccccc1,7.292429823902063,465.5580000000002,1.491,137.05,0.3684706310723229,O=C(CCn1nnnc1CCOCc1ccccc1)NCc1ccccc1,False
CHEMBL270851,CC(C)(N)C(=O)N[C@H](COCc1ccccc1)c1nnnn1CCC(C#N)c1ccccc1,7.568636235841012,447.5430000000002,2.481979999999999,131.74,0.4613917795387039,c1ccc(CCCn2nnnc2CCOCc2ccccc2)cc1,False
CHEMBL410499,CC(C)(N)C(=O)N[C@H](COCc1ccccc1)c1nnnn1CCCC(=O)NCC(F)(F)F,7.585026652029182,471.4840000000002,1.243199999999999,137.05,0.42359350415332087,c1ccc(COCCc2nnn[nH]2)cc1,False
CHEMBL409258,CC(C)(N)C(=O)N[C@H](COCc1ccccc1)c1nnnn1CCCC(=O)NCCC(=O)O,6.690369832574101,461.5230000000003,0.15560000000000013,174.35,0.30521121257185224,c1ccc(COCCc2nnn[nH]2)cc1,False
CHEMBL262884,CC(C)(N)C(=O)N[C@H](COCc1ccccc1)c1nnnn1CCCC(=O)NCCC(N)=O,8.119186407719209,460.5390000000003,-0.44369999999999793,180.14000000000001,0.2925411536373587,c1ccc(COCCc2nnn[nH]2)cc1,False
CHEMBL411259,CC(C)(N)C(=O)N[C@H](COCc1ccccc1)c1nnnn1CCCC(=O)NCCCCCCO,9.221848749616356,489.62100000000044,1.233599999999999,157.28,0.24168179874286524,c1ccc(COCCc2nnn[nH]2)cc1,False
CHEMBL261358,CC(C)(N)C(=O)N[C@H](COCc1ccccc1)c1nnnn1CCCC(=O)NCCCCCO,8.886056647693163,475.5940000000004,0.8434999999999993,157.28,0.26017128732292294,c1ccc(COCCc2nnn[nH]2)cc1,False
CHEMBL261544,CC(C)(N)C(=O)N[C@H](COCc1ccccc1)c1nnnn1CCCC(=O)NCCCCO,8.744727494896694,461.56700000000035,0.45339999999999964,157.28,0.27849808375162755,c1ccc(COCCc2nnn[nH]2)cc1,False
CHEMBL409894,CC(C)(N)C(=O)N[C@H](COCc1ccccc1)c1nnnn1CCCC(=O)NCCCO,7.568636235841012,447.5400000000003,0.06330000000000002,157.28,0.2961720293181158,c1ccc(COCCc2nnn[nH]2)cc1,False
CHEMBL258762,CC(C)(N)C(=O)N[C@H](COCc1ccccc1)c1nnnn1CCCC(=O)NCCCc1ccccc1,7.481486060122112,507.63900000000035,2.3137,137.05,0.26850729896872544,O=C(CCCn1nnnc1CCOCc1ccccc1)NCCCc1ccccc1,True
CHEMBL259016,CC(C)(N)C(=O)N[C@H](COCc1ccccc1)c1nnnn1CCCC(=O)NCCN1CCNC1=O,8.481486060122112,501.5920000000004,-0.2938999999999978,169.39000000000001,0.27353657173303225,O=C(CCCn1nnnc1CCOCc1ccccc1)NCCN1CCNC1=O,True
CHEMBL411699,CC(C)(N)C(=O)N[C@H](COCc1ccccc1)c1nnnn1CCCC(=O)NCCO,7.3979400086720375,433.51300000000026,-0.3267999999999997,157.28,0.33442744518307593,c1ccc(COCCc2nnn[nH]2)cc1,False
CHEMBL411697,CC(C)(N)C(=O)N[C@H](COCc1ccccc1)c1nnnn1CCCC(=O)NCCOCCO,9.154901959985743,477.5660000000004,-0.3101999999999984,166.51,0.23713349721342247,c1ccc(COCCc2nnn[nH]2)cc1,False
CHEMBL410074,CC(C)(N)C(=O)N[C@H](COCc1ccccc1)c1nnnn1CCCC(=O)NCCS(=O)(=O)CCO,9.698970004336019,525.6320000000004,-0.9119999999999973,191.42,0.2131917228452741,c1ccc(COCCc2nnn[nH]2)cc1,True
CHEMBL258551,CC(C)(N)C(=O)N[C@H](COCc1ccccc1)c1nnnn1CCCC(=O)NCCS(C)(=O)=O,8.387216143280265,495.60600000000034,-0.2744999999999982,171.19,0.31879216390256004,c1ccc(COCCc2nnn[nH]2)cc1,False
CHEMBL258761,CC(C)(N)C(=O)N[C@H](COCc1ccccc1)c1nnnn1CCCC(=O)NCCS(N)(=O)=O,8.853871964321762,496.59400000000034,-1.030599999999997,197.21,0.25247897625566473,c1ccc(COCCc2nnn[nH]2)cc1,False
CHEMBL259166,CC(C)(N)C(=O)N[C@H](COCc1ccccc1)c1nnnn1CCCC(=O)NCCSCCO,9.698970004336019,493.63400000000036,0.40640000000000015,157.28,0.24304330326190593,c1ccc(COCCc2nnn[nH]2)cc1,False
CHEMBL410085,CC(C)(N)C(=O)N[C@H](COCc1ccccc1)c1nnnn1CCCC(=O)NCCc1cccc(O)c1,9.698970004336019,509.61100000000033,1.6291999999999993,157.28,0.2553243538539247,O=C(CCCn1nnnc1CCOCc1ccccc1)NCCc1ccccc1,True
CHEMBL261497,CC(C)(N)C(=O)N[C@H](COCc1ccccc1)c1nnnn1CCCC(=O)NCCc1cccc(S(=O)(=O)CCO)c1,6.978810700930062,601.7300000000002,0.6896000000000011,191.42,0.17113749810104192,O=C(CCCn1nnnc1CCOCc1ccccc1)NCCc1ccccc1,True
CHEMBL409327,CC(C)(N)C(=O)N[C@H](COCc1ccccc1)c1nnnn1CCCC(=O)NCCc1ccccc1,7.638272163982407,493.6120000000003,1.9236000000000002,137.05,0.3119746846160501,O=C(CCCn1nnnc1CCOCc1ccccc1)NCCc1ccccc1,False
CHEMBL415095,CC(C)(N)C(=O)N[C@H](COCc1ccccc1)c1nnnn1CCCC(=O)NCc1ccccc1,7.494850021680094,479.58500000000026,1.8810999999999998,137.05,0.34033521709853054,O=C(CCCn1nnnc1CCOCc1ccccc1)NCc1ccccc1,False
CHEMBL410730,CC(C)(N)C(=O)N[C@H](COCc1ccccc1)c1nnnn1CCCC(=O)N[C@H]1CC[C@H](O)CC1,6.283162276700475,487.60500000000036,0.9843999999999993,157.28,0.3450286682861254,O=C(CCCn1nnnc1CCOCc1ccccc1)NC1CCCCC1,False
CHEMBL261234,CC(C)(N)C(=O)N[C@H](COCc1ccccc1)c1nnnn1CCCC(=O)Nc1ccccc1,7.154901959985743,465.5580000000002,2.2033999999999985,137.05,0.3728238785631725,O=C(CCCn1nnnc1CCOCc1ccccc1)Nc1ccccc1,False
CHEMBL237927,CC(C)(N)C(=O)N[C@H](COCc1ccccc1)c1nnnn1CCCCC#N,7.455931955649724,385.4720000000002,1.4783799999999987,131.74,0.5598784801522043,c1ccc(COCCc2nnn[nH]2)cc1,False
CHEMBL237926,CC(C)(N)C(=O)N[C@H](COCc1ccccc1)c1nnnn1CCCCCNC(=O)OCc1ccccc1,8.0,523.6380000000004,2.8811999999999998,146.28,0.2578028773703155,O=C(NCCCCCn1nnnc1CCOCc1ccccc1)OCc1ccccc1,True
CHEMBL393570,CC(C)(N)C(=O)N[C@H](COCc1ccccc1)c1nnnn1CCCCCNS(C)(=O)=O,7.1249387366083,467.5960000000003,0.5040000000000007,154.12,0.33948010690936103,c1ccc(COCCc2nnn[nH]2)cc1,False
CHEMBL237933,CC(C)(N)C(=O)N[C@H](COCc1ccccc1)c1nnnn1CCCc1ccccc1,7.769551078621726,422.5330000000002,2.417299999999999,107.95000000000002,0.4913015153455985,c1ccc(CCCn2nnnc2CCOCc2ccccc2)cc1,False
CHEMBL259712,CC(C)(N)C(=O)N[C@H](COCc1ccccc1)c1nnnn1CCNC(=O)CCCCO,8.356547323513812,447.5400000000003,0.06329999999999997,157.28,0.2961720293181158,c1ccc(COCCc2nnn[nH]2)cc1,False
CHEMBL411122,CC(C)(N)C(=O)N[C@H](COCc1ccccc1)c1nnnn1CCNC(=O)CCS(C)(=O)=O,7.8326826652518236,481.5790000000003,-0.6645999999999979,171.19,0.33558458548406517,c1ccc(COCCc2nnn[nH]2)cc1,False
CHEMBL410135,CC(C)(N)C(=O)N[C@H](COCc1ccccc1)c1nnnn1CCNC(=O)CCc1cccc(O)c1,9.193820026016112,495.5840000000003,1.2390999999999996,157.28,0.2757798871013097,O=C(CCc1ccccc1)NCCn1nnnc1CCOCc1ccccc1,False
CHEMBL237699,CC(C)(N)C(=O)N[C@H](COCc1ccccc1)c1nnnn1CCOC(=O)N1CC[C@@H](O)C1,9.0,461.5230000000003,-0.012299999999999034,157.72000000000003,0.4422909841757161,O=C(OCCn1nnnc1CCOCc1ccccc1)N1CCCC1,False
CHEMBL393330,CC(C)(N)C(=O)N[C@H](COCc1ccccc1)c1nnnn1CCOC(=O)NCCCCCO,7.835647144215563,477.5660000000004,0.6733,166.51000000000002,0.26961158813427305,c1ccc(COCCc2nnn[nH]2)cc1,False
CHEMBL398372,CC(C)(N)C(=O)N[C@H](COCc1ccccc1)c1nnnn1CCOC(=O)NCCCCO,8.71897258517181,463.5390000000003,0.2832000000000006,166.51000000000002,0.28778303803088695,c1ccc(COCCc2nnn[nH]2)cc1,False
CHEMBL393329,CC(C)(N)C(=O)N[C@H](COCc1ccccc1)c1nnnn1CCOC(=O)NCCCO,8.259637310505756,449.5120000000003,-0.10689999999999905,166.51000000000002,0.3051457229845174,c1ccc(COCCc2nnn[nH]2)cc1,False
CHEMBL392296,CC(C)(N)C(=O)N[C@H](COCc1ccccc1)c1nnnn1CCOC(=O)NCCCn1ccnc1,7.343901797987169,499.5760000000003,0.7974999999999999,164.10000000000002,0.27207394425483217,O=C(NCCCn1ccnc1)OCCn1nnnc1CCOCc1ccccc1,False
CHEMBL398570,CC(C)(N)C(=O)N[C@H](COCc1ccccc1)c1nnnn1CCOC(=O)NCCO,8.522878745280337,435.48500000000024,-0.4969999999999987,166.51000000000002,0.34361686461561264,c1ccc(COCCc2nnn[nH]2)cc1,False
CHEMBL237916,CC(C)(N)C(=O)N[C@H](COCc1ccccc1)c1nnnn1CCOC(=O)NCCc1cccc(O)c1,8.102372908709558,511.5830000000003,1.459,166.51000000000002,0.26556370492036135,O=C(NCCc1ccccc1)OCCn1nnnc1CCOCc1ccccc1,True
CHEMBL237917,CC(C)(N)C(=O)N[C@H](COCc1ccccc1)c1nnnn1CCOC(=O)NC[C@H]1CCCO1,8.022276394711152,475.55000000000035,0.6897,155.51000000000002,0.4018377461721335,O=C(NCC1CCCO1)OCCn1nnnc1CCOCc1ccccc1,False
CHEMBL409462,CC(C)(N)C(=O)N[C@H](COCc1ccccc1)c1nnnn1CCOc1cccc(C(=O)NCCCCO)c1,8.522878745280337,539.6370000000004,1.3658000000000001,166.51000000000002,0.19659123942559323,c1ccc(COCCc2nnnn2CCOc2ccccc2)cc1,True
CHEMBL411330,CC(C)(N)C(=O)N[C@H](COCc1ccccc1)c1nnnn1CCOc1cccc(C(=O)NCCO)c1,8.075720713938118,511.5830000000003,0.5856000000000003,166.51000000000002,0.24209937552946595,c1ccc(COCCc2nnnn2CCOc2ccccc2)cc1,True
CHEMBL262358,CC(C)(N)C(=O)N[C@H](COCc1ccccc1)c1nnnn1CCOc1ccccc1C(=O)NCCCCO,9.045757490560675,539.6370000000004,1.3658000000000001,166.51000000000002,0.19659123942559323,c1ccc(COCCc2nnnn2CCOc2ccccc2)cc1,True
CHEMBL258550,CC(C)(N)C(=O)N[C@H](COCc1ccccc1)c1nnnn1CCOc1ccccc1C(=O)NCCO,7.958607314841775,511.5830000000003,0.5856000000000003,166.51000000000002,0.24209937552946595,c1ccc(COCCc2nnnn2CCOc2ccccc2)cc1,True
CHEMBL392077,CC(C)(N)C(=O)N[C@H](COCc1ccccc1)c1nnnn1CCc1cc2ccccc2n1S(C)(=O)=O,8.397940008672037,525.6350000000002,1.7895999999999987,147.02,0.3012369386874847,c1ccc(COCCc2nnnn2CCc2cc3ccccc3[nH]2)cc1,True
CHEMBL237507,CC(C)(N)C(=O)N[C@H](COCc1ccccc1)c1nnnn1CCc1ccccc1NS(C)(=O)=O,7.173925197299173,501.6130000000002,1.3987000000000005,154.12,0.3364326756870468,c1ccc(CCn2nnnc2CCOCc2ccccc2)cc1,True
CHEMBL237925,CC(C)(N)C(=O)N[C@H](COCc1ccccc1)c1nnnn1CCc1nnn[nH]1,6.459670525209127,400.4470000000001,-0.4596999999999995,162.41,0.4084874796195512,c1ccc(COCCc2nnnn2CCc2nnn[nH]2)cc1,False
CHEMBL237059,CC(C)(N)C(=O)N[C@H](COCc1ccccc1)c1nnnn1Cc1ccc(NS(C)(=O)=O)cc1,6.586700235918748,487.5860000000002,1.2043,154.12,0.36452974240856917,c1ccc(COCCc2nnnn2Cc2ccccc2)cc1,False
CHEMBL392522,CC(C)(N)C(=O)N[C@H](COCc1ccccc1)c1nnnn1Cc1cccc(NS(C)(=O)=O)c1,6.935542010773082,487.5860000000002,1.2043,154.12,0.36452974240856917,c1ccc(COCCc2nnnn2Cc2ccccc2)cc1,False
CHEMBL391428,CC(C)(N)C(=O)N[C@H](COCc1ccccc1)c1nnnn1Cc1ccccc1,7.00436480540245,394.4790000000001,1.8327999999999989,107.95000000000002,0.5732486439509943,c1ccc(COCCc2nnnn2Cc2ccccc2)cc1,False
CHEMBL236858,CC(C)(N)C(=O)N[C@H](COCc1ccccc1)c1nnnn1Cc1ccccc1NS(C)(=O)=O,6.4089353929735005,487.5860000000002,1.2043,154.12,0.36452974240856917,c1ccc(COCCc2nnnn2Cc2ccccc2)cc1,False
CHEMBL272085,CC(C)(N)C(=O)N[C@H](COCc1ccccc1)c1nnnn1[C@@H](CC#N)COc1ccccc1,7.721246399047171,463.5420000000002,2.318279999999999,140.97,0.4168114204347137,c1ccc(COCCc2nnnn2CCOc2ccccc2)cc1,False
CHEMBL410060,CC(C)(N)C(=O)N[C@H](COCc1ccccc1)c1nnnn1[C@@H](CC#N)COc1ccccc1O,7.638272163982407,479.5410000000002,2.0238799999999997,161.2,0.35275117902778946,c1ccc(COCCc2nnnn2CCOc2ccccc2)cc1,False
CHEMBL270876,CC(C)(N)C(=O)N[C@H](COCc1ccccc1)c1nnnn1[C@@H](CC#N)COc1ccccn1,7.721246399047171,464.5300000000002,1.713279999999999,153.86,0.4074960083254867,c1ccc(COCCc2nnnn2CCOc2ccccn2)cc1,False
CHEMBL404545,CC(C)(N)C(=O)N[C@H](COCc1ccccc1)c1nnnn1[C@H](CC#N)COc1ccccc1,9.397940008672037,463.5420000000002,2.318279999999999,140.97,0.4168114204347137,c1ccc(COCCc2nnnn2CCOc2ccccc2)cc1,False
CHEMBL270666,CC(C)(N)C(=O)N[C@H](COCc1ccccc1)c1nnnn1[C@H](CC#N)COc1ccccc1O,9.522878745280337,479.5410000000002,2.0238799999999997,161.2,0.35275117902778946,c1ccc(COCCc2nnnn2CCOc2ccccc2)cc1,False
CHEMBL271876,CC(C)(N)C(=O)N[C@H](COCc1ccccc1)c1nnnn1[C@H](CC#N)COc1ccccn1,9.397940008672037,464.5300000000002,1.713279999999999,153.86,0.4074960083254867,c1ccc(COCCc2nnnn2CCOc2ccccn2)cc1,False
CHEMBL539929,CC(C)(N)C(=O)N[C@H](COCc1ccccc1-c1ccccc1)c1nnnn1CCOC(=O)NCCCCO,9.468521082957745,539.6370000000003,1.9502000000000002,166.51000000000002,0.21109993939345778,c1ccc(-c2ccccc2COCCc2nnn[nH]2)cc1,True
CHEMBL404355,CC(C)(N)C(=O)N[C@H](COCc1ccccc1-c1cccnc1)c1nnnn1CCOC(=O)NCCCCO,8.928117992693874,540.6250000000003,1.3452000000000004,179.39999999999998,0.2055255379944171,c1cncc(-c2ccccc2COCCc2nnn[nH]2)c1,True
CHEMBL254363,CC(C)(N)C(=O)N[C@H](COCc1ccccc1C#N)c1nnnn1CCOC(=O)NCCCCO,8.899629454882437,488.5490000000003,0.1548800000000004,190.29999999999998,0.2662827838251058,c1ccc(COCCc2nnn[nH]2)cc1,False
CHEMBL254973,CC(C)(N)C(=O)N[C@H](COCc1ccccc1C(F)(F)F)c1nnnn1CCOC(=O)NCCCCO,9.142667503568731,531.5360000000003,1.3020000000000003,166.51000000000002,0.26283477101870173,c1ccc(COCCc2nnn[nH]2)cc1,True
CHEMBL428592,CC(C)(N)C(=O)N[C@H](COCc1ccccc1Cl)c1nnnn1CCOC(=O)NCCCCO,9.346787486224656,497.9840000000003,0.9366000000000005,166.51000000000002,0.2774816102633315,c1ccc(COCCc2nnn[nH]2)cc1,False
CHEMBL1161824,CC(C)(N)C(=O)N[C@H](Cc1c[nH]c2ccccc12)C(=O)N1CCC2(CC1)CS(=O)(=O)c1ccccc12,8.678921132642886,508.6440000000004,2.2802000000000007,125.35999999999999,0.48762917742873574,O=C(CCc1c[nH]c2ccccc12)N1CCC2(CC1)CS(=O)(=O)c1ccccc12,False
CHEMBL1161823,CC(C)(N)C(=O)N[C@H](Cc1c[nH]c2ccccc12)C(=O)N1CCC2(CC1)CSc1ccccc12,8.250921944742199,476.64600000000036,3.598600000000002,91.21999999999998,0.5248005624173729,O=C(CCc1c[nH]c2ccccc12)N1CCC2(CC1)CSc1ccccc12,False
CHEMBL1161835,CC(C)(N)C(=O)N[C@H](Cc1c[nH]c2ccccc12)C(=O)N1CCC2(CC1)C[C@@H](O)c1ccccc12,9.22090981113951,474.60500000000036,2.9300000000000015,111.44999999999999,0.4555555070070418,O=C(CCc1c[nH]c2ccccc12)N1CCC2(CCc3ccccc32)CC1,False
CHEMBL2413152,CC(C)(N)C(=O)N[C@H](Cc1c[nH]c2ccccc12)C(=O)N1CCC2(CC1)C[C@H](O)c1ccccc12,9.221848749616356,474.60500000000036,2.9300000000000015,111.44999999999999,0.4555555070070418,O=C(CCc1c[nH]c2ccccc12)N1CCC2(CCc3ccccc32)CC1,False
CHEMBL274599,CC(C)(N)C(=O)N[C@H](Cc1c[nH]c2ccccc12)C(=O)N1CCC2(CCc3ccccc32)CC1,7.851864901236602,458.6060000000004,3.4391000000000025,91.21999999999998,0.5470017606860318,O=C(CCc1c[nH]c2ccccc12)N1CCC2(CCc3ccccc32)CC1,False
CHEMBL375102,CC(C)(N)C(=O)N[C@H](Cc1c[nH]c2ccccc12)c1nnc(CCCc2c[nH]c3ccccc23)n1CCc1c[nH]c2ccccc12,6.853871964321762,612.7820000000004,6.277300000000005,133.2,0.11110835810824608,c1ccc2c(CCCc3nnc(CCc4c[nH]c5ccccc45)n3CCc3c[nH]c4ccccc34)c[nH]c2c1,True
CHEMBL223725,CC(C)(N)C(=O)N[C@H](Cc1c[nH]c2ccccc12)c1nnc(CCCc2c[nH]c3ccccc23)n1CCc1ccccc1,7.823908740944319,573.7450000000005,5.796000000000005,117.41,0.14809796626140057,c1ccc(CCn2c(CCCc3c[nH]c4ccccc34)nnc2CCc2c[nH]c3ccccc23)cc1,True
CHEMBL375162,CC(C)(N)C(=O)N[C@H](Cc1c[nH]c2ccccc12)c1nnc(CCCc2c[nH]c3ccccc23)n1Cc1ccccc1,7.309803919971486,559.7180000000004,5.601600000000005,117.41,0.1652400302386188,c1ccc(Cn2c(CCCc3c[nH]c4ccccc34)nnc2CCc2c[nH]c3ccccc23)cc1,True
CHEMBL374757,CC(C)(N)C(=O)N[C@H](Cc1c[nH]c2ccccc12)c1nnc(CCc2c[nH]c3ccccc23)n1-c1ccccc1,7.3872161432802645,531.6640000000003,5.152400000000004,117.41,0.2063142344027058,c1ccc(-n2c(CCc3c[nH]c4ccccc34)nnc2CCc2c[nH]c3ccccc23)cc1,True
CHEMBL376736,CC(C)(N)C(=O)N[C@H](Cc1c[nH]c2ccccc12)c1nnc(CCc2c[nH]c3ccccc23)n1Cc1ccc(F)cc1,6.6777807052660805,563.6810000000004,5.350600000000004,117.41,0.17973023132940258,c1ccc(Cn2c(CCc3c[nH]c4ccccc34)nnc2CCc2c[nH]c3ccccc23)cc1,True
CHEMBL374073,CC(C)(N)C(=O)N[C@H](Cc1c[nH]c2ccccc12)c1nnc(CCc2c[nH]c3ccccc23)n1Cc1ccccc1,7.1938200260161125,545.6910000000004,5.211500000000004,117.41,0.18898238535431006,c1ccc(Cn2c(CCc3c[nH]c4ccccc34)nnc2CCc2c[nH]c3ccccc23)cc1,True
CHEMBL266199,CC(C)(N)C(=O)N[C@H](Cc1c[nH]c2ccccc12)c1nnc(CCc2ccccc2)n1Cc1ccco1,7.638272163982407,496.6150000000003,4.3232000000000035,114.76,0.2663392333894911,c1ccc(CCc2nnc(CCc3c[nH]c4ccccc34)n2Cc2ccco2)cc1,False
CHEMBL3970499,CC(C)C[C@@H]1NCCOc2ccccc2/C=C\CNC(=O)[C@H](CC(C)C)NC(=O)C2(CCCC2)NC1=O,9.0,512.6950000000004,3.172600000000001,108.56,0.49565218877223394,O=C1CNC(=O)C2(CCCC2)NC(=O)CNCCOc2ccccc2C=CCN1,False
CHEMBL3922810,CC(C)C[C@@H]1NCCOc2ccccc2/C=C\CNC(=O)[C@H](Cc2ccc(Cl)cc2)NC(=O)C2(CCCC2)NC1=O,9.0,581.1570000000002,4.022600000000002,108.56,0.43677099164714694,O=C1CNCCOc2ccccc2C=CCNC(=O)C(Cc2ccccc2)NC(=O)C2(CCCC2)N1,False
CHEMBL3913052,CC(C)C[C@@H]1NCCOc2ccccc2/C=C\CNC(=O)[C@H](Cc2ccc(F)cc2)NC(=O)C2(CCCC2)NC1=O,9.0,564.7020000000002,3.508300000000001,108.56,0.4547574679033867,O=C1CNCCOc2ccccc2C=CCNC(=O)C(Cc2ccccc2)NC(=O)C2(CCCC2)N1,False
CHEMBL3918046,CC(C)C[C@@H]1NCCOc2ccccc2/C=C\CNC(=O)[C@H](Cc2cccc(Cl)c2)NC(=O)C2(CCCC2)NC1=O,9.0,581.1570000000002,4.022600000000002,108.56,0.43677099164714694,O=C1CNCCOc2ccccc2C=CCNC(=O)C(Cc2ccccc2)NC(=O)C2(CCCC2)N1,False
CHEMBL3927481,CC(C)C[C@@H]1NCCOc2ccccc2/C=C\CNC(=O)[C@H](Cc2ccccc2)NC(=O)C2(CCCC2)NC1=O,9.0,546.7120000000003,3.369200000000001,108.56,0.4704239991806147,O=C1CNCCOc2ccccc2C=CCNC(=O)C(Cc2ccccc2)NC(=O)C2(CCCC2)N1,False
CHEMBL3915269,CC(C)C[C@@H]1NCCOc2ccccc2/C=C\CNC(=O)[C@H](Cc2ccccc2Cl)NC(=O)C2(CCCC2)NC1=O,9.0,581.1570000000002,4.022600000000002,108.56,0.43677099164714694,O=C1CNCCOc2ccccc2C=CCNC(=O)C(Cc2ccccc2)NC(=O)C2(CCCC2)N1,False
CHEMBL3890296,CC(C)C[C@@H]1NCCOc2ccccc2CCCNC(=O)[C@@H](Cc2ccccc2)NC(=O)C2(CCCC2)NC1=O,7.0,548.7280000000003,3.2886000000000006,108.56,0.46908885000688216,O=C1CNCCOc2ccccc2CCCNC(=O)C(Cc2ccccc2)NC(=O)C2(CCCC2)N1,False
CHEMBL3937924,CC(C)C[C@@H]1NCCOc2ccccc2CCCNC(=O)[C@H](Cc2ccccc2)NC(=O)C2(CC2)NC1=O,7.0,520.6740000000002,2.5084,108.56,0.495565156858657,O=C1CNCCOc2ccccc2CCCNC(=O)C(Cc2ccccc2)NC(=O)C2(CC2)N1,False
CHEMBL3940653,CC(C)C[C@@H]1NCCOc2ccccc2CCCNC(=O)[C@H](Cc2ccccc2)NC(=O)C2(CCCC2)NC1=O,7.0,548.7280000000003,3.2886000000000006,108.56,0.46908885000688216,O=C1CNCCOc2ccccc2CCCNC(=O)C(Cc2ccccc2)NC(=O)C2(CCCC2)N1,False
CHEMBL439560,CC(C)C[C@H](N)c1cc(C(F)(F)F)ccc1N1CCN(C(=O)[C@@H](Cc2ccc(Cl)cc2)N2CCCC2=O)CC1,5.3872161432802645,565.0800000000003,5.287000000000005,69.88,0.4731209414543865,O=C(C(Cc1ccccc1)N1CCCC1=O)N1CCN(c2ccccc2)CC1,False
CHEMBL266647,CC(C)C[C@H](NC(=O)CCN(C)C)c1cc(Cl)ccc1N1CCN(C(=O)[C@H](C)Cc2ccc(Cl)cc2)CC1,6.142667503568731,561.5980000000002,5.675900000000006,55.89000000000001,0.383999940788297,O=C(CCc1ccccc1)N1CCN(c2ccccc2)CC1,True
CHEMBL3578006,CC(C)C[C@H](NC(=O)[C@@H](Cc1c[nH]c2ccccc12)NC(=O)[C@H](Cc1ccccc1)NC(=O)[C@H](Cc1cccc2ccccc12)NC(=O)[C@@H](N)CCCCN)C(=O)N[C@@H](CC(N)=O)C(=O)O,6.7115353326902065,904.0819999999997,2.235400000000006,293.72,0.03813063819491433,O=C(CCc1cccc2ccccc12)NC(Cc1ccccc1)C(=O)NCCc1c[nH]c2ccccc12,True
CHEMBL3578005,CC(C)C[C@H](NC(=O)[C@@H](Cc1c[nH]c2ccccc12)NC(=O)[C@H](Cc1ccccc1)NC(=O)[C@H](Cc1cccc2ccccc12)NC(=O)[C@@H](N)CCCCN)C(=O)N[C@@H](CC(N)=O)C(N)=O,8.21090969518611,903.0979999999995,1.636100000000007,299.51,0.03805276967889495,O=C(CCc1cccc2ccccc12)NC(Cc1ccccc1)C(=O)NCCc1c[nH]c2ccccc12,True
CHEMBL3578007,CC(C)C[C@H](NC(=O)[C@@H](Cc1c[nH]c2ccccc12)NC(=O)[C@H](Cc1ccccc1)NC(=O)[C@H](Cc1cccc2ccccc12)NC(=O)[C@@H](N)CCCCN)C(=O)N[C@@H](CCC(N)=O)C(=O)O,7.17681676431303,918.1089999999996,2.6255000000000055,293.72,0.03619928134275692,O=C(CCc1cccc2ccccc12)NC(Cc1ccccc1)C(=O)NCCc1c[nH]c2ccccc12,True
CHEMBL2170775,CC(C)C[C@H](NC(=O)[C@H](CC(C)C)NC(=O)[C@@H](Cc1c[nH]c2ccccc12)NC(=O)[C@@H](Cc1ccccc1)NC(=O)[C@@H](Cc1cccc2ccccc12)NC(=O)[C@@H](N)CCCCN)C(N)=O,6.9222688203476075,902.1539999999994,3.806800000000007,256.42,0.038867195654003484,O=C(CCc1cccc2ccccc12)NC(Cc1ccccc1)C(=O)NCCc1c[nH]c2ccccc12,True
CHEMBL2170702,CC(C)C[C@H](NC(=O)[C@H](CC(C)C)NC(=O)[C@@H](Cc1c[nH]c2ccccc12)NC(=O)[C@H](CC1CCCCC1)NC(=O)[C@@H](Cc1cccc2ccccc12)NC(=O)[C@@H](N)CCCCN)C(N)=O,7.014124642691606,908.2019999999995,4.534500000000007,256.42,0.042614034734991216,O=C(CCc1cccc2ccccc12)NC(CC1CCCCC1)C(=O)NCCc1c[nH]c2ccccc12,True
CHEMBL2170776,CC(C)C[C@H](NC(=O)[C@H](CC(C)C)NC(=O)[C@@H](Cc1c[nH]c2ccccc12)NC(=O)[C@H](Cc1ccc(C(C)(C)C)cc1)NC(=O)[C@@H](Cc1cccc2ccccc12)NC(=O)[C@@H](N)CCCCN)C(N)=O,6.90622821850127,958.2619999999994,5.1043000000000065,256.42,0.03549199209910118,O=C(CCc1cccc2ccccc12)NC(Cc1ccccc1)C(=O)NCCc1c[nH]c2ccccc12,True
CHEMBL506986,CC(C)C[C@H](NC(=O)[C@H](CC(C)C)NC(=O)[C@@H](Cc1c[nH]c2ccccc12)NC(=O)[C@H](Cc1ccccc1)NC(=O)[C@@H](Cc1c[nH]c2ccccc12)NC(=O)[C@@H](N)CCCCN)C(N)=O,7.0,891.1309999999994,3.1349000000000062,272.21000000000004,0.03882206826351949,O=C(CCc1c[nH]c2ccccc12)NC(Cc1ccccc1)C(=O)NCCc1c[nH]c2ccccc12,True
CHEMBL501261,CC(C)C[C@H](NC(=O)[C@H](CC(C)C)NC(=O)[C@@H](Cc1c[nH]c2ccccc12)NC(=O)[C@H](Cc1ccccc1)NC(=O)[C@@H](Cc1c[nH]c2ccccc12)NC(=O)[C@H](CCC(N)=O)NC(=O)[C@@H](Cc1ccccc1)NC(=O)[C@@H]1CCCN1C(=O)[C@H](CCCCN)NC(=O)[C@@H]1CCCN1C(=O)[C@H](N)CCCNC(=N)N)C(N)=O,7.005682847330363,1516.8620000000012,1.3427699999999836,505.11999999999983,0.014607120960704439,O=C(CNC(=O)C(Cc1ccccc1)NC(=O)C1CCCN1C(=O)CNC(=O)C1CCCN1)NC(Cc1c[nH]c2ccccc12)C(=O)NC(Cc1ccccc1)C(=O)NCCc1c[nH]c2ccccc12,True
CHEMBL2170698,CC(C)C[C@H](NC(=O)[C@H](CC(C)C)NC(=O)[C@@H](Cc1c[nH]c2ccccc12)NC(=O)[C@H](Cc1ccccc1)NC(=O)[C@@H](Cc1ccc(-c2ccccc2)cc1)NC(=O)[C@@H](N)CCCCN)C(N)=O,6.735890843694191,928.1919999999994,4.320600000000006,256.42,0.036035592216763467,O=C(CCc1ccc(-c2ccccc2)cc1)NC(Cc1ccccc1)C(=O)NCCc1c[nH]c2ccccc12,True
CHEMBL2170697,CC(C)C[C@H](NC(=O)[C@H](CC(C)C)NC(=O)[C@@H](Cc1c[nH]c2ccccc12)NC(=O)[C@H](Cc1ccccc1)NC(=O)[C@@H](Cc1ccc(C(=O)c2ccccc2)cc1)NC(=O)[C@@H](N)CCCCN)C(N)=O,6.773142429711276,956.2019999999994,3.884600000000007,273.49,0.027264617109217057,O=C(CCc1ccc(C(=O)c2ccccc2)cc1)NC(Cc1ccccc1)C(=O)NCCc1c[nH]c2ccccc12,True
CHEMBL2170700,CC(C)C[C@H](NC(=O)[C@H](CC(C)C)NC(=O)[C@@H](Cc1c[nH]c2ccccc12)NC(=O)[C@H](Cc1ccccc1)NC(=O)[C@@H](Cc1ccc(C(C)(C)C)cc1)NC(=O)[C@@H](N)CCCCN)C(N)=O,6.20453710560962,908.2019999999993,3.9511000000000083,256.42,0.043933438042040016,O=C(CCc1ccccc1)NC(Cc1ccccc1)C(=O)NCCc1c[nH]c2ccccc12,True
CHEMBL2170784,CC(C)C[C@H](NC(=O)[C@H](CC(C)C)NC(=O)[C@@H](Cc1c[nH]c2ccccc12)NC(=O)[C@H](Cc1ccccc1)NC(=O)[C@@H](Cc1ccc2ccccc2c1)NC(=O)[C@@H](N)CCCCN)C(N)=O,6.792365632611038,902.1539999999994,3.806800000000007,256.42,0.038867195654003484,O=C(CCc1ccc2ccccc2c1)NC(Cc1ccccc1)C(=O)NCCc1c[nH]c2ccccc12,True
CHEMBL2170781,CC(C)C[C@H](NC(=O)[C@H](CC(C)C)NC(=O)[C@@H](Cc1c[nH]c2ccccc12)NC(=O)[C@H](Cc1ccccc1)NC(=O)[C@@H](Cc1cccc2ccccc12)NC(=O)[C@@H](N)CCCCN)C(N)=O,8.201152407037243,902.1539999999994,3.806800000000007,256.42,0.038867195654003484,O=C(CCc1cccc2ccccc12)NC(Cc1ccccc1)C(=O)NCCc1c[nH]c2ccccc12,True
CHEMBL2170699,CC(C)C[C@H](NC(=O)[C@H](CC(C)C)NC(=O)[C@@H](Cc1c[nH]c2ccccc12)NC(=O)[C@H](Cc1ccccc1)NC(=O)[C@@H](Cc1ccccc1)NC(=O)[C@@H](N)CCCCN)C(N)=O,6.618163200001657,852.0939999999995,2.6536000000000066,256.42,0.0447257012575823,O=C(CCc1ccccc1)NC(Cc1ccccc1)C(=O)NCCc1c[nH]c2ccccc12,True
CHEMBL2170782,CC(C)C[C@H](NC(=O)[C@H](CC(C)C)NC(=O)[C@@H](Cc1c[nH]c2ccccc12)NC(=O)[C@H](Cc1ccccc1)NC(=O)[C@@H](Cc1csc2ccccc12)NC(=O)[C@@H](N)CCCCN)C(N)=O,8.244125144327509,908.1829999999994,3.868300000000006,256.42,0.03879212225054219,O=C(CCc1csc2ccccc12)NC(Cc1ccccc1)C(=O)NCCc1c[nH]c2ccccc12,True
CHEMBL3578008,CC(C)C[C@H](NC(=O)[C@H](CC(C)C)NC(=O)[C@@H](Cc1c[nH]c2ccccc12)NC(=O)[C@H](Cc1ccccc1)NC(=O)[C@H](Cc1cccc2ccccc12)NC(=O)[C@H](CCCCN)NC(=O)CCC(=O)O)C(N)=O,7.5188200682524275,1002.2269999999994,3.8291000000000084,296.79999999999995,0.030905487684114576,O=C(CCc1cccc2ccccc12)NC(Cc1ccccc1)C(=O)NCCc1c[nH]c2ccccc12,True
CHEMBL3578009,CC(C)C[C@H](NC(=O)[C@H](CC(C)C)NC(=O)[C@@H](Cc1c[nH]c2ccccc12)NC(=O)[C@H](Cc1ccccc1)NC(=O)[C@H](Cc1cccc2ccccc12)NC(=O)[C@H](CCCCN)NC(=O)[C@H](CCCCN)NC(=O)CCC(=O)O)C(N)=O,7.210187074749021,1130.4019999999996,3.4429000000000114,351.92,0.025979640310074582,O=C(CCc1cccc2ccccc12)NC(Cc1ccccc1)C(=O)NCCc1c[nH]c2ccccc12,True
CHEMBL2170783,CC(C)C[C@H](NC(=O)[C@H](CC(C)C)NC(=O)[C@@H](Cc1c[nH]c2ccccc12)NC(=O)[C@H](Cc1ccccc1)NC(=O)[C@H](NC(=O)[C@@H](N)CCCCN)C(c1ccccc1)c1ccccc1)C(N)=O,7.882728704344236,928.1919999999996,4.243000000000007,256.42,0.03618764690032387,O=C(CC(c1ccccc1)c1ccccc1)NC(Cc1ccccc1)C(=O)NCCc1c[nH]c2ccccc12,True
CHEMBL2170779,CC(C)C[C@H](NC(=O)[C@H](CC(C)C)NC(=O)[C@@H](Cc1ccc2ccccc2c1)NC(=O)[C@H](Cc1ccccc1)NC(=O)[C@@H](Cc1c[nH]c2ccccc12)NC(=O)[C@@H](N)CCCCN)C(N)=O,8.021148479225584,902.1539999999994,3.8068000000000053,256.42,0.038867195654003484,O=C(CCc1c[nH]c2ccccc12)NC(Cc1ccccc1)C(=O)NCCc1ccc2ccccc2c1,True
CHEMBL2170780,CC(C)C[C@H](NC(=O)[C@H](CC(C)C)NC(=O)[C@@H](Cc1cccc2ccccc12)NC(=O)[C@H](Cc1ccccc1)NC(=O)[C@@H](Cc1c[nH]c2ccccc12)NC(=O)[C@@H](N)CCCCN)C(N)=O,7.747146969020107,902.1539999999994,3.8068000000000053,256.42,0.038867195654003484,O=C(CCc1c[nH]c2ccccc12)NC(Cc1ccccc1)C(=O)NCCc1cccc2ccccc12,True
CHEMBL2170695,CC(C)C[C@H](NC(=O)[C@H](CC(C)C)NC(=O)[C@@H](Cc1csc2ccccc12)NC(=O)[C@H](Cc1ccccc1)NC(=O)[C@@H](Cc1cccc2ccccc12)NC(=O)[C@@H](N)CCCCN)C(N)=O,8.67778070526608,919.2059999999994,4.540200000000004,240.63000000000002,0.03860275746773138,O=C(CCc1cccc2ccccc12)NC(Cc1ccccc1)C(=O)NCCc1csc2ccccc12,True
CHEMBL2170696,CC(C)C[C@H](NC(=O)[C@H](CC(C)C)NC(=O)[C@@H](Cc1csc2ccccc12)NC(=O)[C@H](Cc1ccccc1)NC(=O)[C@@H](Cc1csc2ccccc12)NC(=O)[C@@H](N)CCCCN)C(N)=O,8.0268721464003,925.2349999999994,4.601700000000004,240.63000000000002,0.03841728726120843,O=C(CCc1csc2ccccc12)NC(Cc1ccccc1)C(=O)NCCc1csc2ccccc12,True
CHEMBL393576,CC(C)C[C@H](NCCN)c1cccc(F)c1N1CCN(C(=O)[C@@H](Cc2ccc(Cl)cc2Cl)N2CCCC2=O)CC1,7.102372908709558,592.5870000000001,4.650300000000004,81.91,0.3973188371992264,O=C(C(Cc1ccccc1)N1CCCC1=O)N1CCN(c2ccccc2)CC1,True
CHEMBL360891,CC(C)N(C)CCNC(=O)C1c2ccc(OCc3ccccc3)cc2CCN1C(=O)OC(C)(C)C,7.3872161432802645,481.6370000000003,4.556300000000005,71.11000000000001,0.598729252415249,c1ccc(COc2ccc3c(c2)CCNC3)cc1,False
CHEMBL178216,CC(C)N(CCNC(=O)C1c2ccc(OCc3ccccc3)cc2CCN1C(=O)C(CO)c1ccccc1)C(C)C,8.2518119729938,557.7350000000002,4.702500000000004,82.11000000000001,0.33740539622291216,O=C(Cc1ccccc1)N1CCc2cc(OCc3ccccc3)ccc2C1,True
CHEMBL181156,CC(C)N(CCNC(=O)C1c2ccc(OCc3ccccc3)cc2CCN1C(=O)C(O)c1ccccc1)C(C)C,7.4089353929735005,543.7080000000002,4.660000000000005,82.11000000000001,0.3677299143380904,O=C(Cc1ccccc1)N1CCc2cc(OCc3ccccc3)ccc2C1,True
CHEMBL362798,CC(C)N(CCNC(=O)C1c2ccc(OCc3ccccc3)cc2CCN1C(=O)CC(C)(C)C)C(C)C,7.679853713888946,507.7190000000004,5.362600000000006,61.88000000000001,0.47015156192275065,c1ccc(COc2ccc3c(c2)CCNC3)cc1,True
CHEMBL181627,CC(C)N(CCNC(=O)C1c2ccc(OCc3ccccc3)cc2CCN1C(=O)CCCc1ccccc1)C(C)C,7.882728704344236,555.7630000000004,5.949300000000007,61.88000000000001,0.2832182688686653,O=C(CCCc1ccccc1)N1CCc2cc(OCc3ccccc3)ccc2C1,True
CHEMBL366916,CC(C)N(CCNC(=O)C1c2ccc(OCc3ccccc3)cc2CCN1C(=O)CCc1ccccc1)C(C)C,7.573488738635425,541.7360000000003,5.559200000000006,61.88000000000001,0.32622764262025616,O=C(CCc1ccccc1)N1CCc2cc(OCc3ccccc3)ccc2C1,True
CHEMBL180992,CC(C)N(CCNC(=O)C1c2ccc(OCc3ccccc3)cc2CCN1C(=O)Cc1ccccc1)C(C)C,8.045757490560675,527.7090000000003,5.169100000000006,61.88000000000001,0.37384423773684317,O=C(Cc1ccccc1)N1CCc2cc(OCc3ccccc3)ccc2C1,True
CHEMBL360247,CC(C)N(CCNC(=O)C1c2ccc(OCc3ccccc3)cc2CCN1C(=O)Cc1ccccc1F)C(C)C,7.366531544420414,545.6990000000003,5.308200000000006,61.88000000000001,0.35494052759404043,O=C(Cc1ccccc1)N1CCc2cc(OCc3ccccc3)ccc2C1,True
CHEMBL182136,CC(C)N(CCNC(=O)C1c2ccc(OCc3ccccc3)cc2CCN1C(=O)N(C)C)C(C)C,6.721246399047171,480.6530000000003,4.081400000000003,65.12,0.5874223086624654,c1ccc(COc2ccc3c(c2)CCNC3)cc1,False
CHEMBL181247,CC(C)N(CCNC(=O)C1c2ccc(OCc3ccccc3)cc2CCN1C(=O)NC(C)(C)C)C(C)C,7.84163750790475,508.70700000000033,4.907900000000004,73.91000000000001,0.5049385248402316,c1ccc(COc2ccc3c(c2)CCNC3)cc1,True
CHEMBL180591,CC(C)N(CCNC(=O)C1c2ccc(OCc3ccccc3)cc2CCN1C(=O)OC(C)(C)C#N)C(C)C,8.008773924307505,520.6740000000003,4.838580000000005,94.9,0.4818285124880788,c1ccc(COc2ccc3c(c2)CCNC3)cc1,True
CHEMBL179785,CC(C)N(CCNC(=O)C1c2ccc(OCc3ccccc3)cc2CCN1C(=O)OC(C)(C)C(=O)N(C)C)C(C)C,9.070581074285707,566.7430000000003,4.4032000000000036,91.42,0.43360477668108466,c1ccc(COc2ccc3c(c2)CCNC3)cc1,True
CHEMBL181092,CC(C)N(CCNC(=O)C1c2ccc(OCc3ccccc3)cc2CCN1C(=O)OC(C)(C)C)C(C)C,7.931814138253838,509.6910000000004,5.3349000000000055,71.11000000000001,0.49444989632412517,c1ccc(COc2ccc3c(c2)CCNC3)cc1,True
CHEMBL181735,CC(C)N(CCNC(=O)C1c2ccc(OCc3ccccc3)cc2CCN1C(=O)OC1CCCCC1)C(C)C,8.309803919971486,535.7290000000004,5.869100000000007,71.11000000000001,0.41210912512444775,O=C(OC1CCCCC1)N1CCc2cc(OCc3ccccc3)ccc2C1,True
CHEMBL180337,CC(C)N(CCNC(=O)C1c2ccc(OCc3ccccc3)cc2CCN1C(=O)OCc1ccccc1)C(C)C,7.568636235841012,543.7080000000003,5.736600000000006,71.11000000000001,0.33418707184351987,O=C(OCc1ccccc1)N1CCc2cc(OCc3ccccc3)ccc2C1,True
CHEMBL181123,CC(C)N(CCNC(=O)C1c2ccc(OCc3ccccc3)cc2CCN1C(=O)S(=O)(=O)Cc1ccccc1)C(C)C,8.136677139879545,591.7740000000003,5.134800000000006,96.02000000000001,0.33208033613328997,O=C(N1CCc2cc(OCc3ccccc3)ccc2C1)S(=O)(=O)Cc1ccccc1,True
CHEMBL181337,CC(C)N(CCNC(=O)C1c2ccc(OCc3ccccc3)cc2CCN1C(=O)S(=O)(=O)N(C)C)C(C)C,7.6777807052660805,544.7180000000003,3.411200000000002,99.26,0.4922744599279907,c1ccc(COc2ccc3c(c2)CCNC3)cc1,True
CHEMBL181352,CC(C)N(CCNC(=O)C1c2ccc(OCc3ccccc3)cc2CCN1C(=O)S(=O)(=O)c1ccccc1)C(C)C,7.6777807052660805,577.7470000000003,4.993700000000005,96.02000000000001,0.36471331663487033,O=C(N1CCc2cc(OCc3ccccc3)ccc2C1)S(=O)(=O)c1ccccc1,True
CHEMBL180540,CC(C)N(CCNC(=O)C1c2ccc(OCc3ccccc3)cc2CCN1C(=O)c1ccccc1)C(C)C,8.119186407719209,513.6820000000002,5.240200000000006,61.88000000000001,0.40280667119026686,O=C(c1ccccc1)N1CCc2cc(OCc3ccccc3)ccc2C1,True
CHEMBL361612,CC(C)N(CCNC(=O)C1c2ccc(OCc3ccccc3)cc2CCN1C(=O)c1ccccc1F)C(C)C,7.7495799976911055,531.6720000000003,5.379300000000006,61.88000000000001,0.38171727094522806,O=C(c1ccccc1)N1CCc2cc(OCc3ccccc3)ccc2C1,True
CHEMBL181786,CC(C)N(CCNC(=O)C1c2ccc(Oc3ccc(C(F)(F)F)cc3)cc2CCN1C(=O)OC(C)(C)C)C(C)C,8.638272163982407,563.6610000000003,6.567000000000006,71.11000000000001,0.3936404888120796,c1ccc(Oc2ccc3c(c2)CCNC3)cc1,False
CHEMBL180246,CC(C)N(CCNC(=O)C1c2ccc(Oc3ccc(C=O)cc3)cc2CCN1C(=O)OC(C)(C)C)C(C)C,8.853871964321762,523.6740000000004,5.360700000000006,88.18000000000002,0.44534484852156586,c1ccc(Oc2ccc3c(c2)CCNC3)cc1,True
CHEMBL178900,CC(C)N(CCNC(=O)C1c2ccc(Oc3ccc(Cl)cc3)cc2CCN1C(=O)OC(C)(C)C)C(C)C,9.136677139879545,530.1090000000004,6.201600000000007,71.11000000000001,0.440450131965659,c1ccc(Oc2ccc3c(c2)CCNC3)cc1,False
CHEMBL181063,CC(C)N(CCNC(=O)C1c2ccc(Oc3cccc(C(F)(F)F)c3)cc2CCN1C(=O)OC(C)(C)C)C(C)C,8.823908740944319,563.6610000000003,6.567000000000006,71.11000000000001,0.3936404888120796,c1ccc(Oc2ccc3c(c2)CCNC3)cc1,False
CHEMBL182050,CC(C)N(CCNC(=O)C1c2ccc(Oc3cccc(F)c3)cc2CCN1C(=O)OC(C)(C)C)C(C)C,8.366531544420413,513.6540000000003,5.687300000000006,71.11000000000001,0.4912812053064317,c1ccc(Oc2ccc3c(c2)CCNC3)cc1,False
CHEMBL369329,CC(C)N(CCNC(=O)C1c2ccc(Oc3cccc([N+](=O)[O-])c3)cc2CCN1C(=O)OC(C)(C)C)C(C)C,9.18045606445813,540.6610000000004,5.456400000000006,114.25000000000001,0.33192706465928,c1ccc(Oc2ccc3c(c2)CCNC3)cc1,True
CHEMBL180094,CC(C)N(CCNC(=O)C1c2ccc(Oc3ccccc3)cc2CCN1C(=O)OC(C)(C)C)C(C)C,9.323523044144956,495.6640000000004,5.548200000000006,71.11000000000001,0.5200493858135412,c1ccc(Oc2ccc3c(c2)CCNC3)cc1,False
CHEMBL178502,CC(C)NCCNC(=O)C1c2ccc(OCc3ccccc3)cc2CCN1C(=O)OC(C)(C)C,6.6595558851598815,467.6100000000003,4.214100000000004,79.9,0.5686600162200265,c1ccc(COc2ccc3c(c2)CCNC3)cc1,False
CHEMBL263916,CC(C)Oc1ccc(N2C[C@@H](C)N[C@@H](C)C2)cc1NS(=O)(=O)c1ccc(-c2ccccn2)s1,7.0,486.6630000000001,4.584700000000003,83.56,0.5084678453293627,O=S(=O)(Nc1cccc(N2CCNCC2)c1)c1ccc(-c2ccccn2)s1,False
CHEMBL2364388,CC(C)Oc1ccc(N2C[C@@H](C)N[C@@H](C)C2)cc1NS(=O)(=O)c1ccc(-c2cccs2)cc1,7.79997073344623,485.6750000000001,5.189700000000005,70.67,0.48196906071247503,O=S(=O)(Nc1cccc(N2CCNCC2)c1)c1ccc(-c2cccs2)cc1,False
CHEMBL1078208,CC(C)Oc1ccc(S(=O)(=O)Nc2ccc3c(c2)CCN(Cc2cc[nH]n2)CC3)cc1,6.799998134593398,440.56900000000024,3.5985000000000023,87.32000000000001,0.5862004199362374,O=S(=O)(Nc1ccc2c(c1)CCN(Cc1cc[nH]n1)CC2)c1ccccc1,False
CHEMBL432461,CC(C)S(=O)(=O)Nc1ccccc1N1CCN(C(=O)[C@@H](CCCc2ccccc2)NC(=O)C(C)(C)N)CC1,8.551450489942221,543.7340000000002,2.7303000000000015,124.83999999999999,0.4003309136966795,O=C(CCCCc1ccccc1)N1CCN(c2ccccc2)CC1,True
CHEMBL3913335,CC(C)[C@@H]1NCCOc2ccccc2/C=C\CNC(=O)[C@H](Cc2ccccc2)NC(=O)C2(CCOC2)NC1=O,9.0,534.6570000000004,1.8254000000000006,117.79000000000002,0.4774274978202535,O=C1CNCCOc2ccccc2C=CCNC(=O)C(Cc2ccccc2)NC(=O)C2(CCOC2)N1,False
CHEMBL3910661,CC(C)[C@@H]1NCCOc2ccccc2/C=C\CNC(=O)[C@H](Cc2ccccc2)NC(=O)C2(CCOCC2)NC1=O,7.0,548.6840000000004,2.2155000000000005,117.79000000000002,0.46742024312040303,O=C1CNCCOc2ccccc2C=CCNC(=O)C(Cc2ccccc2)NC(=O)C2(CCOCC2)N1,False
CHEMBL3934561,CC(C)[C@@H]1NCCOc2ccccc2CCCNC(=O)[C@@H](Cc2ccccc2)NC(=O)CN(C)C1=O,6.872895201635192,494.63600000000025,1.9279000000000013,99.77000000000001,0.6056537089185159,O=C1CNCCOc2ccccc2CCCNC(=O)C(Cc2ccccc2)NC(=O)CN1,False
CHEMBL3905987,CC(C)[C@@H]1NCCOc2ccccc2CCCNC(=O)[C@H](Cc2ccccc2)NC(=O)C2(CCCC2)NC1=O,7.0,534.7010000000004,2.8985000000000003,108.56,0.48442352079171874,O=C1CNCCOc2ccccc2CCCNC(=O)C(Cc2ccccc2)NC(=O)C2(CCCC2)N1,False
CHEMBL489403,CC(Oc1cccc(Cl)c1)C(=O)N(C[C@H]1CCCN1)c1ccc(Cl)cc1,6.920818753952375,393.3140000000001,4.545900000000003,41.57,0.7833294121786906,O=C(COc1ccccc1)N(CC1CCCN1)c1ccccc1,False
CHEMBL522426,CC(Oc1cccc(Cl)c1)C(=O)N(C[C@H]1CCCN1)c1cccc(Cl)c1,7.3979400086720375,393.3140000000001,4.545900000000003,41.57,0.7833294121786906,O=C(COc1ccccc1)N(CC1CCCN1)c1ccccc1,False
CHEMBL528332,CC(Oc1cccc(Cl)c1)C(=O)N(C[C@H]1CCCN1)c1ccccc1,6.920818753952375,358.869,3.8925000000000027,41.57,0.85125493629742,O=C(COc1ccccc1)N(CC1CCCN1)c1ccccc1,False
CHEMBL489402,CC(Oc1cccc(Cl)c1)C(=O)N(C[C@H]1CCCN1)c1ccccc1Cl,6.107905397309519,393.3140000000001,4.545900000000003,41.57,0.7833294121786906,O=C(COc1ccccc1)N(CC1CCCN1)c1ccccc1,False
CHEMBL521176,CC(Oc1cccc(Cl)c1)C(=O)N(Cc1ccc(Cl)cc1)C[C@H]1CCCN1,7.522878745280337,407.3410000000001,4.541500000000004,41.57,0.73285122876388,O=C(COc1ccccc1)N(Cc1ccccc1)CC1CCCN1,False
CHEMBL485090,CC(Oc1cccc(Cl)c1)C(=O)N(Cc1cccc(Cl)c1)C[C@H]1CCCN1,7.698970004336019,407.3410000000001,4.541500000000004,41.57,0.73285122876388,O=C(COc1ccccc1)N(Cc1ccccc1)CC1CCCN1,False
CHEMBL489370,CC(Oc1cccc(Cl)c1)C(=O)N(Cc1ccccc1)C[C@H]1CCCN1,8.154901959985743,372.89600000000013,3.8881000000000023,41.57,0.8012753628646416,O=C(COc1ccccc1)N(Cc1ccccc1)CC1CCCN1,False
CHEMBL510195,CC(Oc1cccc(Cl)c1)C(=O)N(Cc1ccccc1Cl)C[C@H]1CCCN1,7.3979400086720375,407.3410000000001,4.541500000000004,41.57,0.73285122876388,O=C(COc1ccccc1)N(Cc1ccccc1)CC1CCCN1,False
CHEMBL489398,CC(Oc1ccccc1)C(=O)N(C[C@H]1CCCN1)c1ccc(CC#N)cc1,5.045757490560675,363.46100000000007,3.305180000000002,65.36,0.8196289063637486,O=C(COc1ccccc1)N(CC1CCCN1)c1ccccc1,False
CHEMBL483865,CC(Oc1ccccc1)C(=O)N(C[C@H]1CCCN1)c1ccc(Cl)cc1,6.221848749616356,358.869,3.8925000000000027,41.57,0.85125493629742,O=C(COc1ccccc1)N(CC1CCCN1)c1ccccc1,False
CHEMBL485092,CC(Oc1ccccc1)C(=O)N(C[C@H]1CCCN1)c1cccc(Cl)c1,7.045757490560675,358.869,3.8925000000000027,41.57,0.85125493629742,O=C(COc1ccccc1)N(CC1CCCN1)c1ccccc1,False
CHEMBL490422,CC(Oc1ccccc1)C(=O)N(C[C@H]1CCCN1)c1ccccc1,6.356547323513812,324.424,3.2391000000000014,41.57,0.8867789742160576,O=C(COc1ccccc1)N(CC1CCCN1)c1ccccc1,False
CHEMBL485091,CC(Oc1ccccc1)C(=O)N(C[C@H]1CCCN1)c1ccccc1Cl,5.899629454882437,358.869,3.8925000000000027,41.57,0.85125493629742,O=C(COc1ccccc1)N(CC1CCCN1)c1ccccc1,False
CHEMBL492028,CC(Oc1ccccc1)C(=O)N(Cc1ccc(Cl)cc1)C[C@H]1CCCN1,6.657577319177793,372.89600000000013,3.8881000000000023,41.57,0.8012753628646416,O=C(COc1ccccc1)N(Cc1ccccc1)CC1CCCN1,False
CHEMBL490801,CC(Oc1ccccc1)C(=O)N(Cc1cccc(Cl)c1)C[C@H]1CCCN1,7.301029995663981,372.89600000000013,3.8881000000000023,41.57,0.8012753628646416,O=C(COc1ccccc1)N(Cc1ccccc1)CC1CCCN1,False
CHEMBL488971,CC(Oc1ccccc1)C(=O)N(Cc1ccccc1)C[C@H]1CCCN1,7.045757490560675,338.45100000000014,3.234700000000002,41.57,0.8426076963247764,O=C(COc1ccccc1)N(Cc1ccccc1)CC1CCCN1,False
CHEMBL490601,CC(Oc1ccccc1)C(=O)N(Cc1ccccc1Cl)C[C@H]1CCCN1,6.823908740944319,372.89600000000013,3.8881000000000023,41.57,0.8012753628646416,O=C(COc1ccccc1)N(Cc1ccccc1)CC1CCCN1,False
CHEMBL507551,CC(Oc1ccccc1Cl)C(=O)N(C[C@H]1CCCN1)c1cccc(Cl)c1,6.6020599913279625,393.31399999999996,4.545900000000004,41.57,0.7833294121786907,O=C(COc1ccccc1)N(CC1CCCN1)c1ccccc1,False
CHEMBL491220,CC(Oc1ccccc1Cl)C(=O)N(Cc1ccc(Cl)cc1)C[C@H]1CCCN1,7.221848749616356,407.3410000000001,4.5415000000000045,41.57,0.73285122876388,O=C(COc1ccccc1)N(Cc1ccccc1)CC1CCCN1,False
CHEMBL488965,CC(Oc1ccccc1Cl)C(=O)N(Cc1cccc(Cl)c1)C[C@H]1CCCN1,8.0,407.3410000000001,4.541500000000004,41.57,0.73285122876388,O=C(COc1ccccc1)N(Cc1ccccc1)CC1CCCN1,False
CHEMBL491221,CC(Oc1ccccc1Cl)C(=O)N(Cc1ccccc1)C[C@H]1CCCN1,7.698970004336019,372.89600000000013,3.8881000000000023,41.57,0.8012753628646416,O=C(COc1ccccc1)N(Cc1ccccc1)CC1CCCN1,False
CHEMBL488966,CC(Oc1ccccc1Cl)C(=O)N(Cc1ccccc1Cl)C[C@H]1CCCN1,6.585026652029182,407.3410000000001,4.541500000000004,41.57,0.73285122876388,O=C(COc1ccccc1)N(Cc1ccccc1)CC1CCCN1,False
CHEMBL1078490,CC1(C)CCc2cc(S(=O)(=O)Nc3ccc4c(c3)CCN(Cc3cc[nH]n3)CC4)ccc2O1,6.199998172182031,466.6070000000003,3.914900000000003,87.32000000000001,0.5952714620039243,O=S(=O)(Nc1ccc2c(c1)CCN(Cc1cc[nH]n1)CC2)c1ccc2c(c1)CCCO2,False
CHEMBL3898348,CC1(C)NC(=O)C2(CCCC2)NCCOc2ccccc2/C=C\CNC(=O)[C@H](Cc2cccc(Cl)c2)NC1=O,9.0,553.1030000000002,3.3865,108.56,0.4566393157779752,O=C1CNC(=O)C2(CCCC2)NCCOc2ccccc2C=CCNC(=O)C(Cc2ccccc2)N1,False
CHEMBL393531,CC1(O)CCN(C(=O)OCCn2nnnc2[C@@H](COCc2ccccc2)NC(=O)C(C)(C)N)C1,7.995678626217357,475.5500000000003,0.3778000000000018,157.72000000000003,0.4415433206472008,O=C(OCCn1nnnc1CCOCc1ccccc1)N1CCCC1,False
CHEMBL1923637,CC1COc2ccccc2CCCNC(=O)[C@@H](Cc2ccc(F)cc2)NC(=O)[C@@H](C)N(C)C(=O)[C@H](C2CC2)N1,6.559593203859604,538.6640000000001,2.598,99.77000000000001,0.5581335528453903,O=C1CNC(=O)C(C2CC2)NCCOc2ccccc2CCCNC(=O)C(Cc2ccccc2)N1,False
CHEMBL3914338,CCC(C)C1NCCCCCCCCNC(=O)C(Cc2ccccc2)NC(=O)C(C)N(C)C1=O,7.0,472.67400000000015,3.0355000000000025,90.53999999999999,0.6283028789959872,O=C1CNCCCCCCCCNC(=O)C(Cc2ccccc2)NC(=O)CN1,False
CHEMBL3967506,CCC(C)C1NCc2ccccc2CCCCNC(=O)C(Cc2ccccc2)NC(=O)C(C)N(C)C1=O,7.0,506.69100000000026,3.2178000000000004,90.53999999999999,0.594048878958098,O=C1CNCc2ccccc2CCCCNC(=O)C(Cc2ccccc2)NC(=O)CN1,False
CHEMBL3922056,CCC(C)[C@H]1NCCOc2ccccc2[C@H]2C[C@@H]2CNC(=O)[C@H](Cc2cccc(Cl)c2)NC(=O)C2(CCCC2)NC1=O,9.0,595.1840000000001,4.112900000000002,108.56,0.4260176558852625,O=C1CNCCOc2ccccc2C2CC2CNC(=O)C(Cc2ccccc2)NC(=O)C2(CCCC2)N1,False
CHEMBL490390,CCC(Oc1ccccc1)C(=O)N(C[C@H]1CCCN1)c1ccc(CC#N)cc1,4.853871964321762,377.48800000000006,3.695280000000002,65.36,0.7618407733331116,O=C(COc1ccccc1)N(CC1CCCN1)c1ccccc1,False
CHEMBL490614,CCC(Oc1ccccc1)C(=O)N(C[C@H]1CCCN1)c1ccc(NC(C)=O)cc1,5.3979400086720375,395.50300000000004,3.587600000000002,70.67,0.7166536520580621,O=C(COc1ccccc1)N(CC1CCCN1)c1ccccc1,False
CHEMBL519196,CCC(Oc1ccccc1)C(=O)N(C[C@H]1CCCN1)c1cccc(-c2ccccc2)c1OC,5.698970004336019,444.5750000000001,5.3048000000000055,50.8,0.48629105456232113,O=C(COc1ccccc1)N(CC1CCCN1)c1cccc(-c2ccccc2)c1,False
CHEMBL490186,CCC(Oc1ccccc1)C(=O)N(Cc1ccccc1)C[C@H]1CCCN1,6.045757490560675,352.4780000000001,3.6248000000000022,41.57,0.7887997011922545,O=C(COc1ccccc1)N(Cc1ccccc1)CC1CCCN1,False
CHEMBL294324,CCCCCCCC(=O)OC[C@@H](NC(=O)C(C)(C)N)C(=O)N1CCC2(CC1)CN(S(C)(=O)=O)c1ccccc12.O=C(O)C(F)(F)F,7.707743928643524,678.7710000000005,3.0855000000000024,176.40999999999997,0.2215715645422482,c1ccc2c(c1)NCC21CCNCC1,True
CHEMBL291333,CCCCCCCC(=O)OC[C@@H](NC(=O)[C@@H](N)CO)C(=O)N1CCC2(CC1)CN(S(C)(=O)=O)c1ccccc12.O=C(O)C(F)(F)F,6.364315237452777,680.7430000000006,1.6678000000000053,196.63999999999996,0.17573883403754312,c1ccc2c(c1)NCC21CCNCC1,True
CHEMBL61292,CCCCCCCC(=O)OC[C@@H](NC(=O)[C@H](CO)NC(=O)CN)C(=O)N1CCC2(CC1)CN(S(C)(=O)=O)c1ccccc12.O=C(O)C(F)(F)F,7.166215625343521,737.7950000000005,0.7840000000000076,225.73999999999998,0.12494045238454352,c1ccc2c(c1)NCC21CCNCC1,True
CHEMBL59572,CCCCCCCC(=O)OC[C@H](NC(=O)C(C)(C)N)C(=O)N1CCC2(CC1)CN(S(C)(=O)=O)c1ccccc12.O=C(O)C(F)(F)F,6.422393322637465,678.7710000000005,3.0855000000000024,176.40999999999997,0.2215715645422482,c1ccc2c(c1)NCC21CCNCC1,True
CHEMBL61663,CCCCCCCC(=O)OC[C@H](NC(=O)CN)C(=O)N[C@@H](CO)C(=O)N[C@@H](Cc1ccccc1)C(=O)O,7.142667503568731,522.5990000000003,-0.3771999999999934,197.14999999999998,0.10992228806115881,c1ccccc1,True
CHEMBL500468,CCCCCCCC(=O)OC[C@H](NC(=O)CNC(=O)[C@@H](N)CCCNC(=N)N)C(=O)N[C@@H](CO)C(=O)N[C@@H](Cc1ccccc1)C(=O)N[C@@H](CC(C)C)C(=O)N[C@@H](CO)C(=O)N1CCC[C@H]1C(=O)N[C@@H](CCC(=O)O)C(=O)N[C@@H](Cc1cnc[nH]1)C(=O)N[C@@H](CCC(N)=O)C(=O)N[C@@H](CCCCN)C(=O)N[C@@H](C)C(=O)N[C@@H](CCC(N)=O)C(=O)N[C@@H](CCC(N)=O)C(=O)N[C@@H](CCCNC(=N)N)C(=O)N[C@@H](CCCCN)C(=O)N[C@@H](CCC(=O)O)C(=O)N[C@@H](CO)C(=O)N[C@@H](CCCCN)C(=O)N[C@@H](CCCCN)C(=O)N1CCC[C@H]1C(=O)N1CCC[C@H]1C(=O)N[C@@H](C)C(=O)N[C@@H](CCCCN)C(=O)N[C@@H](CC(C)C)C(=O)N[C@@H](CCC(N)=O)C(=O)N1CCC[C@H]1C(=O)O,8.85232642583319,3314.8499999999954,-14.671660000000115,1430.3899999999992,0.012653926222009136,O=C(CCc1ccccc1)NCC(=O)NCC(=O)N1CCCC1C(=O)NCC(=O)NC(Cc1cnc[nH]1)C(=O)NCC(=O)NCC(=O)NCC(=O)NCC(=O)NCC(=O)NCC(=O)NCC(=O)NCC(=O)NCC(=O)NCC(=O)NCC(=O)N1CCCC1C(=O)N1CCCC1C(=O)NCC(=O)NCC(=O)NCC(=O)NCC(=O)N1CCCC1,True
CHEMBL58758,CCCCCCCC(=O)OC[C@H](NC(=O)[C@H](CO)NC(=O)CN)C(=O)N1CCC2(CC1)CN(S(C)(=O)=O)c1ccccc12.O=C(O)C(F)(F)F,6.348237552619889,737.7950000000005,0.7840000000000076,225.73999999999998,0.12494045238454352,c1ccc2c(c1)NCC21CCNCC1,True
CHEMBL425281,CCCCCCCC(=O)OC[C@H](NC(=O)[C@H](CO)NC(=O)CN)C(=O)N[C@@H](Cc1ccccc1)C(=O)N[C@@H](CC(C)C)C(=O)N[C@@H](CO)C(=O)N1CCC[C@H]1C(=O)N[C@@H](CCC(=O)O)C(=O)N[C@@H](Cc1cnc[nH]1)C(=O)N[C@@H](CCC(N)=O)C(=O)N[C@@H](CCCNC(=N)N)C(=O)N[C@H](C(=O)N[C@@H](CCC(N)=O)C(=O)N[C@@H](CCC(N)=O)C(=O)N[C@@H](CCCNC(=N)N)C(=O)N[C@@H](CCCCN)C(=O)N[C@@H](CCC(=O)O)C(=O)N[C@@H](CO)C(=O)N[C@@H](CCCCN)C(=O)N[C@@H](CCCCN)C(=O)N1CCC[C@H]1C(=O)N1CCC[C@H]1C(=O)N[C@@H](C)C(=O)N[C@@H](CCCCN)C(=O)N[C@@H](CC(C)C)C(=O)N[C@@H](CCC(N)=O)C(=O)N1CCC[C@H]1C(=O)N[C@@H](CCCNC(=N)N)C(=O)O)C(C)C,8.821023052706831,3370.9179999999956,-14.901290000000117,1466.269999999999,0.01265392601175605,O=C(CCc1ccccc1)NCC(=O)NCC(=O)N1CCCC1C(=O)NCC(=O)NC(Cc1cnc[nH]1)C(=O)NCC(=O)NCC(=O)NCC(=O)NCC(=O)NCC(=O)NCC(=O)NCC(=O)NCC(=O)NCC(=O)NCC(=O)NCC(=O)N1CCCC1C(=O)N1CCCC1C(=O)NCC(=O)NCC(=O)NCC(=O)NCC(=O)N1CCCC1,True
CHEMBL335799,CCCCCCCC(=O)OC[C@H](NC(=O)[C@H](CO)NC(=O)CN)C(=O)N[C@@H](Cc1ccccc1)C(N)=O,7.142667503568731,521.6150000000002,-0.9764999999999928,202.94,0.104416757283178,c1ccccc1,True
CHEMBL5416334,CCCCCCCC(=O)OC[C@H](NC(=O)[C@H](CO)NCC(N)=O)C(=O)N[C@@H](Cc1ccccc1)C(=O)N[C@@H](CC(C)C)C(=O)N[C@@H](CO)C(=O)N1CCC[C@H]1C(=O)N[C@@H](CCC(=O)O)C(=O)N[C@@H](Cc1c[nH]cn1)C(=O)N[C@@H](CCC(N)=O)C(=O)N[C@@H](CCCNC(=N)N)C(=O)N[C@@]1(C)CCC/C=C\CCC[C@@](C)(C(=O)N[C@@H](CCC(=O)O)C(=O)N[C@@H](CO)C(=O)N[C@@H](CCCCN)C(=O)N[C@@H](CCCCN)C(=O)O)NC(=O)[C@H](CCCNC(=N)N)NC(=O)[C@H](CCC(N)=O)NC(=O)[C@H](CCC(N)=O)NC1=O,7.027738924163895,2505.8669999999993,-10.116459999999917,1102.81,0.009612569255989955,O=C(CCc1ccccc1)NCC(=O)NCC(=O)N1CCCC1C(=O)NCC(=O)NC(Cc1c[nH]cn1)C(=O)NCC(=O)NCC(=O)NC1CCCC=CCCCCNC(=O)CNC(=O)CNC(=O)CNC1=O,True
CHEMBL5426545,CCCCCCCC(=O)OC[C@H](NC(=O)[C@H](CO)NCC(N)=O)C(=O)N[C@@H](Cc1ccccc1)C(=O)N[C@@H](CC(C)C)C(=O)N[C@@H](CO)C(=O)N1CCC[C@H]1C(=O)N[C@@H](CCC(=O)O)C(=O)N[C@@H](Cc1c[nH]cn1)C(=O)N[C@@H](CCC(N)=O)C(=O)N[C@@H](CCCNC(=N)N)C(=O)N[C@H](C(=O)N[C@@H](CCC(N)=O)C(=O)N[C@@H](CCC(N)=O)C(=O)N[C@@H](CCCNC(=N)N)C(=O)N[C@@H](CCCCN)C(=O)N[C@@H](CCC(=O)O)C(=O)N[C@@H](CO)C(=O)N[C@@H](CCCCN)C(=O)N[C@@H](CCCCN)C(=O)O)C(C)C,7.372581003335355,2482.8329999999996,-12.022059999999954,1128.83,0.012653946976540362,O=C(CCc1ccccc1)NCC(=O)NCC(=O)N1CCCC1C(=O)NCC(=O)NCCc1c[nH]cn1,True
CHEMBL5411243,CCCCCCCC(=O)OC[C@H](NC(=O)[C@H](CO)NCC(N)=O)C(=O)N[C@@H](Cc1ccccc1)C(=O)N[C@@H](CC(C)C)C(=O)N[C@@H](CO)C(=O)N1CCC[C@H]1C(=O)N[C@@H](CCC(=O)O)C(=O)N[C@@H](Cc1c[nH]cn1)C(=O)N[C@@H](CCC(N)=O)C(=O)N[C@@H](CCCNC(=N)N)C(=O)N[C@H]1CCCCNC(=O)C[C@@H](C(=O)N[C@@H](CCC(=O)O)C(=O)N[C@@H](CO)C(=O)N[C@@H](CCCCN)C(=O)N[C@@H](CCCCN)C(=O)O)NC(=O)[C@H](CCCNC(=N)N)NC(=O)[C@H](CCC(N)=O)NC(=O)[C@H](CCC(N)=O)NC1=O,9.244125144327509,2480.7730000000006,-13.11685999999996,1131.9099999999999,0.012653931141870727,O=C1CCNC(=O)CNC(=O)CNC(=O)CNC(=O)C(NC(=O)CNC(=O)CNC(=O)C(Cc2c[nH]cn2)NC(=O)CNC(=O)C2CCCN2C(=O)CNC(=O)CNC(=O)CCc2ccccc2)CCCCN1,True
CHEMBL5402226,CCCCCCCC(=O)OC[C@H](NC(=O)[C@H](CO)NCC(N)=O)C(=O)N[C@@H](Cc1ccccc1)C(=O)N[C@@H](CC(C)C)C(=O)N[C@@H](CO)C(=O)N1CCC[C@H]1C(=O)N[C@@H](CCC(=O)O)C(=O)N[C@@H](Cc1c[nH]cn1)C(=O)N[C@@H](CCC(N)=O)C(=O)N[C@@H](CCCNC(=N)N)C(=O)N[C@H]1CCCCn2cc(nn2)C[C@@H](C(=O)N[C@@H](CCC(=O)O)C(=O)N[C@@H](CO)C(=O)N[C@@H](CCCCN)C(=O)N[C@@H](CCCCN)C(=O)O)NC(=O)[C@H](CCCNC(=N)N)NC(=O)[C@H](CCC(N)=O)NC(=O)[C@H](CCC(N)=O)NC1=O,8.614393726401687,2504.799,-12.788959999999946,1133.5199999999998,0.010797768127853583,O=C(CCc1ccccc1)NCC(=O)NCC(=O)N1CCCC1C(=O)NCC(=O)NC(Cc1c[nH]cn1)C(=O)NCC(=O)NCC(=O)NC1CCCCn2cc(nn2)CCNC(=O)CNC(=O)CNC(=O)CNC1=O,True
CHEMBL5414374,CCCCCCCC(=O)OC[C@H](NC(=O)[C@H](CO)NCC(N)=O)C(=O)N[C@@H](Cc1ccccc1)C(=O)N[C@@H](CC(C)C)C(=O)N[C@@H](CO)C(=O)N1CCC[C@H]1C(=O)N[C@@H](CCC(=O)O)C(=O)N[C@@H](Cc1c[nH]cn1)C(=O)N[C@@H](CCC(N)=O)C(=O)N[C@@H](CCCNC(=N)N)C(=O)N[C@H]1COCC#CC#CCOC[C@@H](C(=O)N[C@@H](CCC(=O)O)C(=O)N[C@@H](CO)C(=O)N[C@@H](CCCCN)C(=O)N[C@@H](CCCCN)C(=O)O)NC(=O)[C@H](CCCNC(=N)N)NC(=O)[C@H](CCC(N)=O)NC(=O)[C@H](CCC(N)=O)NC1=O,7.2972926665240685,2503.763,-13.753459999999965,1121.27,0.009612404810325182,O=C(CCc1ccccc1)NCC(=O)NCC(=O)N1CCCC1C(=O)NCC(=O)NC(Cc1c[nH]cn1)C(=O)NCC(=O)NCC(=O)NC1COCC#CC#CCOCCNC(=O)CNC(=O)CNC(=O)CNC1=O,True
CHEMBL5438862,CCCCCCCC(=O)OC[C@H](NC(=O)[C@H](CO)NCC(N)=O)C(=O)N[C@@H](Cc1ccccc1)C(=O)N[C@@H](CC(C)C)C(=O)N[C@@H](CO)C(=O)N1CCC[C@H]1C(=O)N[C@@H](CCC(=O)O)C(=O)N[C@@H](Cc1c[nH]cn1)C(=O)N[C@@H](CCC(N)=O)C(=O)N[C@@H](CCCNC(=N)N)C(=O)N[C@H]1CSCc2ccc(cc2)CSC[C@@H](C(=O)N[C@@H](CCC(=O)O)C(=O)N[C@@H](CO)C(=O)N[C@@H](CCCCN)C(=O)N[C@@H](CCCCN)C(=O)O)NC(=O)[C@H](CCCNC(=N)N)NC(=O)[C@H](CCC(N)=O)NC(=O)[C@H](CCC(N)=O)NC1=O,7.091358821011061,2563.952999999999,-10.626859999999922,1102.81,0.00820246602171426,O=C(CCc1ccccc1)NCC(=O)NCC(=O)N1CCCC1C(=O)NCC(=O)NC(Cc1c[nH]cn1)C(=O)NCC(=O)NCC(=O)NC1CSCc2ccc(cc2)CSCCNC(=O)CNC(=O)CNC(=O)CNC1=O,True
CHEMBL5180310,CCCCCCCc1cc(=O)c2cc(C(C)(C)C)ccc2[nH]1,4.136677139879544,299.45799999999997,5.338500000000005,32.86,0.7175881752357162,O=c1cc[nH]c2ccccc12,False
CHEMBL5177954,CCCCCCCc1cc(=O)c2cc(F)ccc2[nH]1,5.657577319177793,261.34,4.180100000000003,32.86,0.7773136742911738,O=c1cc[nH]c2ccccc12,False
CHEMBL5196194,CCCCCCCc1cc(=O)c2cc(OC)ccc2[nH]1,5.346787486224656,273.376,4.0496000000000025,42.09,0.7732225936958979,O=c1cc[nH]c2ccccc12,False
CHEMBL236311,CCCCNC(=O)CCCn1nnnc1[C@@H](COCc1ccccc1)NC(=O)C(C)(C)N,7.522878745280337,445.56800000000015,1.4810000000000012,137.05,0.37457930031668185,c1ccc(COCCc2nnn[nH]2)cc1,False
CHEMBL238228,CCCCNC(=O)CCn1nnnc1[C@@H](CCc1ccccc1)NC(=O)C(C)(C)N,7.309803919971486,415.5420000000001,1.5069000000000004,127.82000000000001,0.4508887854481538,c1ccc(CCCc2nnn[nH]2)cc1,False
CHEMBL429799,CCCCNC(=O)CCn1nnnc1[C@@H](COCc1ccccc1)NC(=O)C(C)(C)N,7.376750709602099,431.5410000000001,1.0909000000000013,137.05,0.40374926127720406,c1ccc(COCCc2nnn[nH]2)cc1,False
CHEMBL3918783,CCCC[C@@H]1NCCOc2ccccc2CCCNC(=O)[C@@H](Cc2ccccc2)NC(=O)CN(C)C1=O,6.982966660701219,508.66300000000024,2.4621000000000013,99.77000000000001,0.5763388137365659,O=C1CNCCOc2ccccc2CCCNC(=O)C(Cc2ccccc2)NC(=O)CN1,False
CHEMBL4517399,CCCC[C@H](N)C(=O)N[C@H](C(=O)N1CCC[C@H]1C(=O)N[C@@H](Cc1ccccc1)C(=O)N[C@@H](Cc1c[nH]c2ccccc12)C(=O)N[C@@H](CCCNC(=N)N)C(=O)NCC(=O)N[C@H](C(=O)N[C@@H](CO)C(=O)N[C@@H](CC(C)C)C(=O)N[C@@H](CCCNC(=N)N)C(=O)N1CCC[C@H]1C(=O)N[C@H](C(=O)NCC(=O)N[C@H](C)C(=O)N[C@H](CO)C(=O)N[C@@H]1CSSC[C@@H]2NC(=O)[C@H](CC(C)C)NC(=O)[C@H](CCCNC(=N)N)NC(=O)[C@H]([C@@H](C)O)NC(=O)[C@H]([C@@H](C)O)NC(=O)[C@H](CSSC[C@@H](C(=O)N[C@@H](CO)C(=O)N[C@@H](CC(C)C)C(=O)N[C@@H](CO)C(=O)N[C@H](C(=O)N[C@@H](C)C(=O)N[C@@H](CCC(N)=O)C(=O)N[C@@H](CCC(=O)O)C(=O)O)C(C)C)NC(=O)[C@H](CCCNC(=N)N)NC(=O)[C@H](CCCNC(=N)N)NC(=O)[C@H](CCCCN)NC(=O)[C@H](CCCNC(=N)N)NC2=O)NC(=O)[C@H](CCC(=O)O)NC(=O)[C@H](CO)NC(=O)[C@@H](CC(=O)O)NC(=O)[C@@H](CC(=O)O)NC(=O)[C@@H](CCCNC(=N)N)NC1=O)[C@@H](C)CC)C(C)C)[C@@H](C)O,7.642065152999546,4551.2599999999875,-23.915910000000412,2009.8799999999978,0.008202389596788732,O=C1CNC(=O)CNC(=O)CNC(=O)CNC(=O)C2CSSCC(NC(=O)CNC(=O)CNC(=O)CNC(=O)CNC(=O)C3CCCN3C(=O)CNC(=O)CNC(=O)CNC(=O)CNC(=O)CNC(=O)CNC(=O)C(Cc3c[nH]c4ccccc34)NC(=O)C(Cc3ccccc3)NC(=O)C3CCCN3)C(=O)NCC(=O)NCC(=O)NCC(=O)NCC(=O)NCC(=O)NC(CSSCCN1)C(=O)NCC(=O)NCC(=O)NCC(=O)NCC(=O)N2,True
CHEMBL4556887,CCCC[C@H](N)C(=O)N[C@H](C(=O)N1CCC[C@H]1C(=O)N[C@@H](Cc1ccccc1)C(=O)N[C@@H](Cc1c[nH]c2ccccc12)C(=O)N[C@@H](CCCNC(=N)N)C(=O)NCC(=O)N[C@H](C(=O)N[C@@H](CO)C(=O)N[C@@H](CC(C)C)C(=O)N[C@@H](CCCNC(=N)N)C(=O)N1CCC[C@H]1C(=O)N[C@H](C(=O)NCC(=O)O)[C@@H](C)CC)C(C)C)[C@@H](C)O,7.7447274948966935,1598.9179999999997,-3.21935999999999,604.0899999999999,0.015024953758195844,O=C(CNC(=O)CNC(=O)CNC(=O)C(Cc1c[nH]c2ccccc12)NC(=O)C(Cc1ccccc1)NC(=O)C1CCCN1)NCC(=O)NCC(=O)NCC(=O)N1CCCC1,True
CHEMBL4475293,CCCC[C@H](N)C(=O)N[C@H](C(=O)N1CCC[C@H]1C(=O)N[C@@H](Cc1ccccc1)C(=O)N[C@@H](Cc1c[nH]c2ccccc12)C(=O)N[C@@H](CCCNC(=N)N)C(=O)NCC(=O)N[C@H](C(=O)N[C@@H](CO)C(=O)N[C@@H](CC(C)C)C(=O)N[C@@H](CCCNC(=N)N)C(=O)N1CCC[C@H]1C(=O)N[C@H](C(=O)NCC(N)=O)[C@@H](C)CC)C(C)C)[C@@H](C)O,7.318758762624412,1597.9339999999997,-3.818659999999977,609.8799999999999,0.014637432817589797,O=C(CNC(=O)CNC(=O)CNC(=O)C(Cc1c[nH]c2ccccc12)NC(=O)C(Cc1ccccc1)NC(=O)C1CCCN1)NCC(=O)NCC(=O)NCC(=O)N1CCCC1,True
CHEMBL4463042,CCCC[C@H](N)C(=O)N[C@H](C(=O)N1CCC[C@H]1C(=O)N[C@@H](Cc1ccccc1)C(=O)N[C@@H](Cc1c[nH]c2ccccc12)C(=O)N[C@@H](CCCNC(=N)N)C(=O)NCC(=O)N[C@H](C(=O)N[C@@H](CO)C(=O)N[C@@H](CC(C)C)C(=O)N[C@@H](CCCNC(=N)N)C(=O)N1CCC[C@H]1C(N)=O)C(C)C)[C@@H](C)O,7.337242168318426,1427.7219999999998,-3.465760000000001,551.68,0.014910468204264187,O=C(CNC(=O)CNC(=O)CNC(=O)C(Cc1c[nH]c2ccccc12)NC(=O)C(Cc1ccccc1)NC(=O)C1CCCN1)NCC(=O)NCC(=O)NCC(=O)N1CCCC1,True
CHEMBL4456830,CCCC[C@H](N)C(=O)N[C@H](C(=O)N1CCC[C@H]1C(=O)N[C@@H](Cc1ccccc1)C(=O)N[C@@H](Cc1c[nH]c2ccccc12)C(=O)N[C@@H](CCCNC(=N)N)C(=O)NCC(=O)N[C@H](C(=O)N[C@@H](CO)C(=O)N[C@@H](CC(C)C)C(N)=O)C(C)C)[C@@H](C)O,6.872895201635192,1174.415999999999,-2.2048300000000123,440.3699999999999,0.01714016577879536,O=C(NC(Cc1ccccc1)C(=O)NCCc1c[nH]c2ccccc12)C1CCCN1,True
CHEMBL4541252,CCCC[C@H](N)C(=O)N[C@H](C(=O)N1CCC[C@H]1C(=O)N[C@@H](Cc1ccccc1)C(=O)N[C@@H](Cc1c[nH]c2ccccc12)C(=O)N[C@@H](CCCNC(=N)N)C(=O)NCC(=O)N[C@H](C(N)=O)C(C)C)[C@@H](C)O,6.434152181326482,974.1779999999995,-1.2128300000000036,361.93999999999994,0.02432292065872253,O=C(NC(Cc1ccccc1)C(=O)NCCc1c[nH]c2ccccc12)C1CCCN1,True
CHEMBL4581511,CCCC[C@H](N)C(=O)N[C@H](C(=O)N1CCC[C@H]1C(=O)N[C@@H](Cc1ccccc1)C(=O)N[C@@H](Cc1c[nH]c2ccccc12)C(=O)N[C@@H](CCCNC(=N)N)C(N)=O)[C@@H](C)O,5.178290002701623,817.9929999999997,-0.4698299999999935,303.74,0.03520109327751282,O=C(NC(Cc1ccccc1)C(=O)NCCc1c[nH]c2ccccc12)C1CCCN1,True
CHEMBL1079186,CCCCc1ccc(S(=O)(=O)Nc2ccc3c(c2)CCN(Cc2[nH]cnc2C)CC3)cc1,8.400007822415901,452.62400000000025,4.462320000000004,78.09,0.5288609986291138,O=S(=O)(Nc1ccc2c(c1)CCN(Cc1cnc[nH]1)CC2)c1ccccc1,False
CHEMBL1080046,CCCCc1ccc(S(=O)(=O)Nc2ccc3c(c2)CCN(Cc2cc[nH]n2)CC3)cc1,7.100015437450609,438.5970000000002,4.153900000000004,78.09,0.5537215937467576,O=S(=O)(Nc1ccc2c(c1)CCN(Cc1cc[nH]n1)CC2)c1ccccc1,False
CHEMBL1079187,CCCCc1ccc(S(=O)(=O)Nc2ccc3c(c2)CCN(Cc2cnc(C)[nH]2)CC3)cc1,7.700057099977233,452.62400000000025,4.462320000000004,78.09,0.5288609986291138,O=S(=O)(Nc1ccc2c(c1)CCN(Cc1cnc[nH]1)CC2)c1ccccc1,False
CHEMBL1079185,CCCCc1ccc(S(=O)(=O)Nc2ccc3c(c2)CCN(Cc2cnc[nH]2)CC3)cc1,8.400007822415901,438.5970000000002,4.153900000000003,78.09,0.5537215937467576,O=S(=O)(Nc1ccc2c(c1)CCN(Cc1cnc[nH]1)CC2)c1ccccc1,False
CHEMBL180093,CCCOC(=O)N1CCc2cc(OCc3ccccc3)ccc2C1C(=O)NCCN(C(C)C)C(C)C,8.468521082957745,495.66400000000027,4.946400000000005,71.10999999999999,0.4778326663391939,c1ccc(COc2ccc3c(c2)CCNC3)cc1,False
CHEMBL1923501,CCC[C@@H]1NCCOc2ccccc2/C=C/CNC(=O)[C@@H](Cc2ccccc2)NC(=O)CN(C)C1=O,7.020193144464478,492.6200000000003,2.1526000000000005,99.77000000000001,0.6075308123964114,O=C1CNCCOc2ccccc2C=CCNC(=O)C(Cc2ccccc2)NC(=O)CN1,False
CHEMBL3978207,CCC[C@@H]1NCCOc2ccccc2/C=C\CNC(=O)[C@@H](Cc2ccccc2)NC(=O)CN(C)C1=O,7.0,492.6200000000003,2.1526000000000005,99.77000000000001,0.6075308123964114,O=C1CNCCOc2ccccc2C=CCNC(=O)C(Cc2ccccc2)NC(=O)CN1,False
CHEMBL3961108,CCC[C@@H]1NCCOc2ccccc2/C=C\CNC(=O)[C@@H](Cc2ccccc2)NC(=O)[C@@H](C)N(C)C1=O,7.0,506.6470000000003,2.541100000000001,99.77000000000001,0.5919951723218276,O=C1CNCCOc2ccccc2C=CCNC(=O)C(Cc2ccccc2)NC(=O)CN1,False
CHEMBL3903845,CCC[C@@H]1NCCOc2ccccc2CCCNC(=O)[C@@H](Cc2c[nH]c3ccccc23)NC(=O)CN(C)C1=O,9.0,533.6730000000002,2.5533,115.56,0.4115564918259957,O=C1CNCCOc2ccccc2CCCNC(=O)C(Cc2c[nH]c3ccccc23)NC(=O)CN1,False
CHEMBL1923512,CCC[C@@H]1NCCOc2ccccc2CCCNC(=O)[C@@H](Cc2ccc(O)cc2)NC(=O)CN(C)C1=O,8.20446769648675,510.6350000000003,1.7776,120.0,0.49786538982391704,O=C1CNCCOc2ccccc2CCCNC(=O)C(Cc2ccccc2)NC(=O)CN1,False
CHEMBL1923504,CCC[C@@H]1NCCOc2ccccc2CCCNC(=O)[C@@H](Cc2ccccc2)NC(=O)CN(C)C1=O,8.040460953811962,494.63600000000025,2.072,99.77000000000001,0.604458467053562,O=C1CNCCOc2ccccc2CCCNC(=O)C(Cc2ccccc2)NC(=O)CN1,False
CHEMBL3939196,CCC[C@@H]1NCCOc2ccccc2CCCNC(=O)[C@@H](Cc2ccccc2)NC(=O)CN(CC)C1=O,6.525783735923745,508.6630000000003,2.4621000000000004,99.77000000000001,0.5763388137365659,O=C1CNCCOc2ccccc2CCCNC(=O)C(Cc2ccccc2)NC(=O)CN1,False
CHEMBL1923611,CCC[C@@H]1NCCOc2ccccc2CCCNC(=O)[C@@H](Cc2ccccc2)NC(=O)[C@@H](C)N(C)C1=O,7.3979400086720375,508.66300000000024,2.4605000000000006,99.77000000000001,0.5893421236183236,O=C1CNCCOc2ccccc2CCCNC(=O)C(Cc2ccccc2)NC(=O)CN1,False
CHEMBL1923612,CCC[C@@H]1NCCOc2ccccc2CCCNC(=O)[C@@H](Cc2ccccc2)NC(=O)[C@H](C)N(C)C1=O,7.779891911959945,508.66300000000024,2.4605000000000006,99.77000000000001,0.5893421236183236,O=C1CNCCOc2ccccc2CCCNC(=O)C(Cc2ccccc2)NC(=O)CN1,False
CHEMBL2170777,CCC[C@H](NC(=O)[C@@H](Cc1cccc2ccccc12)NC(=O)[C@@H](N)CCCCN)C(=O)N[C@H](Cc1c[nH]c2ccccc12)C(=O)N[C@@H](CC(C)C)C(=O)N[C@@H](CC(C)C)C(N)=O,6.302683458267617,854.1099999999999,3.3642000000000074,256.42,0.04459919404666007,O=C(CCc1cccc2ccccc12)NCC(=O)NCCc1c[nH]c2ccccc12,True
CHEMBL4284715,CCN(C(=O)N[C@@H](C)c1ccc(C#CC2CC2)c(Cl)c1Cl)C1CCN(C2CCc3cc(-c4cc(C)ncn4)ccc32)CC1,6.028260409112222,616.6370000000001,7.764720000000009,61.36000000000001,0.28776690376478453,O=C(NCc1ccc(C#CC2CC2)cc1)NC1CCN(C2CCc3cc(-c4ccncn4)ccc32)CC1,False
CHEMBL608826,CCN(CC)CCN1C(=O)[C@@](O)(c2ccc3ccccc3c2)c2c(Br)cccc21,7.111767818211761,453.3800000000001,4.526600000000004,43.78,0.5968661747086886,O=C1Nc2ccccc2C1c1ccc2ccccc2c1,False
CHEMBL611488,CCN(CC)CCN1C(=O)[C@@](O)(c2ccc3ccccc3c2)c2c1cc(C#CCCC(=O)N(C)C)cc2C(F)(F)F,7.521435901161594,565.6360000000005,5.002800000000005,64.09,0.39069965504312504,O=C1Nc2ccccc2C1c1ccc2ccccc2c1,False
CHEMBL608827,CCN(CC)CCN1C(=O)[C@@](O)(c2ccc3ccccc3c2)c2c1cc(C#CCCC(=O)N1CCOCC1)cc2C(F)(F)F,7.521435901161594,607.6730000000006,4.773400000000004,73.32000000000001,0.37380533427784135,O=C1Nc2cc(C#CCCC(=O)N3CCOCC3)ccc2C1c1ccc2ccccc2c1,False
CHEMBL611489,CCN(CC)CCN1C(=O)[C@@](O)(c2ccc3ccccc3c2)c2c1cc(C(N)=O)cc2C(F)(F)F,7.742328053455809,485.5060000000002,3.881800000000002,86.87,0.5319042273937398,O=C1Nc2ccccc2C1c1ccc2ccccc2c1,False
CHEMBL182137,CCN(CC)CCNC(=O)C1c2ccc(OCc3ccccc3)cc2CCN1C(=O)OC(C)(C)C,7.707743928643524,481.6370000000003,4.5579000000000045,71.11000000000001,0.5686747693897073,c1ccc(COc2ccc3c(c2)CCNC3)cc1,False
CHEMBL4744139,CCN(CC)CCc1nnc([C@@H](Cc2c[nH]c3ccccc23)NC(=O)CNC(=O)/C(C#N)=C/c2ccc(OC)cc2)n1Cc1ccc(OC)cc1,7.455931955649724,688.8330000000001,4.832580000000003,150.18999999999997,0.09291214360964024,O=C(C=Cc1ccccc1)NCC(=O)NC(Cc1c[nH]c2ccccc12)c1nncn1Cc1ccccc1,True
CHEMBL207970,CCN1N=C2CCN(C(=O)[C@@H](COCc3ccccc3)NC(=O)C(C)(C)N)C[C@]2(Cc2ccccc2)C1=O,8.39897391554397,519.6460000000003,2.104800000000001,117.33000000000001,0.4986585006599554,O=C(CCOCc1ccccc1)N1CCC2=NNC(=O)C2(Cc2ccccc2)C1,True
CHEMBL296104,CCNC(=O)NCc1ccccc1-c1ccc(CN2C(=O)[C@H](NC(=O)C(C)(C)N)CCc3ccccc32)cc1,8.22090981113951,527.6690000000003,3.8742000000000028,116.55999999999999,0.3557928766127183,O=C1CCCc2ccccc2N1Cc1ccc(-c2ccccc2)cc1,False
CHEMBL310457,CCNC(=O)[C@]1(Cc2ccccc2)CCCN(C(=O)[C@@H](Cc2c[nH]c3ccccc23)NC(=O)C(C)(C)N)C1,9.098462725229332,517.6740000000002,2.9201000000000015,120.32000000000001,0.34879903008065927,O=C(CCc1c[nH]c2ccccc12)N1CCCC(Cc2ccccc2)C1,True
CHEMBL2304221,CCNC(O)[C@@]1(Cc2ccccc2)CCCN(C(=O)[C@@H](Cc2c[nH]c3ccccc23)NC(=O)C(C)(C)N)C1,9.098462725229332,519.6900000000002,2.7119,123.48,0.2636641628517333,O=C(CCc1c[nH]c2ccccc12)N1CCCC(Cc2ccccc2)C1,True
CHEMBL263141,CCOC(=O)CCNC(=O)CCCn1nnnc1[C@@H](COCc1ccccc1)NC(=O)C(C)(C)N,6.853871964321762,489.5770000000003,0.6341000000000035,163.35000000000002,0.3044821011275616,c1ccc(COCCc2nnn[nH]2)cc1,False
CHEMBL130229,CCOC(=O)[C@@H](CCc1ccccc1)NC(=O)[C@@H](Cc1c[nH]c2ccccc12)NC(=O)C(C)(C)N,8.521435901161594,478.5930000000003,2.6132,126.30999999999999,0.315271866701529,O=C(CCc1c[nH]c2ccccc12)NCCCc1ccccc1,False
CHEMBL1793862,CCOC(=O)[C@@H](CCc1ccccc1)NC(=O)[C@H](Cc1c[nH]c2ccccc12)NC(=O)C(C)(C)N,8.521435901161594,478.5930000000003,2.6132,126.30999999999999,0.315271866701529,O=C(CCc1c[nH]c2ccccc12)NCCCc1ccccc1,False
CHEMBL433087,CCOC(=O)[C@@]1(Cc2ccccc2)CCCN(C(=O)[C@@H](Cc2c[nH]c3ccccc23)NC(=O)C(C)(C)N)C1,8.797925375395153,518.6580000000002,3.347100000000001,117.52,0.3757170218901001,O=C(CCc1c[nH]c2ccccc12)N1CCCC(Cc2ccccc2)C1,True
CHEMBL79263,CCOC(=O)[C@]1(Cc2ccccc2)CCCN(C(=O)[C@@H](Cc2c[nH]c3ccccc23)NC(=O)C(C)(C)N)C1,8.797925375395153,518.6580000000002,3.347100000000001,117.52,0.3757170218901001,O=C(CCc1c[nH]c2ccccc12)N1CCCC(Cc2ccccc2)C1,True
CHEMBL250973,CCOc1ccc(CC(=O)N2CCc3cc(OC)c(N4C[C@@H](C)N(C)[C@@H](C)C4)cc32)cc1Cl,6.799998134593398,472.0290000000002,4.407900000000004,45.25,0.6241444630982643,O=C(Cc1ccccc1)N1CCc2ccc(N3CCNCC3)cc21,False
CHEMBL402772,CCOc1ccc(N2C[C@@H](C)N[C@@H](C)C2)cc1NS(=O)(=O)c1ccc(-c2ccccn2)s1,7.400007822415902,472.6360000000002,4.196200000000003,83.56,0.5363627178806459,O=S(=O)(Nc1cccc(N2CCNCC2)c1)c1ccc(-c2ccccn2)s1,False
CHEMBL2364387,CCOc1ccc(N2C[C@@H](C)N[C@@H](C)C2)cc1NS(=O)(=O)c1ccc(-c2cccs2)cc1,7.899974269892137,471.6480000000002,4.801200000000004,70.67,0.5179297952128391,O=S(=O)(Nc1cccc(N2CCNCC2)c1)c1ccc(-c2cccs2)cc1,False
CHEMBL3967783,CC[C@H](C)C1NCCCc2ccccc2/C=C\CNC(=O)C(Cc2ccccc2)NC(=O)C(C)N(C)C1=O,7.0,518.7020000000002,3.3409000000000013,90.53999999999999,0.5792011346178236,O=C1CNCCCc2ccccc2C=CCNC(=O)C(Cc2ccccc2)NC(=O)CN1,False
CHEMBL1923632,CC[C@H](C)[C@@H]1NCCCC/C=C/CCNC(=O)[C@@H](Cc2ccccc2)NC(=O)[C@@H](C)N(C)C1=O,6.508638306165727,470.6580000000002,2.8115000000000014,90.53999999999999,0.5904810125025045,O=C1CNCCCCC=CCCNC(=O)C(Cc2ccccc2)NC(=O)CN1,False
CHEMBL1923631,CC[C@H](C)[C@@H]1NCCCCCCCCNC(=O)[C@@H](Cc2ccccc2)NC(=O)[C@@H](C)N(C)C1=O,7.0,472.67400000000015,3.0355000000000025,90.53999999999999,0.6283028789959872,O=C1CNCCCCCCCCNC(=O)C(Cc2ccccc2)NC(=O)CN1,False
CHEMBL3973940,CC[C@H](C)[C@@H]1NCCCc2ccccc2/C=C\CCNC(=O)[C@@H](Cc2ccccc2)NC(=O)[C@@H](C)N(C)C1=O,7.0,532.7290000000003,3.7310000000000025,90.53999999999999,0.5598228300884903,O=C1CNCCCc2ccccc2C=CCCNC(=O)C(Cc2ccccc2)NC(=O)CN1,False
CHEMBL3943086,CC[C@H](C)[C@@H]1NCCCc2ccccc2/C=C\CNC(=O)[C@@H](Cc2ccccc2)NC(=O)[C@@H](C)N(C)C1=O,9.0,518.7020000000002,3.3409000000000013,90.53999999999999,0.5792011346178236,O=C1CNCCCc2ccccc2C=CCNC(=O)C(Cc2ccccc2)NC(=O)CN1,False
CHEMBL3916659,CC[C@H](C)[C@@H]1NCCCc2ccccc2/C=C\CNC(=O)[C@H](Cc2cccc(Cl)c2)NC(=O)C2(CCCC2)NC1=O,9.0,579.1850000000002,4.576400000000003,99.32999999999998,0.4267961629327068,O=C1CNCCCc2ccccc2C=CCNC(=O)C(Cc2ccccc2)NC(=O)C2(CCCC2)N1,False
CHEMBL1923636,CC[C@H](C)[C@@H]1NCCCc2ccccc2CCCCNC(=O)[C@@H](Cc2ccccc2)NC(=O)[C@@H](C)N(C)C1=O,6.721848749616356,534.7450000000002,3.650400000000002,90.53999999999999,0.5586639866848746,O=C1CNCCCc2ccccc2CCCCNC(=O)C(Cc2ccccc2)NC(=O)CN1,False
CHEMBL3981072,CC[C@H](C)[C@@H]1NCCOC/C=C\CCNC(=O)[C@@H](Cc2ccccc2)NC(=O)[C@@H](C)N(C)C1=O,7.0,472.6300000000002,1.657800000000002,99.77000000000001,0.5790531424422715,O=C1CNCCOCC=CCCNC(=O)C(Cc2ccccc2)NC(=O)CN1,False
CHEMBL3896536,CC[C@H](C)[C@@H]1NCCOc2ccc(F)cc2CCCNC(=O)[C@H](Cc2cccc(Cl)c2)NC(=O)C2(CCCC2)NC1=O,7.0,601.1629999999999,4.081100000000003,108.56,0.4229696632708131,O=C1CNCCOc2ccccc2CCCNC(=O)C(Cc2ccccc2)NC(=O)C2(CCCC2)N1,False
CHEMBL3913855,CC[C@H](C)[C@@H]1NCCOc2ccccc2/C=C\CNC(=O)[C@@H](Cc2ccccc2)NC(=O)[C@@H](C)N(C)C1=O,9.0,520.6740000000002,2.7871000000000015,99.77000000000001,0.5758944406355524,O=C1CNCCOc2ccccc2C=CCNC(=O)C(Cc2ccccc2)NC(=O)CN1,False
CHEMBL3973085,CC[C@H](C)[C@@H]1NCCOc2ccccc2/C=C\CNC(=O)[C@H](Cc2ccc(Cl)cc2)NC(=O)C2(CCOC2)NC1=O,9.0,583.1290000000002,2.868900000000001,117.79000000000002,0.44037187995917365,O=C1CNCCOc2ccccc2C=CCNC(=O)C(Cc2ccccc2)NC(=O)C2(CCOC2)N1,False
CHEMBL3900284,CC[C@H](C)[C@@H]1NCCOc2ccccc2CCCNC(=O)[C@@H](Cc2ccc(-c3ccccc3)cc2)NC(=O)[C@@H](C)N(C)C1=O,9.0,598.788,4.373500000000003,99.77000000000001,0.40518855748418725,O=C1CNCCOc2ccccc2CCCNC(=O)C(Cc2ccc(-c3ccccc3)cc2)NC(=O)CN1,False
CHEMBL1923617,CC[C@H](C)[C@@H]1NCCOc2ccccc2CCCNC(=O)[C@@H](Cc2ccc(Cl)cc2)NC(=O)[C@@H](C)N(C)C1=O,7.853871964321762,557.1350000000001,3.3599000000000014,99.77000000000001,0.5361526367612787,O=C1CNCCOc2ccccc2CCCNC(=O)C(Cc2ccccc2)NC(=O)CN1,False
CHEMBL3895776,CC[C@H](C)[C@@H]1NCCOc2ccccc2CCCNC(=O)[C@@H](Cc2ccc(F)cc2)NC(=O)[C@@H](C)N(C)C1=O,9.0,540.6800000000002,2.845600000000001,99.77000000000001,0.5540661804156797,O=C1CNCCOc2ccccc2CCCNC(=O)C(Cc2ccccc2)NC(=O)CN1,False
CHEMBL3909834,CC[C@H](C)[C@@H]1NCCOc2ccccc2CCCNC(=O)[C@@H](Cc2ccc(O)cc2)NC(=O)[C@@H](C)N(C)C1=O,9.0,538.6890000000002,2.4121000000000006,120.0,0.4747445694571444,O=C1CNCCOc2ccccc2CCCNC(=O)C(Cc2ccccc2)NC(=O)CN1,False
CHEMBL3893048,CC[C@H](C)[C@@H]1NCCOc2ccccc2CCCNC(=O)[C@@H](Cc2ccc(OC)cc2)NC(=O)[C@@H](C)N(C)C1=O,9.0,552.7160000000002,2.7151000000000023,109.0,0.5265352288387419,O=C1CNCCOc2ccccc2CCCNC(=O)C(Cc2ccccc2)NC(=O)CN1,False
CHEMBL3907497,CC[C@H](C)[C@@H]1NCCOc2ccccc2CCCNC(=O)[C@@H](Cc2ccc3ccccc3c2)NC(=O)[C@@H](C)N(C)C1=O,9.0,572.7500000000001,3.859700000000002,99.77000000000001,0.44111387540481856,O=C1CNCCOc2ccccc2CCCNC(=O)C(Cc2ccc3ccccc3c2)NC(=O)CN1,False
CHEMBL3910300,CC[C@H](C)[C@@H]1NCCOc2ccccc2CCCNC(=O)[C@@H](Cc2cccc3ccccc23)NC(=O)[C@@H](C)N(C)C1=O,9.0,572.7500000000001,3.859700000000002,99.77000000000001,0.44111387540481856,O=C1CNCCOc2ccccc2CCCNC(=O)C(Cc2cccc3ccccc23)NC(=O)CN1,False
CHEMBL1923609,CC[C@H](C)[C@@H]1NCCOc2ccccc2CCCNC(=O)[C@@H](Cc2ccccc2)NC(=O)[C@@H](C)N(C)C1=O,9.0,522.6900000000002,2.706500000000001,99.77000000000001,0.5735543559871153,O=C1CNCCOc2ccccc2CCCNC(=O)C(Cc2ccccc2)NC(=O)CN1,False
CHEMBL3931856,CC[C@H](C)[C@@H]1NCCOc2ccccc2CCCNC(=O)[C@@H](Cc2ccccc2)NC(=O)[C@@H](C)NC1=O,6.787812395596042,508.6630000000002,2.3643,108.56,0.5072043849882436,O=C1CNCCOc2ccccc2CCCNC(=O)C(Cc2ccccc2)NC(=O)CN1,False
CHEMBL3898794,CC[C@H](C)[C@@H]1NCCOc2ccccc2CCCNC(=O)[C@@H](Cc2ccccc2Cl)NC(=O)[C@@H](C)N(C)C1=O,9.0,557.1350000000001,3.3599000000000014,99.77000000000001,0.5361526367612787,O=C1CNCCOc2ccccc2CCCNC(=O)C(Cc2ccccc2)NC(=O)CN1,False
CHEMBL3924192,CC[C@H](C)[C@@H]1NCCOc2ccccc2CCCNC(=O)[C@@H](Cc2cccnc2)NC(=O)[C@@H](C)N(C)C1=O,7.0,523.6780000000002,2.1015000000000015,112.66,0.5659524392448627,O=C1CNCCOc2ccccc2CCCNC(=O)C(Cc2cccnc2)NC(=O)CN1,False
CHEMBL1923634,CC[C@H](C)[C@@H]1NCCOc2ccccc2CCNC(=O)[C@@H](Cc2ccccc2)NC(=O)[C@@H](C)N(C)C1=O,6.637862065199606,508.6630000000003,2.3164000000000007,99.77000000000001,0.5887721184193223,O=C1CNCCOc2ccccc2CCNC(=O)C(Cc2ccccc2)NC(=O)CN1,False
CHEMBL3942642,CC[C@H](C)[C@@H]1NCCc2ccccc2CCCNC(=O)[C@@H](Cc2ccccc2)NC(=O)[C@@H](C)N(C)C1=O,7.0,506.69100000000026,2.8702000000000014,90.53999999999999,0.5949242967943642,O=C1CNCCc2ccccc2CCCNC(=O)C(Cc2ccccc2)NC(=O)CN1,False
CHEMBL3921499,CC[C@H](C)[C@@H]1NC[C@H](C)Oc2ccccc2CCCNC(=O)[C@@H](Cc2ccccc2)NC(=O)[C@@H](C)N(C)C1=O,9.0,536.7170000000002,3.0950000000000015,99.77000000000001,0.5578403005040405,O=C1CNCCOc2ccccc2CCCNC(=O)C(Cc2ccccc2)NC(=O)CN1,False
CHEMBL3937200,CC[C@H](C)[C@@H]1NCc2ccccc2C/C=C\CCNC(=O)[C@@H](Cc2ccccc2)NC(=O)[C@@H](C)N(C)C1=O,9.0,518.7020000000002,3.3839000000000015,90.53999999999999,0.5415528364133491,O=C1CNCc2ccccc2CC=CCCNC(=O)C(Cc2ccccc2)NC(=O)CN1,False
CHEMBL3963078,CC[C@H](C)[C@@H]1NCc2ccccc2C/C=C\CNC(=O)[C@@H](Cc2ccccc2)NC(=O)[C@@H](C)N(C)C1=O,7.0,504.6750000000003,2.993800000000001,90.53999999999999,0.5586744137219177,O=C1CNCc2ccccc2CC=CCNC(=O)C(Cc2ccccc2)NC(=O)CN1,False
CHEMBL3958451,CC[C@H](C)[C@@H]1NCc2ccccc2CCCCCNC(=O)[C@@H](Cc2ccccc2)NC(=O)[C@@H](C)N(C)C1=O,7.0,520.7180000000002,3.6079000000000017,90.53999999999999,0.5746160417365513,O=C1CNCc2ccccc2CCCCCNC(=O)C(Cc2ccccc2)NC(=O)CN1,False
CHEMBL3970180,CC[C@H](C)[C@@H]1NCc2ccccc2CCCCNC(=O)[C@@H](Cc2ccccc2)NC(=O)[C@@H](C)N(C)C1=O,7.0,506.69100000000026,3.2178000000000004,90.53999999999999,0.594048878958098,O=C1CNCc2ccccc2CCCCNC(=O)C(Cc2ccccc2)NC(=O)CN1,False
CHEMBL3959108,CC[C@H](C)[C@]1(C)NCCOc2ccccc2CCCNC(=O)[C@@H](CC(C)C)NC(=O)[C@@H](C)N(C)C1=O,9.0,502.7000000000003,2.900000000000003,99.77000000000001,0.5880092315765961,O=C1CNCCOc2ccccc2CCCNC(=O)CNC(=O)CN1,False
CHEMBL4293331,CC[C@H](NC(=O)N(C)C1CCN(C2CCc3cc(-c4cc(C)ncn4)ccc32)CC1)c1ccc(C#CC2CC2)c(Cl)c1Cl,6.514278573518419,616.6370000000002,7.7647200000000085,61.36000000000001,0.28776690376478453,O=C(NCc1ccc(C#CC2CC2)cc1)NC1CCN(C2CCc3cc(-c4ccncn4)ccc32)CC1,False
CHEMBL2113327,CCc1ccc(-n2c(CCc3c[nH]c4ccccc34)nnc2[C@@H](Cc2c[nH]c3ccccc23)NC(=O)C2CCNCC2)cc1,7.823908740944319,585.7560000000001,5.9771000000000045,103.41999999999999,0.15889406978811918,O=C(NC(Cc1c[nH]c2ccccc12)c1nnc(CCc2c[nH]c3ccccc23)n1-c1ccccc1)C1CCNCC1,True
CHEMBL239464,CCc1ccc(CN2C([C@@H](Cc3c[nH]c4ccccc34)NC(=O)C3CNCCN3)=NNC2CCc2ccccc2)cc1,6.844663962534938,563.7500000000003,3.696800000000003,96.58,0.19187435896533253,O=C(NC(Cc1c[nH]c2ccccc12)C1=NNC(CCc2ccccc2)N1Cc1ccccc1)C1CNCCN1,True
CHEMBL374992,CCc1ccc(Cn2c(CCc3ccccc3)nnc2[C@@H](Cc2c[nH]c3ccccc23)NC(=O)C(C)(C)N)cc1,7.958607314841775,534.7080000000003,5.292600000000003,101.61999999999999,0.21422310812511122,c1ccc(CCc2nnc(CCc3c[nH]c4ccccc34)n2Cc2ccccc2)cc1,True
CHEMBL2113328,CCc1ccc(Cn2c(CCc3ccccc3)nnc2[C@@H](Cc2c[nH]c3ccccc23)NC(=O)C2CCNCC2)cc1,8.113509274827518,560.7460000000002,5.554900000000004,87.63,0.19757149207028296,O=C(NC(Cc1c[nH]c2ccccc12)c1nnc(CCc2ccccc2)n1Cc1ccccc1)C1CCNCC1,True
CHEMBL4636229,CN(C(=O)[C@H]1CN(S(=O)(=O)c2ccccc2)C[C@@H]1N(C)C(=O)c1cc(-c2ccccc2Cl)on1)[C@H]1CCCNC1,7.600499649138355,586.114,2.9667000000000003,116.06,0.4530629172903615,O=C(NC1CN(S(=O)(=O)c2ccccc2)CC1C(=O)NC1CCCNC1)c1cc(-c2ccccc2)on1,False
CHEMBL4643595,CN(C(=O)[C@H]1CN(S(=O)(=O)c2ccccc2)C[C@@H]1NC(=O)c1cc(-c2ccccc2Cl)on1)[C@H]1CCCNC1,7.903802285131508,572.087,2.6245000000000003,124.85,0.4464690085855544,O=C(NC1CN(S(=O)(=O)c2ccccc2)CC1C(=O)NC1CCCNC1)c1cc(-c2ccccc2)on1,False
CHEMBL4649603,CN(C(=O)c1cc(-c2ccccc2Cl)on1)[C@H]1CN(S(=O)(=O)c2ccccc2)C[C@@H]1C(=O)N[C@H]1CCCNC1,8.981286751029689,572.087,2.6245000000000003,124.85,0.4464690085855544,O=C(NC1CN(S(=O)(=O)c2ccccc2)CC1C(=O)NC1CCCNC1)c1cc(-c2ccccc2)on1,False
CHEMBL4167669,CN(C)CCC(=O)N[C@H]1c2ccccc2C[C@@H]1NC(=O)c1cc2cc(F)c(F)cc2[nH]1,7.477985045026767,426.46700000000016,2.9097999999999997,77.23,0.5673486383512911,O=C(NC1Cc2ccccc2C1)c1cc2ccccc2[nH]1,False
CHEMBL4172217,CN(C)CCNC(=O)[C@@H]1c2ccccc2C[C@H]1NC(=O)c1cc2ccccc2[nH]1,6.2003288113642245,390.48700000000014,2.283999999999999,77.23,0.6043693391146607,O=C(NC1Cc2ccccc2C1)c1cc2ccccc2[nH]1,False
CHEMBL4164328,CN(C)CCNC(=O)[C@H]1c2ccccc2C[C@@H]1NC(=O)c1cc2ccccc2[nH]1,8.749470368891124,390.48700000000014,2.283999999999999,77.23,0.6043693391146607,O=C(NC1Cc2ccccc2C1)c1cc2ccccc2[nH]1,False
CHEMBL237492,CN(CCCCO)C(=O)OCCn1nnnc1[C@@H](COCc1ccccc1)NC(=O)C(C)(C)N,8.42021640338319,477.56600000000026,0.6254000000000025,157.72000000000003,0.331765335951774,c1ccc(COCCc2nnn[nH]2)cc1,False
CHEMBL263389,CN(CCc1cccc(O)c1)C(=O)CCCn1nnnc1[C@@H](COCc1ccccc1)NC(=O)C(C)(C)N,8.508638306165727,523.6380000000001,1.9714,148.49,0.2904241598476256,O=C(CCCn1nnnc1CCOCc1ccccc1)NCCc1ccccc1,True
CHEMBL260849,CN(CCc1cccc(S(=O)(=O)CCO)c1)C(=O)CCCn1nnnc1[C@@H](COCc1ccccc1)NC(=O)C(C)(C)N,8.537602002101044,615.7570000000001,1.0318000000000032,182.63000000000002,0.1982998621838434,O=C(CCCn1nnnc1CCOCc1ccccc1)NCCc1ccccc1,True
CHEMBL380096,CN(CCc1ccccc1NS(C)(=O)=O)C(=O)[C@@H](Cc1ccc2ccccc2c1)N(C)C(=O)/C=C/CC(C)(C)N,7.742328053455809,564.7520000000001,3.9655000000000022,112.80999999999999,0.32347320459449685,O=C(CCc1ccc2ccccc2c1)NCCc1ccccc1,True
CHEMBL441360,CN(CCc1ccccc1OCCO)C(=O)[C@@H](Cc1ccc2ccccc2c1)N(C)C(=O)/C=C/CC(C)(C)N,8.300509466670935,531.6970000000001,3.9651000000000023,96.10000000000001,0.32561791239344584,O=C(CCc1ccc2ccccc2c1)NCCc1ccccc1,True
CHEMBL379564,CN(CCc1cccs1)C(=O)[C@@H](Cc1ccc(-c2ccccc2)cc1)N(C)C(=O)/C=C/CC(C)(C)N,8.300509466670935,503.7120000000002,5.169300000000004,66.64,0.36726334273734085,O=C(CCc1ccc(-c2ccccc2)cc1)NCCc1cccs1,True
CHEMBL383526,CN(CCc1cccs1)C(=O)[C@@H](Cc1ccc2ccccc2c1)N(C)C(=O)/C=C/CC(C)(C)N,8.122462949120763,477.6740000000002,4.6555000000000035,66.64,0.4321858316641702,O=C(CCc1ccc2ccccc2c1)NCCc1cccs1,False
CHEMBL392076,CN(c1ccccc1CCCn1nnnc1[C@@H](COCc1ccccc1)NC(=O)C(C)(C)N)S(C)(=O)=O,7.853871964321762,529.6670000000003,1.8131000000000017,145.33,0.34097828076701137,c1ccc(CCCn2nnnc2CCOCc2ccccc2)cc1,True
CHEMBL4164107,CN1CCCCC(C(=O)N[C@H]2c3ccccc3C[C@@H]2NC(=O)c2ccc3c(ccn3C)c2)C1,7.259597115067555,444.5790000000002,3.422200000000002,66.37,0.6480923676131135,O=C(NC1Cc2ccccc2C1NC(=O)C1CCCCNC1)c1ccc2[nH]ccc2c1,False
CHEMBL4171300,CN1CCCO[C@@H](C(=O)N[C@H]2c3ccccc3C[C@@H]2NC(=O)c2ccc3c(ccn3C)c2)C1,6.59084818137615,446.5510000000002,2.4110000000000005,75.6,0.6455334850296928,O=C(NC1Cc2ccccc2C1NC(=O)C1CNCCCO1)c1ccc2[nH]ccc2c1,False
CHEMBL4160705,CN1CCCO[C@H](C(=O)N[C@H]2c3ccccc3C[C@@H]2NC(=O)c2ccc3c(ccn3C)c2)C1,8.0,446.5510000000002,2.4110000000000005,75.6,0.6455334850296928,O=C(NC1Cc2ccccc2C1NC(=O)C1CNCCCO1)c1ccc2[nH]ccc2c1,False
CHEMBL4172411,CN1CCC[C@@H](C(=O)N[C@H]2c3ccccc3C[C@@H]2NC(=O)c2ccc3c(ccn3C)c2)C1,6.784774606607562,430.5520000000002,3.0321000000000007,66.37,0.6687398057611024,O=C(NC1Cc2ccccc2C1NC(=O)C1CCCNC1)c1ccc2[nH]ccc2c1,False
CHEMBL4164531,CN1CCC[C@H](C(=O)N[C@H]2c3ccccc3C[C@@H]2NC(=O)c2ccc3c(ccn3C)c2)C1,7.576411166796311,430.5520000000002,3.0321000000000007,66.37,0.6687398057611024,O=C(NC1Cc2ccccc2C1NC(=O)C1CCCNC1)c1ccc2[nH]ccc2c1,False
CHEMBL4168863,CN1CCC[C@H]1CC(=O)N[C@H]1c2ccccc2C[C@@H]1NC(=O)c1ccc2c(ccn2C)c1,7.710651749512202,430.55200000000013,3.1746000000000008,66.37,0.653479298717126,O=C(CC1CCCN1)NC1c2ccccc2CC1NC(=O)c1ccc2[nH]ccc2c1,False
CHEMBL4167965,CN1CCO[C@@H](C(=O)N[C@H]2c3ccccc3C[C@@H]2NC(=O)c2ccc3c(ccn3C)c2)C1,6.581123545625829,432.52400000000017,2.0208999999999984,75.6,0.6615806838549689,O=C(NC1Cc2ccccc2C1NC(=O)C1CNCCO1)c1ccc2[nH]ccc2c1,False
CHEMBL4175823,CN1CCO[C@H](C(=O)N[C@H]2c3ccccc3C[C@@H]2NC(=O)c2ccc3c(ccn3C)c2)C1,7.688918902621657,432.52400000000017,2.0208999999999984,75.6,0.6615806838549689,O=C(NC1Cc2ccccc2C1NC(=O)C1CNCCO1)c1ccc2[nH]ccc2c1,False
CHEMBL4171137,CN1CC[C@@H](C(=O)N[C@H]2c3ccccc3C[C@@H]2NC(=O)c2ccc3c(ccn3C)c2)C1,6.8947095280780335,416.5250000000002,2.6420000000000003,66.37,0.6872555033979,O=C(NC1Cc2ccccc2C1NC(=O)C1CCNC1)c1ccc2[nH]ccc2c1,False
CHEMBL4160541,CN1CC[C@H](C(=O)N[C@H]2c3ccccc3C[C@@H]2NC(=O)c2ccc3c(ccn3C)c2)C1,6.601028822700004,416.5250000000002,2.6420000000000003,66.37,0.6872555033979,O=C(NC1Cc2ccccc2C1NC(=O)C1CCNC1)c1ccc2[nH]ccc2c1,False
CHEMBL113313,CN1N=C2CCN(C(=O)[C@@H](COCc3ccccc3)NC(=O)C(C)(C)N)C[C@@]2(Cc2ccccc2)C1=O,9.04288132611613,505.6190000000003,1.7147000000000003,117.33000000000001,0.5381956749079213,O=C(CCOCc1ccccc1)N1CCC2=NNC(=O)C2(Cc2ccccc2)C1,True
CHEMBL209020,CN1N=C2CCN(C(=O)[C@@H](COCc3ccccc3)NC(=O)C(C)(C)N)C[C@]2(Cc2ccccc2)C1=O,8.521435901161594,505.6190000000003,1.7147000000000003,117.33000000000001,0.5381956749079213,O=C(CCOCc1ccccc1)N1CCC2=NNC(=O)C2(Cc2ccccc2)C1,True
CHEMBL47938,CNC(=O)NCc1ccccc1-c1ccc(CN2C(=O)[C@H](NC(=O)C(C)(C)N)CCc3ccccc32)cc1,9.0,513.6420000000003,3.4841000000000015,116.55999999999999,0.3870035280388551,O=C1CCCc2ccccc2N1Cc1ccc(-c2ccccc2)cc1,False
CHEMBL281764,CNC(=O)[C@@H](Cc1ccccc1)N(C)C(=O)[C@@H](Cc1ccc2ccccc2c1)N(C)C(=O)/C=C/CC(C)(C)N,8.521435901161594,528.6970000000001,3.7086000000000015,95.74,0.3710895828912651,O=C(CCc1ccc2ccccc2c1)NCCc1ccccc1,True
CHEMBL1162058,CNC(C)(C)C/C=C/C(=O)N(C)[C@H](Cc1ccc2ccccc2c1)C(=O)N(C)CCc1ccccc1,8.521435901161594,485.67200000000025,4.854700000000005,52.650000000000006,0.39500854851497663,O=C(CCc1ccc2ccccc2c1)NCCc1ccccc1,False
CHEMBL376970,CNC(C)(C)C/C=C/C(=O)N(C)[C@H](Cc1ccc2ccccc2c1)C(=O)N(C)CCc1ccccc1OCCO,8.300509466670935,545.7240000000003,4.225800000000005,82.11000000000001,0.2965419428566644,O=C(CCc1ccc2ccccc2c1)NCCc1ccccc1,True
CHEMBL379074,CNC(C)(C)C/C=C/C(=O)N(C)[C@H](Cc1ccc2ccccc2c1)C(=O)N(C)CCc1cccs1,9.098462725229332,491.70100000000025,4.916200000000005,52.650000000000006,0.3876707983313566,O=C(CCc1ccc2ccccc2c1)NCCc1cccs1,False
CHEMBL1162926,CNC(C)(C)C/C=C/C(=O)N(C)[C@H](Cc1ccc2ccccc2c1)C(=O)N(C)Cc1ccccc1,8.521435901161594,471.6450000000002,4.812200000000004,52.650000000000006,0.4318215495223517,O=C(CCc1ccc2ccccc2c1)NCc1ccccc1,False
CHEMBL482203,CNC1CCN(C(=O)[C@@H]2CCCCN2S(=O)(=O)c2ccc(-c3ccc(C)o3)cc2)C1,8.0,431.55800000000016,2.618520000000001,82.86,0.7869503908769581,O=C(C1CCCCN1S(=O)(=O)c1ccc(-c2ccco2)cc1)N1CCCC1,False
CHEMBL181764,COC(=O)C(C)(C)OC(=O)N1CCc2cc(OCc3ccccc3)ccc2C1C(=O)NCCN(C(C)C)C(C)C,8.823908740944319,553.7000000000002,4.488000000000003,97.41000000000001,0.40973746757479246,c1ccc(COc2ccc3c(c2)CCNC3)cc1,True
CHEMBL3799222,COC(=O)C(CC(C)C)C(=O)N[C@H](Cc1c[nH]c2ccccc12)c1nnc([C@@H](Cc2c[nH]c3ccccc23)NC(=O)[C@@H](N)CCCCN)n1Cc1ccc(OC)cc1,7.698970004336019,789.9819999999996,5.389200000000003,208.06,0.033260928114861296,c1ccc(Cn2c(CCc3c[nH]c4ccccc34)nnc2CCc2c[nH]c3ccccc23)cc1,True
CHEMBL237060,COC(=O)C(c1ccccc1)n1nnc([C@@H](COCc2ccccc2)NC(=O)C(C)(C)N)n1,5.498940737782249,452.5150000000002,1.5469,134.25,0.4425868949505908,c1ccc(COCCc2nnn(Cc3ccccc3)n2)cc1,False
CHEMBL235793,COC(=O)C(c1ccccc1)n1nnnc1[C@@H](COCc1ccccc1)NC(=O)C(C)(C)N,7.698970004336019,452.5150000000002,1.5469,134.25000000000003,0.4425868949505908,c1ccc(COCCc2nnnn2Cc2ccccc2)cc1,False
CHEMBL392268,COC(=O)CCCn1nnnc1[C@@H](COCc1ccccc1)NC(=O)C(C)(C)N,7.259637310505756,404.4710000000001,0.7377000000000009,134.25000000000003,0.5237386523049986,c1ccc(COCCc2nnn[nH]2)cc1,False
CHEMBL235446,COC(=O)CCn1nnnc1[C@@H](COCc1ccccc1)NC(=O)C(C)(C)N,7.366531544420414,390.44400000000013,0.34760000000000135,134.25000000000003,0.5549855274119054,c1ccc(COCCc2nnn[nH]2)cc1,False
CHEMBL235012,COC(=O)CCn1nnnc1[C@@H](Cc1c[nH]c2ccccc12)NC(=O)C(C)(C)N,6.698970004336019,399.4550000000002,0.8548,140.81,0.4769651911304388,c1ccc2c(CCc3nnn[nH]3)c[nH]c2c1,False
CHEMBL284295,COC(=O)CS(=O)(=O)Nc1ccccc1N1CCN(C(=O)[C@@H](CCCc2ccccc2)NC(=O)C(C)(C)N)CC1,8.348385766876408,573.7160000000001,1.4949000000000012,151.14,0.32331405219855586,O=C(CCCCc1ccccc1)N1CCN(c2ccccc2)CC1,True
CHEMBL3798337,COC(=O)[C@H](CC(C)C)NC(=O)C(CC(C)C)C(=O)N[C@H](Cc1c[nH]c2ccccc12)c1nnc([C@@H](Cc2c[nH]c3ccccc23)NC(=O)[C@@H](N)CCCCN)n1Cc1ccc(OC)cc1,7.086186147616283,903.1419999999995,5.920100000000005,237.16,0.021510648965326517,c1ccc(Cn2c(CCc3c[nH]c4ccccc34)nnc2CCc2c[nH]c3ccccc23)cc1,True
CHEMBL4286849,COC(=O)c1ccc([C@H](C)NC(=O)N(C)C2CCN(C3CCc4cc(-c5cc(C)ncn5)ccc43)CC2)c(Cl)c1Cl,7.017728766960431,596.5590000000002,6.399720000000007,87.66000000000001,0.3316775613670074,O=C(NCc1ccccc1)NC1CCN(C2CCc3cc(-c4ccncn4)ccc32)CC1,False
CHEMBL4175534,COCCNCCC(=O)N[C@H]1c2ccccc2C[C@@H]1NC(=O)c1cc2ccccc2n1C,6.797939075968737,434.5400000000002,2.3164000000000007,84.39000000000001,0.4514952311998108,O=C(NC1Cc2ccccc2C1)c1cc2ccccc2[nH]1,False
CHEMBL2364391,COCc1cccc(-c2ccc(S(=O)(=O)Nc3cc(N4C[C@@H](C)N[C@@H](C)C4)ccc3OC)cc2)c1,8.199970640755865,495.64500000000027,4.496000000000004,79.9,0.47922305461712206,O=S(=O)(Nc1cccc(N2CCNCC2)c1)c1ccc(-c2ccccc2)cc1,False
CHEMBL523786,COc1c(-c2ccccc2)cccc1N(C[C@H]1CCCN1)C(=O)COc1ccccc1,5.301029995663981,416.52100000000013,4.526200000000003,50.8,0.5863696115990452,O=C(COc1ccccc1)N(CC1CCCN1)c1cccc(-c2ccccc2)c1,False
CHEMBL2364469,COc1cc(-c2cc(C)cs2)ccc1S(=O)(=O)Nc1cccc(N2C[C@@H](C)N[C@@H](C)C2)c1,8.199970640755865,471.6480000000002,4.719520000000003,70.67,0.5444134711632961,O=S(=O)(Nc1cccc(N2CCNCC2)c1)c1ccc(-c2cccs2)cc1,False
CHEMBL2364470,COc1cc(-c2ccco2)ccc1S(=O)(=O)Nc1cccc(N2C[C@@H](C)N[C@@H](C)C2)c1,7.700057099977233,441.55300000000017,3.9426000000000023,83.80999999999999,0.602834635790206,O=S(=O)(Nc1cccc(N2CCNCC2)c1)c1ccc(-c2ccco2)cc1,False
CHEMBL2364471,COc1cc(-c2cccs2)ccc1S(=O)(=O)Nc1cccc(N2C[C@@H](C)N[C@@H](C)C2)c1,7.700057099977233,457.62100000000015,4.411100000000002,70.67,0.5737517350820542,O=S(=O)(Nc1cccc(N2CCNCC2)c1)c1ccc(-c2cccs2)cc1,False
CHEMBL2364463,COc1cc(Br)ccc1S(=O)(=O)Nc1cc(N2C[C@@H](C)N[C@@H](C)C2)ccc1F,7.0,472.38000000000017,3.584200000000002,70.67,0.6965145302967335,O=S(=O)(Nc1cccc(N2CCNCC2)c1)c1ccccc1,False
CHEMBL2364373,COc1cc(F)c(N2C[C@@H](C)N[C@@H](C)C2)cc1NS(=O)(=O)c1ccc(-c2ccccn2)s1,7.700057099977233,476.5990000000002,3.9452000000000025,83.56,0.5607112316305488,O=S(=O)(Nc1cccc(N2CCNCC2)c1)c1ccc(-c2ccccn2)s1,False
CHEMBL2364372,COc1cc(F)c(N2C[C@@H](C)N[C@@H](C)C2)cc1NS(=O)(=O)c1ccc(-c2cccs2)cc1,8.100015437450608,475.6110000000002,4.550200000000004,70.67,0.5474124830208024,O=S(=O)(Nc1cccc(N2CCNCC2)c1)c1ccc(-c2cccs2)cc1,False
CHEMBL248746,COc1cc2c(cc1N1CCNC(C)(C)C1)N(S(=O)(=O)c1ccc(-c3ccccn3)s1)CC2,7.79997073344623,484.6470000000002,3.758300000000003,74.77000000000001,0.5945019276571016,O=S(=O)(c1ccc(-c2ccccn2)s1)N1CCc2ccc(N3CCNCC3)cc21,False
CHEMBL400125,COc1cc2c(cc1N1CCNCC1)N(S(=O)(=O)c1ccc(-c3ccccn3)s1)CC2,7.199970640755866,456.5930000000002,2.979700000000001,74.77000000000001,0.636334154116212,O=S(=O)(c1ccc(-c2ccccn2)s1)N1CCc2ccc(N3CCNCC3)cc21,False
CHEMBL400124,COc1cc2c(cc1N1CCN[C@@H](C)C1)N(S(=O)(=O)c1ccc(-c3ccccn3)s1)CC2,8.500038134403809,470.62000000000023,3.3682000000000025,74.77000000000001,0.6163882205673313,O=S(=O)(c1ccc(-c2ccccn2)s1)N1CCc2ccc(N3CCNCC3)cc21,False
CHEMBL248542,COc1cc2c(cc1N1CCN[C@H](C)C1)N(S(=O)(=O)c1ccc(-c3ccccn3)s1)CC2,8.400007822415901,470.62000000000023,3.3682000000000025,74.77000000000001,0.6163882205673313,O=S(=O)(c1ccc(-c2ccccn2)s1)N1CCc2ccc(N3CCNCC3)cc21,False
CHEMBL430398,COc1cc2c(cc1N1C[C@@H](C)N(C)[C@@H](C)C1)N(S(=O)(=O)c1ccc3ccccc3c1)CC2,7.400007822415902,465.6190000000002,4.128600000000004,53.09,0.5800307200661337,O=S(=O)(c1ccc2ccccc2c1)N1CCc2ccc(N3CCNCC3)cc21,False
CHEMBL399704,COc1cc2c(cc1N1C[C@@H](C)N(C)[C@@H](C)C1)N(S(=O)(=O)c1cccc(Br)c1)CC2,6.900008766455315,494.45500000000015,3.7379000000000033,53.09,0.6486248338781331,O=S(=O)(c1ccccc1)N1CCc2ccc(N3CCNCC3)cc21,False
CHEMBL248745,COc1cc2c(cc1N1C[C@@H](C)NC(C)(C)C1)N(S(=O)(=O)c1ccc(-c3ccccn3)s1)CC2,8.0,498.6740000000002,4.146800000000003,74.77000000000001,0.5698155650159606,O=S(=O)(c1ccc(-c2ccccn2)s1)N1CCc2ccc(N3CCNCC3)cc21,False
CHEMBL251365,COc1cc2c(cc1N1C[C@@H](C)N[C@@H](C)C1)N(S(=O)(=O)CCc1ccccc1Cl)CC2,8.299988937677888,464.0310000000003,3.470200000000002,61.88,0.7103068530253182,O=S(=O)(CCc1ccccc1)N1CCc2ccc(N3CCNCC3)cc21,False
CHEMBL401133,COc1cc2c(cc1N1C[C@@H](C)N[C@@H](C)C1)N(S(=O)(=O)Cc1cccc(I)c1)CC2,7.50003813440381,541.455,3.3789000000000025,61.88,0.5888462387361477,O=S(=O)(Cc1ccccc1)N1CCc2ccc(N3CCNCC3)cc21,False
CHEMBL401134,COc1cc2c(cc1N1C[C@@H](C)N[C@@H](C)C1)N(S(=O)(=O)c1ccc(-c3ccccn3)cc1)CC2,9.700057099977233,478.6180000000002,3.6952000000000025,74.77000000000001,0.6029076442828205,O=S(=O)(c1ccc(-c2ccccn2)cc1)N1CCc2ccc(N3CCNCC3)cc21,False
CHEMBL251572,COc1cc2c(cc1N1C[C@@H](C)N[C@@H](C)C1)N(S(=O)(=O)c1ccc(-c3ccccn3)s1)CC2,9.79997073344623,484.6470000000002,3.756700000000003,74.77000000000001,0.5945256538715826,O=S(=O)(c1ccc(-c2ccccn2)s1)N1CCc2ccc(N3CCNCC3)cc21,False
CHEMBL251573,COc1cc2c(cc1N1C[C@@H](C)N[C@@H](C)C1)N(S(=O)(=O)c1ccc(-c3ccon3)s1)CC2,8.599980364934842,474.60800000000023,3.349700000000002,87.91000000000001,0.606701728307073,O=S(=O)(c1ccc(-c2ccon2)s1)N1CCc2ccc(N3CCNCC3)cc21,False
CHEMBL251169,COc1cc2c(cc1N1C[C@@H](C)N[C@@H](C)C1)N(S(=O)(=O)c1ccc3ccccc3c1)CC2,9.299988937677888,451.5920000000002,3.786400000000003,61.88,0.6540953323884984,O=S(=O)(c1ccc2ccccc2c1)N1CCc2ccc(N3CCNCC3)cc21,False
CHEMBL251366,COc1cc2c(cc1N1C[C@@H](C)N[C@@H](C)C1)N(S(=O)(=O)c1cccc(-c3ccccn3)c1)CC2,7.700057099977233,478.6180000000002,3.6952000000000025,74.77000000000001,0.6029076442828205,O=S(=O)(c1cccc(-c2ccccn2)c1)N1CCc2ccc(N3CCNCC3)cc21,False
CHEMBL248544,COc1cc2c(cc1N1C[C@H](C)NC(C)(C)C1)N(S(=O)(=O)c1ccc(-c3ccccn3)s1)CC2,9.100015437450608,498.6740000000002,4.146800000000003,74.77000000000001,0.5698155650159606,O=S(=O)(c1ccc(-c2ccccn2)s1)N1CCc2ccc(N3CCNCC3)cc21,False
CHEMBL4761319,COc1ccc(/C=C(\C#N)C(=O)NCC(=O)N[C@H](Cc2c[nH]c3ccccc23)c2nnc(CCN3CCCCC3)n2Cc2ccc(OC)cc2)cc1,7.638272163982407,700.844,4.9766800000000035,150.19,0.1023459175471388,O=C(C=Cc1ccccc1)NCC(=O)NC(Cc1c[nH]c2ccccc12)c1nnc(CCN2CCCCC2)n1Cc1ccccc1,True
CHEMBL4753046,COc1ccc(/C=C(\C#N)C(=O)NCC(=O)N[C@H](Cc2c[nH]c3ccccc23)c2nnc(CCc3c[nH]c4ccccc34)n2Cc2ccc(OC)cc2)cc1,7.6020599913279625,732.8450000000001,6.2147800000000055,162.73999999999998,0.07192592523772237,O=C(C=Cc1ccccc1)NCC(=O)NC(Cc1c[nH]c2ccccc12)c1nnc(CCc2c[nH]c3ccccc23)n1Cc1ccccc1,True
CHEMBL4760409,COc1ccc(/C=C(\C#N)C(=O)NCC(=O)N[C@H](Cc2c[nH]c3ccccc23)c2nnc(CCc3ccccc3)n2Cc2ccc(OC)cc2)cc1,7.301029995663981,693.8080000000001,5.7334800000000055,146.95,0.0919394587785553,O=C(C=Cc1ccccc1)NCC(=O)NC(Cc1c[nH]c2ccccc12)c1nnc(CCc2ccccc2)n1Cc1ccccc1,True
CHEMBL4791255,COc1ccc(/C=C(\C#N)C(=O)NCCC(=O)N[C@H](Cc2c[nH]c3ccccc23)c2nnc(CCc3ccccc3)n2Cc2ccc(OC)cc2)cc1,8.443697499232712,707.8350000000002,6.123580000000006,146.95,0.08111857205567556,O=C(C=Cc1ccccc1)NCCC(=O)NC(Cc1c[nH]c2ccccc12)c1nnc(CCc2ccccc2)n1Cc1ccccc1,True
CHEMBL4753794,COc1ccc(/C=C(\C#N)C(=O)N[C@@H](C)C(=O)N[C@H](Cc2c[nH]c3ccccc23)c2nnc(CCc3ccccc3)n2Cc2ccc(OC)cc2)cc1,8.853871964321762,707.8350000000002,6.121980000000006,146.95,0.08608699432827716,O=C(C=Cc1ccccc1)NCC(=O)NC(Cc1c[nH]c2ccccc12)c1nnc(CCc2ccccc2)n1Cc1ccccc1,True
CHEMBL361802,COc1ccc(CC(=O)N2CCc3cc(OCc4ccccc4)ccc3C2C(=O)NCCN(C(C)C)C(C)C)cc1,7.346787486224656,557.7350000000001,5.177700000000005,71.10999999999999,0.3324799637422546,O=C(Cc1ccccc1)N1CCc2cc(OCc3ccccc3)ccc2C1,True
CHEMBL397594,COc1ccc(CN2C([C@@H](Cc3c[nH]c4ccccc34)NC(=O)C3CCCCC3)=NNC2CCc2ccccc2)cc1,6.4089353929735005,563.7460000000004,6.1619000000000055,81.75,0.20413130493623272,O=C(NC(Cc1c[nH]c2ccccc12)C1=NNC(CCc2ccccc2)N1Cc1ccccc1)C1CCCCC1,True
CHEMBL391588,COc1ccc(CN2C([C@@H](Cc3c[nH]c4ccccc34)NC(=O)C3CCNCC3)=NNC2CCc2ccccc2)c(OC)c1,8.214670164989233,594.7600000000003,4.589800000000003,103.01,0.19145204998192075,O=C(NC(Cc1c[nH]c2ccccc12)C1=NNC(CCc2ccccc2)N1Cc1ccccc1)C1CCNCC1,True
CHEMBL240509,COc1ccc(CN2C([C@@H](Cc3c[nH]c4ccccc34)NC(=O)C3CCNCC3)=NNC2CCc2ccccc2)cc1,8.795880017344075,564.7340000000004,4.581200000000003,93.78,0.214048791660518,O=C(NC(Cc1c[nH]c2ccccc12)C1=NNC(CCc2ccccc2)N1Cc1ccccc1)C1CCNCC1,True
CHEMBL391980,COc1ccc(CN2C([C@@H](Cc3c[nH]c4ccccc34)NC(=O)C3CNCCN3)=NNC2CCc2c[nH]c3ccccc23)cc1,8.060480747381382,604.7590000000002,3.6243000000000034,121.6,0.1370503603605364,O=C(NC(Cc1c[nH]c2ccccc12)C1=NNC(CCc2c[nH]c3ccccc23)N1Cc1ccccc1)C1CNCCN1,True
CHEMBL415674,COc1ccc(CN2C([C@@H](Cc3c[nH]c4ccccc34)NC(=O)C3CNCCN3)=NNC2CCc2ccccc2)c(OC)c1,7.707743928643524,595.7480000000003,3.151600000000003,115.04,0.17101246956667374,O=C(NC(Cc1c[nH]c2ccccc12)C1=NNC(CCc2ccccc2)N1Cc1ccccc1)C1CNCCN1,True
CHEMBL240522,COc1ccc(CN2C([C@@H](Cc3c[nH]c4ccccc34)NC(=O)C3CNCCN3)=NNC2CCc2ccccc2)cc1,7.920818753952375,565.7220000000003,3.1430000000000025,105.81,0.19144873129719792,O=C(NC(Cc1c[nH]c2ccccc12)C1=NNC(CCc2ccccc2)N1Cc1ccccc1)C1CNCCN1,True
CHEMBL241242,COc1ccc(CN2C([C@@H](Cc3c[nH]c4ccccc34)NC(=O)CCN)=NNC2CCc2ccccc2)cc1,6.59176003468815,524.6690000000003,3.9304000000000014,107.77,0.2246644224107227,c1ccc(CCC2NN=C(CCc3c[nH]c4ccccc34)N2Cc2ccccc2)cc1,True
CHEMBL4799766,COc1ccc(C[C@@H](N)C(=O)NCC(=O)N[C@H](Cc2c[nH]c3ccccc23)c2nnc(CCc3ccccc3)n2Cc2ccc(OC)cc2)cc1,7.207608310501746,685.8290000000002,4.696300000000004,149.17999999999998,0.11548953713543225,O=C(CCc1ccccc1)NCC(=O)NC(Cc1c[nH]c2ccccc12)c1nnc(CCc2ccccc2)n1Cc1ccccc1,True
CHEMBL3889512,COc1ccc(C[C@@H]2NC(=O)C3(CCCC3)NC(=O)[C@H](CC(C)C)NCCOc3ccccc3/C=C\CNC2=O)cc1,9.0,576.7380000000003,3.3778000000000024,117.79000000000002,0.4337231116212984,O=C1CNCCOc2ccccc2C=CCNC(=O)C(Cc2ccccc2)NC(=O)C2(CCCC2)N1,False
CHEMBL4797064,COc1ccc(Cn2c(CCN3CCOCC3)nnc2[C@@H](Cc2c[nH]c3ccccc23)NC(=O)CNC(=O)/C(C#N)=C/c2ccc(N(C)C)cc2)cc1,8.221848749616356,715.8589999999999,3.8803800000000024,153.42999999999998,0.10833076437464308,O=C(C=Cc1ccccc1)NCC(=O)NC(Cc1c[nH]c2ccccc12)c1nnc(CCN2CCOCC2)n1Cc1ccccc1,True
CHEMBL4785149,COc1ccc(Cn2c(CCN3CCOCC3)nnc2[C@@H](Cc2c[nH]c3ccccc23)NC(=O)CNC(=O)/C(C#N)=C/c2ccc(O)cc2)cc1,7.376750709602099,688.7890000000001,3.519980000000001,170.41999999999996,0.10072680154953445,O=C(C=Cc1ccccc1)NCC(=O)NC(Cc1c[nH]c2ccccc12)c1nnc(CCN2CCOCC2)n1Cc1ccccc1,True
CHEMBL4780408,COc1ccc(Cn2c(CCN3CCOCC3)nnc2[C@@H](Cc2c[nH]c3ccccc23)NC(=O)CNC(=O)/C(C#N)=C/c2ccccc2)cc1,7.136677139879544,672.7900000000001,3.8143800000000017,150.18999999999997,0.11913015235444342,O=C(C=Cc1ccccc1)NCC(=O)NC(Cc1c[nH]c2ccccc12)c1nnc(CCN2CCOCC2)n1Cc1ccccc1,True
CHEMBL2113321,COc1ccc(Cn2c(CCc3c[nH]c4ccccc34)nnc2[C@@H](Cc2c[nH]c3ccccc23)NC(=O)C2CCCNC2)c(OC)c1,8.275724130399212,631.781,5.491000000000004,121.88000000000001,0.14177074527669,O=C(NC(Cc1c[nH]c2ccccc12)c1nnc(CCc2c[nH]c3ccccc23)n1Cc1ccccc1)C1CCCNC1,True
CHEMBL2113324,COc1ccc(Cn2c(CCc3c[nH]c4ccccc34)nnc2[C@@H](Cc2c[nH]c3ccccc23)NC(=O)C2CCNCC2)c(OC)c1,9.221848749616356,631.781,5.491000000000004,121.88000000000001,0.14177074527669,O=C(NC(Cc1c[nH]c2ccccc12)c1nnc(CCc2c[nH]c3ccccc23)n1Cc1ccccc1)C1CCNCC1,True
CHEMBL266063,COc1ccc(Cn2c(CCc3c[nH]c4ccccc34)nnc2[C@@H](Cc2c[nH]c3ccccc23)NC(=O)C2CCNCC2)cc1,8.522878745280337,601.755,5.482400000000004,112.65,0.15711609682073904,O=C(NC(Cc1c[nH]c2ccccc12)c1nnc(CCc2c[nH]c3ccccc23)n1Cc1ccccc1)C1CCNCC1,True
CHEMBL403426,COc1ccc(Cn2c(CCc3c[nH]c4ccccc34)nnc2[C@@H](Cc2c[nH]c3ccccc23)NC(=O)OC2CCOCC2)cc1,7.619788758288394,618.738,6.271800000000005,119.08000000000001,0.1574947943329346,O=C(NC(Cc1c[nH]c2ccccc12)c1nnc(CCc2c[nH]c3ccccc23)n1Cc1ccccc1)OC1CCOCC1,True
CHEMBL252255,COc1ccc(Cn2c(CCc3c[nH]c4ccccc34)nnc2[C@@H](Cc2c[nH]c3ccccc23)NC(=O)Oc2ccccn2)cc1,7.1249387366083,611.7060000000002,6.550200000000006,122.74000000000001,0.15249528500353302,O=C(NC(Cc1c[nH]c2ccccc12)c1nnc(CCc2c[nH]c3ccccc23)n1Cc1ccccc1)Oc1ccccn1,True
CHEMBL2113318,COc1ccc(Cn2c(CCc3c[nH]c4ccccc34)nnc2[C@@H](Cc2c[nH]c3ccccc23)NC(=O)[C@@H]2CCCN2)cc1,8.221848749616356,587.7280000000001,5.2348000000000035,112.65,0.1657852331941406,O=C(NC(Cc1c[nH]c2ccccc12)c1nnc(CCc2c[nH]c3ccccc23)n1Cc1ccccc1)C1CCCN1,True
CHEMBL241775,COc1ccc(Cn2c(CCc3c[nH]c4ccccc34)nnc2[C@@H](Cc2c[nH]c3ccccc23)NC(=O)[C@H]2CCCNC2)cc1,8.602059991327963,601.755,5.482400000000004,112.65,0.15711609682073904,O=C(NC(Cc1c[nH]c2ccccc12)c1nnc(CCc2c[nH]c3ccccc23)n1Cc1ccccc1)C1CCCNC1,True
CHEMBL252643,COc1ccc(Cn2c(CCc3c[nH]c4ccccc34)nnc2[C@@H](Cc2c[nH]c3ccccc23)NC(=O)c2ccccn2)cc1,7.920818753952375,595.7070000000002,6.191600000000005,113.51,0.16504207035226331,O=C(NC(Cc1c[nH]c2ccccc12)c1nnc(CCc2c[nH]c3ccccc23)n1Cc1ccccc1)c1ccccn1,True
CHEMBL252448,COc1ccc(Cn2c(CCc3c[nH]c4ccccc34)nnc2[C@H](Cc2c[nH]c3ccccc23)NC(=O)C2CCNCC2)cc1,7.494850021680094,601.755,5.482400000000004,112.65,0.15711609682073904,O=C(NC(Cc1c[nH]c2ccccc12)c1nnc(CCc2c[nH]c3ccccc23)n1Cc1ccccc1)C1CCNCC1,True
CHEMBL251855,COc1ccc(Cn2c(CCc3c[nH]c4ccccc34)nnc2[C@H](Cc2c[nH]c3ccccc23)NC(=O)OC2CCOCC2)cc1,7.619788758288394,618.738,6.271800000000005,119.08000000000001,0.1574947943329346,O=C(NC(Cc1c[nH]c2ccccc12)c1nnc(CCc2c[nH]c3ccccc23)n1Cc1ccccc1)OC1CCOCC1,True
CHEMBL403542,COc1ccc(Cn2c(CCc3c[nH]c4ccccc34)nnc2[C@H](Cc2c[nH]c3ccccc23)NC(=O)Oc2ccccn2)cc1,5.801342913045577,611.7060000000002,6.550200000000006,122.74000000000001,0.15249528500353302,O=C(NC(Cc1c[nH]c2ccccc12)c1nnc(CCc2c[nH]c3ccccc23)n1Cc1ccccc1)Oc1ccccn1,True
CHEMBL3350011,COc1ccc(Cn2c(CCc3c[nH]c4ccccc34)nnc2[C@H](Cc2c[nH]c3ccccc23)NC(=O)[C@@H]2CCCN2)cc1,6.356547323513812,587.7280000000001,5.2348000000000035,112.65,0.1657852331941406,O=C(NC(Cc1c[nH]c2ccccc12)c1nnc(CCc2c[nH]c3ccccc23)n1Cc1ccccc1)C1CCCN1,True
CHEMBL402023,COc1ccc(Cn2c(CCc3c[nH]c4ccccc34)nnc2[C@H](Cc2c[nH]c3ccccc23)NC(=O)c2ccccn2)cc1,7.055517327849831,595.7070000000002,6.191600000000005,113.51,0.16504207035226331,O=C(NC(Cc1c[nH]c2ccccc12)c1nnc(CCc2c[nH]c3ccccc23)n1Cc1ccccc1)c1ccccn1,True
CHEMBL5190973,COc1ccc(Cn2c(CCc3ccccc3)nnc2[C@@H](Cc2c[nH]c3ccccc23)NC(=O)C2CCNCC2)cc1,8.795880017344075,562.7180000000002,5.001100000000004,96.85999999999999,0.21056452655647032,O=C(NC(Cc1c[nH]c2ccccc12)c1nnc(CCc2ccccc2)n1Cc1ccccc1)C1CCNCC1,True
CHEMBL4746362,COc1ccc(Cn2c(CCc3ccccc3)nnc2[C@@H](Cc2c[nH]c3ccccc23)NC(=O)CNC(=O)/C(C#N)=C/c2c[nH]c3ccccc23)cc1,7.552841968657781,702.8190000000001,6.206180000000005,153.50999999999996,0.07816053463593425,O=C(C=Cc1c[nH]c2ccccc12)NCC(=O)NC(Cc1c[nH]c2ccccc12)c1nnc(CCc2ccccc2)n1Cc1ccccc1,True
CHEMBL4744051,COc1ccc(Cn2c(CCc3ccccc3)nnc2[C@@H](Cc2c[nH]c3ccccc23)NC(=O)CNC(=O)/C(C#N)=C/c2ccc(C)cc2)cc1,7.667561540084394,677.8090000000001,6.033300000000006,137.71999999999997,0.09509782506775773,O=C(C=Cc1ccccc1)NCC(=O)NC(Cc1c[nH]c2ccccc12)c1nnc(CCc2ccccc2)n1Cc1ccccc1,True
CHEMBL4793824,COc1ccc(Cn2c(CCc3ccccc3)nnc2[C@@H](Cc2c[nH]c3ccccc23)NC(=O)CNC(=O)/C(C#N)=C/c2ccc(F)cc2)cc1,7.847711655616943,681.7720000000002,5.863980000000005,137.71999999999997,0.09728053616887954,O=C(C=Cc1ccccc1)NCC(=O)NC(Cc1c[nH]c2ccccc12)c1nnc(CCc2ccccc2)n1Cc1ccccc1,True
CHEMBL4745116,COc1ccc(Cn2c(CCc3ccccc3)nnc2[C@@H](Cc2c[nH]c3ccccc23)NC(=O)CNC(=O)/C(C#N)=C/c2ccc(N(C)C)cc2)cc1,7.050609993355087,706.851,5.790880000000005,140.95999999999998,0.0907238722336906,O=C(C=Cc1ccccc1)NCC(=O)NC(Cc1c[nH]c2ccccc12)c1nnc(CCc2ccccc2)n1Cc1ccccc1,True
CHEMBL4777792,COc1ccc(Cn2c(CCc3ccccc3)nnc2[C@@H](Cc2c[nH]c3ccccc23)NC(=O)CNC(=O)/C(C#N)=C/c2ccc(O)cc2)cc1,7.568636235841012,679.7810000000002,5.4304800000000055,157.94999999999996,0.08831506549955771,O=C(C=Cc1ccccc1)NCC(=O)NC(Cc1c[nH]c2ccccc12)c1nnc(CCc2ccccc2)n1Cc1ccccc1,True
CHEMBL4759418,COc1ccc(Cn2c(CCc3ccccc3)nnc2[C@@H](Cc2c[nH]c3ccccc23)NC(=O)CNC(=O)/C(C#N)=C/c2ccc[nH]2)cc1,7.801342913045577,652.7590000000001,5.052980000000003,153.50999999999996,0.09541792511172509,O=C(C=Cc1ccc[nH]1)NCC(=O)NC(Cc1c[nH]c2ccccc12)c1nnc(CCc2ccccc2)n1Cc1ccccc1,True
CHEMBL4800459,COc1ccc(Cn2c(CCc3ccccc3)nnc2[C@@H](Cc2c[nH]c3ccccc23)NC(=O)CNC(=O)/C(C#N)=C/c2ccccc2)cc1,7.346787486224656,663.7820000000002,5.724880000000005,137.71999999999997,0.10066764756639063,O=C(C=Cc1ccccc1)NCC(=O)NC(Cc1c[nH]c2ccccc12)c1nnc(CCc2ccccc2)n1Cc1ccccc1,True
CHEMBL4757313,COc1ccc(Cn2c(CCc3ccccc3)nnc2[C@@H](Cc2c[nH]c3ccccc23)NC(=O)CNC(=O)/C(C#N)=C/c2cccs2)cc1,8.065501548756432,669.8110000000001,5.786380000000005,137.71999999999997,0.09927269654640937,O=C(C=Cc1cccs1)NCC(=O)NC(Cc1c[nH]c2ccccc12)c1nnc(CCc2ccccc2)n1Cc1ccccc1,True
CHEMBL4747770,COc1ccc(Cn2c(CCc3ccccc3)nnc2[C@@H](Cc2c[nH]c3ccccc23)NC(=O)CNC(=O)C2CCN(c3oc(C)nc3C#N)CC2)cc1,8.086186147616283,725.8539999999997,5.202400000000004,166.98999999999998,0.13677916049757322,O=C(CNC(=O)C1CCN(c2cnco2)CC1)NC(Cc1c[nH]c2ccccc12)c1nnc(CCc2ccccc2)n1Cc1ccccc1,True
CHEMBL4753592,COc1ccc(Cn2c(CCc3ccccc3)nnc2[C@@H](Cc2c[nH]c3ccccc23)NC(=O)CNC(=O)CCc2ccc(O)cc2)cc1,7.721246399047171,656.7870000000001,5.4561000000000055,134.15999999999997,0.11611703436926316,O=C(CCc1ccccc1)NCC(=O)NC(Cc1c[nH]c2ccccc12)c1nnc(CCc2ccccc2)n1Cc1ccccc1,True
CHEMBL4763471,COc1ccc(Cn2c(CCc3ccccc3)nnc2[C@@H](Cc2c[nH]c3ccccc23)NC(=O)CNC(=O)Cc2ccc(O)cc2)cc1,6.809668301829708,642.7600000000002,5.066000000000004,134.15999999999997,0.13122117313374373,O=C(Cc1ccccc1)NCC(=O)NC(Cc1c[nH]c2ccccc12)c1nnc(CCc2ccccc2)n1Cc1ccccc1,True
CHEMBL277376,COc1ccc(Cn2c(CCc3ccccc3)nnc2[C@@H](Cc2c[nH]c3ccccc23)NC(=O)[C@@H]2CCCNC2)cc1,7.443697499232712,562.7180000000003,5.001100000000004,96.85999999999999,0.21056452655647032,O=C(NC(Cc1c[nH]c2ccccc12)c1nnc(CCc2ccccc2)n1Cc1ccccc1)C1CCCNC1,True
CHEMBL2113317,COc1ccc(Cn2c(CCc3ccccc3)nnc2[C@@H](Cc2c[nH]c3ccccc23)NCCN)c(OC)c1,6.554395796726403,524.6690000000003,4.442200000000002,103.00999999999999,0.2104337781560266,c1ccc(CCc2nnc(CCc3c[nH]c4ccccc34)n2Cc2ccccc2)cc1,True
CHEMBL399651,COc1ccc(Cn2c(CCc3ccccc3)nnc2[C@H](NC(=O)c2ccccc2)c2c[nH]c3ccccc23)c(OC)c1,7.795880017344075,571.6810000000002,6.129500000000006,94.05999999999999,0.19518112968178067,O=C(NC(c1c[nH]c2ccccc12)c1nnc(CCc2ccccc2)n1Cc1ccccc1)c1ccccc1,True
CHEMBL3797639,COc1ccc(Cn2c([C@@H](Cc3c[nH]c4ccccc34)NC(=O)C(CC(C)C)C(=O)N[C@@H](CC(C)C)C(N)=O)nnc2[C@@H](Cc2c[nH]c3ccccc23)NC(=O)[C@@H](N)CCCCN)cc1,6.769551078621726,888.1309999999995,5.232400000000005,253.95,0.029213658263914696,c1ccc(Cn2c(CCc3c[nH]c4ccccc34)nnc2CCc2c[nH]c3ccccc23)cc1,True
CHEMBL3798559,COc1ccc(Cn2c([C@@H](Cc3c[nH]c4ccccc34)NC(=O)[C@H](CC(C)C)NC(=O)[C@H](CC(C)C)NC(C)=O)nnc2[C@@H](Cc2c[nH]c3ccccc23)NC(=O)C(C)(C)N)cc1,9.096910013008056,859.0889999999998,5.916600000000004,213.93999999999997,0.048872819366553494,c1ccc(Cn2c(CCc3c[nH]c4ccccc34)nnc2CCc2c[nH]c3ccccc23)cc1,True
CHEMBL3800422,COc1ccc(Cn2c([C@@H](Cc3c[nH]c4ccccc34)NC(=O)[C@H](CC(C)C)NC(=O)[C@H](CC(C)C)NC(C)=O)nnc2[C@@H](Cc2c[nH]c3ccccc23)NC(=O)C(C)(C)O)cc1,7.130768280269024,860.073,5.950200000000005,208.14999999999995,0.04871615605568716,c1ccc(Cn2c(CCc3c[nH]c4ccccc34)nnc2CCc2c[nH]c3ccccc23)cc1,True
CHEMBL3798056,COc1ccc(Cn2c([C@@H](Cc3c[nH]c4ccccc34)NC(=O)[C@H](CC(C)C)NC(=O)[C@H](CC(C)C)NC(C)=O)nnc2[C@@H](Cc2c[nH]c3ccccc23)NC(=O)[C@@H](N)CCCCN)cc1,7.154901959985743,902.1579999999996,5.635600000000005,239.95999999999998,0.03506514386521467,c1ccc(Cn2c(CCc3c[nH]c4ccccc34)nnc2CCc2c[nH]c3ccccc23)cc1,True
CHEMBL3797225,COc1ccc(Cn2c([C@@H](Cc3c[nH]c4ccccc34)NC(C)=O)nnc2[C@@H](Cc2c[nH]c3ccccc23)NC(=O)[C@@H](N)CCCCN)cc1,8.397940008672037,675.8379999999999,4.573800000000002,181.76000000000002,0.08125170762299376,c1ccc(Cn2c(CCc3c[nH]c4ccccc34)nnc2CCc2c[nH]c3ccccc23)cc1,True
CHEMBL3798645,COc1ccc(Cn2c([C@@H](Cc3c[nH]c4ccccc34)NC=O)nnc2[C@@H](Cc2c[nH]c3ccccc23)NC(=O)[C@@H](N)CCCCN)cc1,8.0,661.8109999999998,4.183700000000002,181.76000000000002,0.06260867129877663,c1ccc(Cn2c(CCc3c[nH]c4ccccc34)nnc2CCc2c[nH]c3ccccc23)cc1,True
CHEMBL4299615,COc1ccc(Cn2c([C@H](Cc3c[nH]c4ccccc34)NC(=O)C3CCNCC3)nnc2[C@@H](Cc2c[nH]c3ccccc23)NC(=O)[C@@H](CC(C)C)NC(=O)[C@@H](CC(C)C)NC(C)=O)cc1,8.356547323513812,885.1270000000001,6.178900000000005,199.95,0.047161829128532055,O=C(NC(Cc1c[nH]c2ccccc12)c1nnc(CCc2c[nH]c3ccccc23)n1Cc1ccccc1)C1CCNCC1,True
CHEMBL4299606,COc1ccc(Cn2c([C@H](Cc3c[nH]c4ccccc34)NC(=O)[C@H]3CNCCO3)nnc2[C@@H](Cc2c[nH]c3ccccc23)NC(=O)[C@@H](CC(C)C)NC(=O)[C@@H](CC(C)C)NC(C)=O)cc1,7.221848749616356,887.0989999999999,5.167700000000004,209.17999999999998,0.053918936981787915,O=C(NC(Cc1c[nH]c2ccccc12)c1nnc(CCc2c[nH]c3ccccc23)n1Cc1ccccc1)C1CNCCO1,True
CHEMBL260819,COc1ccc(F)c(-c2ccc(S(=O)(=O)Nc3cc(N4C[C@@H](C)N[C@@H](C)C4)ccc3OC)cc2)c1,9.400007822415901,499.6080000000003,4.497300000000004,79.9,0.49851802045797244,O=S(=O)(Nc1cccc(N2CCNCC2)c1)c1ccc(-c2ccccc2)cc1,False
CHEMBL392663,COc1ccc(N2C([C@@H](Cc3c[nH]c4ccccc34)NC(=O)C3CCNCC3)=NNC2CCc2ccccc2)c(OC)c1,7.853871964321762,580.7330000000003,4.594200000000003,103.01,0.20698510479507065,O=C(NC(Cc1c[nH]c2ccccc12)C1=NNC(CCc2ccccc2)N1c1ccccc1)C1CCNCC1,True
CHEMBL2364489,COc1ccc(N2CCN[C@@H](C)C2)cc1NS(=O)(=O)c1ccc(-c2cccs2)cc1,6.799998134593398,443.59400000000016,4.022600000000003,70.67,0.6021272902811168,O=S(=O)(Nc1cccc(N2CCNCC2)c1)c1ccc(-c2cccs2)cc1,False
CHEMBL2364490,COc1ccc(N2CCN[C@H](C)C2)cc1NS(=O)(=O)c1ccc(-c2cccs2)cc1,7.50003813440381,443.59400000000016,4.022600000000003,70.67,0.6021272902811168,O=S(=O)(Nc1cccc(N2CCNCC2)c1)c1ccc(-c2cccs2)cc1,False
CHEMBL2364486,COc1ccc(N2C[C@@H](C)N(C)[C@@H](C)C2)cc1NS(=O)(=O)c1ccc(-c2cccs2)cc1,7.899974269892137,471.64800000000014,4.753300000000004,61.88,0.5620078981344212,O=S(=O)(Nc1cccc(N2CCNCC2)c1)c1ccc(-c2cccs2)cc1,False
CHEMBL2364451,COc1ccc(N2C[C@@H](C)N[C@@H](C)C2)cc1NS(=O)(=O)c1cc(C)c(-c2cccc(C)n2)s1,7.899974269892137,486.66300000000024,4.422940000000003,83.56,0.5365965072114582,O=S(=O)(Nc1cccc(N2CCNCC2)c1)c1ccc(-c2ccccn2)s1,False
CHEMBL2364450,COc1ccc(N2C[C@@H](C)N[C@@H](C)C2)cc1NS(=O)(=O)c1cc(C)c(-c2ccccc2F)s1,7.199970640755866,489.6380000000002,4.858620000000004,70.67,0.517615379574196,O=S(=O)(Nc1cccc(N2CCNCC2)c1)c1ccc(-c2ccccc2)s1,False
CHEMBL2364476,COc1ccc(N2C[C@@H](C)N[C@@H](C)C2)cc1NS(=O)(=O)c1cc(F)c(-c2ccco2)cc1F,7.79997073344623,477.5330000000002,4.220800000000002,83.81,0.5532191096671418,O=S(=O)(Nc1cccc(N2CCNCC2)c1)c1ccc(-c2ccco2)cc1,False
CHEMBL2364369,COc1ccc(N2C[C@@H](C)N[C@@H](C)C2)cc1NS(=O)(=O)c1cc2cc(Cl)ccc2s1,7.599980364934842,466.0280000000002,4.5507000000000035,70.67,0.57800940216161,O=S(=O)(Nc1cccc(N2CCNCC2)c1)c1cc2ccccc2s1,False
CHEMBL2364427,COc1ccc(N2C[C@@H](C)N[C@@H](C)C2)cc1NS(=O)(=O)c1ccc(-c2cc(C)cs2)cc1C,9.400007822415901,485.67500000000024,5.027940000000004,70.67,0.5125891380278264,O=S(=O)(Nc1cccc(N2CCNCC2)c1)c1ccc(-c2cccs2)cc1,False
CHEMBL2364429,COc1ccc(N2C[C@@H](C)N[C@@H](C)C2)cc1NS(=O)(=O)c1ccc(-c2cc(C)cs2)cc1F,9.299988937677888,489.6380000000002,4.858620000000004,70.67,0.517615379574196,O=S(=O)(Nc1cccc(N2CCNCC2)c1)c1ccc(-c2cccs2)cc1,False
CHEMBL2364479,COc1ccc(N2C[C@@H](C)N[C@@H](C)C2)cc1NS(=O)(=O)c1ccc(-c2cc(C)cs2)nc1,8.0,472.6360000000002,4.114520000000002,83.56,0.5616939048480739,O=S(=O)(Nc1cccc(N2CCNCC2)c1)c1ccc(-c2cccs2)nc1,False
CHEMBL2364407,COc1ccc(N2C[C@@H](C)N[C@@H](C)C2)cc1NS(=O)(=O)c1ccc(-c2cc(C)cs2)s1,8.700057099977233,477.6770000000002,4.781020000000003,70.67,0.5346287862073297,O=S(=O)(Nc1cccc(N2CCNCC2)c1)c1ccc(-c2cccs2)s1,False
CHEMBL272753,COc1ccc(N2C[C@@H](C)N[C@@H](C)C2)cc1NS(=O)(=O)c1ccc(-c2cc(Cl)ccc2F)cc1,9.299988937677888,504.02700000000016,5.142100000000005,70.67,0.48700987757048647,O=S(=O)(Nc1cccc(N2CCNCC2)c1)c1ccc(-c2ccccc2)cc1,False
CHEMBL2364417,COc1ccc(N2C[C@@H](C)N[C@@H](C)C2)cc1NS(=O)(=O)c1ccc(-c2ccc(C)cc2)s1,7.50003813440381,471.6480000000002,4.719520000000004,70.67,0.5444134711632961,O=S(=O)(Nc1cccc(N2CCNCC2)c1)c1ccc(-c2ccccc2)s1,False
CHEMBL407706,COc1ccc(N2C[C@@H](C)N[C@@H](C)C2)cc1NS(=O)(=O)c1ccc(-c2ccc(C)o2)cc1,9.100015437450608,455.5800000000002,4.251020000000003,83.81,0.5781518717035962,O=S(=O)(Nc1cccc(N2CCNCC2)c1)c1ccc(-c2ccco2)cc1,False
CHEMBL2364468,COc1ccc(N2C[C@@H](C)N[C@@H](C)C2)cc1NS(=O)(=O)c1ccc(-c2ccc(C)o2)cc1Cl,9.500038134403809,490.0250000000002,4.9044200000000036,83.81,0.5118150345255906,O=S(=O)(Nc1cccc(N2CCNCC2)c1)c1ccc(-c2ccco2)cc1,False
CHEMBL2364485,COc1ccc(N2C[C@@H](C)N[C@@H](C)C2)cc1NS(=O)(=O)c1ccc(-c2ccc(C)o2)cn1,8.500038134403809,456.5680000000002,3.646020000000002,96.7,0.5844135101171007,O=S(=O)(Nc1cccc(N2CCNCC2)c1)c1ccc(-c2ccco2)cn1,False
CHEMBL2364478,COc1ccc(N2C[C@@H](C)N[C@@H](C)C2)cc1NS(=O)(=O)c1ccc(-c2ccc(C)o2)nc1,8.100015437450608,456.5680000000002,3.646020000000002,96.7,0.5844135101171007,O=S(=O)(Nc1cccc(N2CCNCC2)c1)c1ccc(-c2ccco2)nc1,False
CHEMBL2364466,COc1ccc(N2C[C@@H](C)N[C@@H](C)C2)cc1NS(=O)(=O)c1ccc(-c2ccc(C)s2)c(C)c1,8.199970640755865,485.67500000000024,5.027940000000004,70.67,0.5125891380278264,O=S(=O)(Nc1cccc(N2CCNCC2)c1)c1ccc(-c2cccs2)cc1,False
CHEMBL2364473,COc1ccc(N2C[C@@H](C)N[C@@H](C)C2)cc1NS(=O)(=O)c1ccc(-c2ccc(C)s2)c(F)c1,8.400007822415901,489.6380000000002,4.858620000000004,70.67,0.517615379574196,O=S(=O)(Nc1cccc(N2CCNCC2)c1)c1ccc(-c2cccs2)cc1,False
CHEMBL2364459,COc1ccc(N2C[C@@H](C)N[C@@H](C)C2)cc1NS(=O)(=O)c1ccc(-c2ccc(C)s2)cc1F,8.400007822415901,489.6380000000002,4.858620000000004,70.67,0.517615379574196,O=S(=O)(Nc1cccc(N2CCNCC2)c1)c1ccc(-c2cccs2)cc1,False
CHEMBL2364421,COc1ccc(N2C[C@@H](C)N[C@@H](C)C2)cc1NS(=O)(=O)c1ccc(-c2ccc(C)s2)s1,7.599980364934842,477.6770000000002,4.781020000000003,70.67,0.5346287862073297,O=S(=O)(Nc1cccc(N2CCNCC2)c1)c1ccc(-c2cccs2)s1,False
CHEMBL2364336,COc1ccc(N2C[C@@H](C)N[C@@H](C)C2)cc1NS(=O)(=O)c1ccc(-c2ccc(Cl)s2)cc1,7.899974269892137,492.06600000000014,5.064500000000004,70.67,0.5037358208421174,O=S(=O)(Nc1cccc(N2CCNCC2)c1)c1ccc(-c2cccs2)cc1,False
CHEMBL2364434,COc1ccc(N2C[C@@H](C)N[C@@H](C)C2)cc1NS(=O)(=O)c1ccc(-c2ccc(F)cc2F)cc1,7.0,487.5720000000002,4.627800000000003,70.67,0.5307560628989059,O=S(=O)(Nc1cccc(N2CCNCC2)c1)c1ccc(-c2ccccc2)cc1,False
CHEMBL2364438,COc1ccc(N2C[C@@H](C)N[C@@H](C)C2)cc1NS(=O)(=O)c1ccc(-c2cccc(C)n2)c(F)c1,7.100015437450609,484.5970000000002,4.192120000000003,83.56,0.5459350667116805,O=S(=O)(Nc1cccc(N2CCNCC2)c1)c1ccc(-c2ccccn2)cc1,False
CHEMBL2364358,COc1ccc(N2C[C@@H](C)N[C@@H](C)C2)cc1NS(=O)(=O)c1ccc(-c2cccc(C)n2)cc1,8.0,466.6070000000002,4.053020000000003,83.56,0.5702437900320712,O=S(=O)(Nc1cccc(N2CCNCC2)c1)c1ccc(-c2ccccn2)cc1,False
CHEMBL2364449,COc1ccc(N2C[C@@H](C)N[C@@H](C)C2)cc1NS(=O)(=O)c1ccc(-c2cccc(C)n2)cc1C,8.199970640755865,480.63400000000024,4.361440000000003,83.56,0.5454484253698987,O=S(=O)(Nc1cccc(N2CCNCC2)c1)c1ccc(-c2ccccn2)cc1,False
CHEMBL2364437,COc1ccc(N2C[C@@H](C)N[C@@H](C)C2)cc1NS(=O)(=O)c1ccc(-c2cccc(C)n2)cc1F,8.100015437450608,484.5970000000002,4.192120000000003,83.56,0.5459350667116805,O=S(=O)(Nc1cccc(N2CCNCC2)c1)c1ccc(-c2ccccn2)cc1,False
CHEMBL2364359,COc1ccc(N2C[C@@H](C)N[C@@H](C)C2)cc1NS(=O)(=O)c1ccc(-c2cccc(C)n2)s1,8.0,472.6360000000002,4.114520000000002,83.56,0.5616939048480739,O=S(=O)(Nc1cccc(N2CCNCC2)c1)c1ccc(-c2ccccn2)s1,False
CHEMBL2364428,COc1ccc(N2C[C@@H](C)N[C@@H](C)C2)cc1NS(=O)(=O)c1ccc(-c2cccc(Cl)c2)cc1,8.599980364934842,486.03700000000015,5.003000000000004,70.67,0.5136343163768261,O=S(=O)(Nc1cccc(N2CCNCC2)c1)c1ccc(-c2ccccc2)cc1,False
CHEMBL2364416,COc1ccc(N2C[C@@H](C)N[C@@H](C)C2)cc1NS(=O)(=O)c1ccc(-c2cccc(F)c2)s1,7.50003813440381,475.61100000000016,4.550200000000003,70.67,0.5474124830208024,O=S(=O)(Nc1cccc(N2CCNCC2)c1)c1ccc(-c2ccccc2)s1,False
CHEMBL2364436,COc1ccc(N2C[C@@H](C)N[C@@H](C)C2)cc1NS(=O)(=O)c1ccc(-c2cccc(F)c2F)cc1,7.50003813440381,487.5720000000002,4.627800000000003,70.67,0.5307560628989059,O=S(=O)(Nc1cccc(N2CCNCC2)c1)c1ccc(-c2ccccc2)cc1,False
CHEMBL412303,COc1ccc(N2C[C@@H](C)N[C@@H](C)C2)cc1NS(=O)(=O)c1ccc(-c2ccccc2)cc1,8.199970640755865,451.59200000000016,4.349600000000003,70.67,0.5831260554205973,O=S(=O)(Nc1cccc(N2CCNCC2)c1)c1ccc(-c2ccccc2)cc1,False
CHEMBL2364410,COc1ccc(N2C[C@@H](C)N[C@@H](C)C2)cc1NS(=O)(=O)c1ccc(-c2ccccc2C)s1,7.599980364934842,471.6480000000002,4.719520000000004,70.67,0.5444134711632961,O=S(=O)(Nc1cccc(N2CCNCC2)c1)c1ccc(-c2ccccc2)s1,False
CHEMBL2364415,COc1ccc(N2C[C@@H](C)N[C@@H](C)C2)cc1NS(=O)(=O)c1ccc(-c2ccccc2Cl)s1,8.599980364934842,492.06600000000014,5.064500000000004,70.67,0.5037358208421174,O=S(=O)(Nc1cccc(N2CCNCC2)c1)c1ccc(-c2ccccc2)s1,False
CHEMBL2364435,COc1ccc(N2C[C@@H](C)N[C@@H](C)C2)cc1NS(=O)(=O)c1ccc(-c2ccccc2F)cc1,7.700057099977233,469.58200000000016,4.488700000000003,70.67,0.5567906005735049,O=S(=O)(Nc1cccc(N2CCNCC2)c1)c1ccc(-c2ccccc2)cc1,False
CHEMBL256808,COc1ccc(N2C[C@@H](C)N[C@@H](C)C2)cc1NS(=O)(=O)c1ccc(-c2ccccn2)s1,8.0,458.60900000000015,3.8061000000000025,83.56,0.5845511506477518,O=S(=O)(Nc1cccc(N2CCNCC2)c1)c1ccc(-c2ccccn2)s1,False
CHEMBL2364465,COc1ccc(N2C[C@@H](C)N[C@@H](C)C2)cc1NS(=O)(=O)c1ccc(-c2cccn2C)cc1,7.700057099977233,454.5960000000002,3.688100000000002,75.6,0.5942376862703613,O=S(=O)(Nc1cccc(N2CCNCC2)c1)c1ccc(-c2ccc[nH]2)cc1,False
CHEMBL2364364,COc1ccc(N2C[C@@H](C)N[C@@H](C)C2)cc1NS(=O)(=O)c1ccc(-c2cccnc2)cc1,7.0,452.58000000000015,3.744600000000002,83.56,0.5928098190380444,O=S(=O)(Nc1cccc(N2CCNCC2)c1)c1ccc(-c2cccnc2)cc1,False
CHEMBL2364366,COc1ccc(N2C[C@@H](C)N[C@@H](C)C2)cc1NS(=O)(=O)c1ccc(-c2cccnc2)s1,7.0,458.60900000000015,3.8061000000000025,83.56,0.5845511506477518,O=S(=O)(Nc1cccc(N2CCNCC2)c1)c1ccc(-c2cccnc2)s1,False
CHEMBL401548,COc1ccc(N2C[C@@H](C)N[C@@H](C)C2)cc1NS(=O)(=O)c1ccc(-c2ccco2)cc1,8.400007822415901,441.55300000000017,3.9426000000000023,83.81,0.602834635790206,O=S(=O)(Nc1cccc(N2CCNCC2)c1)c1ccc(-c2ccco2)cc1,False
CHEMBL2364441,COc1ccc(N2C[C@@H](C)N[C@@H](C)C2)cc1NS(=O)(=O)c1ccc(-c2ccco2)cc1C,8.700057099977233,455.5800000000002,4.251020000000003,83.81,0.5781518717035962,O=S(=O)(Nc1cccc(N2CCNCC2)c1)c1ccc(-c2ccco2)cc1,False
CHEMBL2364472,COc1ccc(N2C[C@@H](C)N[C@@H](C)C2)cc1NS(=O)(=O)c1ccc(-c2ccco2)cc1Cl,9.299988937677888,475.99800000000016,4.596000000000003,83.81,0.5418982851430971,O=S(=O)(Nc1cccc(N2CCNCC2)c1)c1ccc(-c2ccco2)cc1,False
CHEMBL2364430,COc1ccc(N2C[C@@H](C)N[C@@H](C)C2)cc1NS(=O)(=O)c1ccc(-c2ccco2)cc1F,8.79997073344623,459.5430000000002,4.081700000000002,83.81,0.5779765261124156,O=S(=O)(Nc1cccc(N2CCNCC2)c1)c1ccc(-c2ccco2)cc1,False
CHEMBL2364337,COc1ccc(N2C[C@@H](C)N[C@@H](C)C2)cc1NS(=O)(=O)c1ccc(-c2ccco2)nc1,7.79997073344623,442.54100000000017,3.337600000000001,96.7,0.6043129866606509,O=S(=O)(Nc1cccc(N2CCNCC2)c1)c1ccc(-c2ccco2)nc1,False
CHEMBL256263,COc1ccc(N2C[C@@H](C)N[C@@H](C)C2)cc1NS(=O)(=O)c1ccc(-c2cccs2)cc1,8.400007822415901,457.62100000000015,4.411100000000003,70.67,0.5737517350820542,O=S(=O)(Nc1cccc(N2CCNCC2)c1)c1ccc(-c2cccs2)cc1,False
CHEMBL272993,COc1ccc(N2C[C@@H](C)N[C@@H](C)C2)cc1NS(=O)(=O)c1ccc(-c2cccs2)cc1Cl,9.100015437450608,492.06600000000014,5.064500000000004,70.67,0.5037358208421174,O=S(=O)(Nc1cccc(N2CCNCC2)c1)c1ccc(-c2cccs2)cc1,False
CHEMBL270790,COc1ccc(N2C[C@@H](C)N[C@@H](C)C2)cc1NS(=O)(=O)c1ccc(-c2cccs2)cc1F,8.700057099977233,475.61100000000016,4.550200000000003,70.67,0.5474124830208024,O=S(=O)(Nc1cccc(N2CCNCC2)c1)c1ccc(-c2cccs2)cc1,False
CHEMBL2364474,COc1ccc(N2C[C@@H](C)N[C@@H](C)C2)cc1NS(=O)(=O)c1ccc(-c2cccs2)nc1,7.299988937677888,458.60900000000015,3.8061000000000025,83.56,0.5845511506477518,O=S(=O)(Nc1cccc(N2CCNCC2)c1)c1ccc(-c2cccs2)nc1,False
CHEMBL2364374,COc1ccc(N2C[C@@H](C)N[C@@H](C)C2)cc1NS(=O)(=O)c1ccc(-c2cccs2)s1,8.400007822415901,463.65000000000015,4.4726000000000035,70.67,0.564330499762824,O=S(=O)(Nc1cccc(N2CCNCC2)c1)c1ccc(-c2cccs2)s1,False
CHEMBL401891,COc1ccc(N2C[C@@H](C)N[C@@H](C)C2)cc1NS(=O)(=O)c1ccc(-c2ccncc2)cc1,6.499996931948306,452.58000000000015,3.744600000000002,83.56,0.5928098190380444,O=S(=O)(Nc1cccc(N2CCNCC2)c1)c1ccc(-c2ccncc2)cc1,False
CHEMBL2364398,COc1ccc(N2C[C@@H](C)N[C@@H](C)C2)cc1NS(=O)(=O)c1ccc(-c2ccoc2)cc1,8.100015437450608,441.55300000000017,3.9426000000000023,83.81,0.602834635790206,O=S(=O)(Nc1cccc(N2CCNCC2)c1)c1ccc(-c2ccoc2)cc1,False
CHEMBL2364454,COc1ccc(N2C[C@@H](C)N[C@@H](C)C2)cc1NS(=O)(=O)c1ccc(-c2ccsc2)c(C)c1,8.100015437450608,471.6480000000002,4.719520000000004,70.67,0.5444134711632961,O=S(=O)(Nc1cccc(N2CCNCC2)c1)c1ccc(-c2ccsc2)cc1,False
CHEMBL2364365,COc1ccc(N2C[C@@H](C)N[C@@H](C)C2)cc1NS(=O)(=O)c1ccc(-c2ccsc2)cc1,8.299988937677888,457.62100000000015,4.411100000000003,70.67,0.5737517350820542,O=S(=O)(Nc1cccc(N2CCNCC2)c1)c1ccc(-c2ccsc2)cc1,False
CHEMBL2364456,COc1ccc(N2C[C@@H](C)N[C@@H](C)C2)cc1NS(=O)(=O)c1ccc(-c2ccsc2)cc1C,8.299988937677888,471.6480000000002,4.719520000000004,70.67,0.5444134711632961,O=S(=O)(Nc1cccc(N2CCNCC2)c1)c1ccc(-c2ccsc2)cc1,False
CHEMBL2364460,COc1ccc(N2C[C@@H](C)N[C@@H](C)C2)cc1NS(=O)(=O)c1ccc(-c2ccsc2)cc1Cl,8.500038134403809,492.06600000000014,5.064500000000004,70.67,0.5037358208421174,O=S(=O)(Nc1cccc(N2CCNCC2)c1)c1ccc(-c2ccsc2)cc1,False
CHEMBL2364367,COc1ccc(N2C[C@@H](C)N[C@@H](C)C2)cc1NS(=O)(=O)c1ccc(-c2ccsc2)s1,8.299988937677888,463.65000000000015,4.4726000000000035,70.67,0.564330499762824,O=S(=O)(Nc1cccc(N2CCNCC2)c1)c1ccc(-c2ccsc2)s1,False
CHEMBL2364386,COc1ccc(N2C[C@@H](C)N[C@@H](C)C2)cc1NS(=O)(=O)c1ccc(-c2cnccc2OC)s1,7.50003813440381,488.6350000000002,3.814700000000002,92.79,0.5223369917477468,O=S(=O)(Nc1cccc(N2CCNCC2)c1)c1ccc(-c2cccnc2)s1,False
CHEMBL2364467,COc1ccc(N2C[C@@H](C)N[C@@H](C)C2)cc1NS(=O)(=O)c1ccc(-c2cnccn2)cc1,7.50003813440381,453.56800000000015,3.1396000000000006,96.45,0.5918468337373127,O=S(=O)(Nc1cccc(N2CCNCC2)c1)c1ccc(-c2cnccn2)cc1,False
CHEMBL255401,COc1ccc(N2C[C@@H](C)N[C@@H](C)C2)cc1NS(=O)(=O)c1ccc(-c2cncnc2)cc1,6.499996931948306,453.56800000000015,3.1396000000000015,96.45,0.5918468337373127,O=S(=O)(Nc1cccc(N2CCNCC2)c1)c1ccc(-c2cncnc2)cc1,False
CHEMBL2364363,COc1ccc(N2C[C@@H](C)N[C@@H](C)C2)cc1NS(=O)(=O)c1ccc(-c2cnco2)cc1,7.299988937677888,442.54100000000017,3.337600000000001,96.7,0.6043129866606509,O=S(=O)(Nc1cccc(N2CCNCC2)c1)c1ccc(-c2cnco2)cc1,False
CHEMBL272540,COc1ccc(N2C[C@@H](C)N[C@@H](C)C2)cc1NS(=O)(=O)c1ccc(-c2cnco2)s1,8.599980364934842,448.57000000000016,3.3991000000000016,96.7,0.5965061877867335,O=S(=O)(Nc1cccc(N2CCNCC2)c1)c1ccc(-c2cnco2)s1,False
CHEMBL2364480,COc1ccc(N2C[C@@H](C)N[C@@H](C)C2)cc1NS(=O)(=O)c1ccc(-c2csc(C)c2)c(F)c1,8.700057099977233,489.6380000000002,4.858620000000004,70.67,0.517615379574196,O=S(=O)(Nc1cccc(N2CCNCC2)c1)c1ccc(-c2ccsc2)cc1,False
CHEMBL2364482,COc1ccc(N2C[C@@H](C)N[C@@H](C)C2)cc1NS(=O)(=O)c1ccc(-c2csc(C)c2)cc1,8.400007822415901,471.6480000000002,4.719520000000004,70.67,0.5444134711632961,O=S(=O)(Nc1cccc(N2CCNCC2)c1)c1ccc(-c2ccsc2)cc1,False
CHEMBL2364481,COc1ccc(N2C[C@@H](C)N[C@@H](C)C2)cc1NS(=O)(=O)c1ccc(-c2csc(C)c2)cc1F,8.599980364934842,489.6380000000002,4.858620000000004,70.67,0.517615379574196,O=S(=O)(Nc1cccc(N2CCNCC2)c1)c1ccc(-c2ccsc2)cc1,False
CHEMBL2364457,COc1ccc(N2C[C@@H](C)N[C@@H](C)C2)cc1NS(=O)(=O)c1ccc(-c2csc(C)n2)s1,7.400007822415902,478.6650000000002,4.176020000000002,83.56,0.5531409156687054,O=S(=O)(Nc1cccc(N2CCNCC2)c1)c1ccc(-c2cscn2)s1,False
CHEMBL2364452,COc1ccc(N2C[C@@H](C)N[C@@H](C)C2)cc1NS(=O)(=O)c1ccc(-c2csnn2)s1,7.599980364934842,465.62600000000015,3.262600000000001,96.45,0.5767164236434889,O=S(=O)(Nc1cccc(N2CCNCC2)c1)c1ccc(-c2csnn2)s1,False
CHEMBL2364483,COc1ccc(N2C[C@@H](C)N[C@@H](C)C2)cc1NS(=O)(=O)c1ccc(-c2ncccn2)cc1,7.899974269892137,453.56800000000015,3.1396000000000006,96.45,0.5918468337373127,O=S(=O)(Nc1cccc(N2CCNCC2)c1)c1ccc(-c2ncccn2)cc1,False
CHEMBL2364458,COc1ccc(N2C[C@@H](C)N[C@@H](C)C2)cc1NS(=O)(=O)c1ccc(-c2nccs2)cc1,7.899974269892137,458.60900000000015,3.8061000000000025,83.56,0.5845511506477518,O=S(=O)(Nc1cccc(N2CCNCC2)c1)c1ccc(-c2nccs2)cc1,False
CHEMBL265950,COc1ccc(N2C[C@@H](C)N[C@@H](C)C2)cc1NS(=O)(=O)c1ccc(-n2cccn2)cc1,7.79997073344623,441.55700000000013,2.8683000000000014,88.49,0.6116147507041582,O=S(=O)(Nc1cccc(N2CCNCC2)c1)c1ccc(-n2cccn2)cc1,False
CHEMBL261466,COc1ccc(N2C[C@@H](C)N[C@@H](C)C2)cc1NS(=O)(=O)c1ccc(Br)cc1,6.900008766455315,454.3900000000001,3.445100000000002,70.67,0.7246259878314263,O=S(=O)(Nc1cccc(N2CCNCC2)c1)c1ccccc1,False
CHEMBL2364357,COc1ccc(N2C[C@@H](C)N[C@@H](C)C2)cc1NS(=O)(=O)c1ccc(Br)s1,6.900008766455315,460.4190000000001,3.5066000000000015,70.67,0.7149987484790473,O=S(=O)(Nc1cccc(N2CCNCC2)c1)c1cccs1,False
CHEMBL2364362,COc1ccc(N2C[C@@H](C)N[C@@H](C)C2)cc1NS(=O)(=O)c1ccc(Cl)c(Cl)c1,7.299988937677888,444.3840000000001,3.9894000000000016,70.67,0.7301039388099625,O=S(=O)(Nc1cccc(N2CCNCC2)c1)c1ccccc1,False
CHEMBL2364484,COc1ccc(N2C[C@@H](C)N[C@@H](C)C2)cc1NS(=O)(=O)c1ccc(Cl)c2ccccc12,7.299988937677888,459.99900000000014,4.489200000000003,70.67,0.5878892880663859,O=S(=O)(Nc1cccc(N2CCNCC2)c1)c1cccc2ccccc12,False
CHEMBL262879,COc1ccc(N2C[C@@H](C)N[C@@H](C)C2)cc1NS(=O)(=O)c1ccc(N2CCCC2=O)cc1,7.400007822415902,458.5840000000003,2.8094,90.97999999999999,0.6918656823312085,O=C1CCCN1c1ccc(S(=O)(=O)Nc2cccc(N3CCNCC3)c2)cc1,False
CHEMBL271948,COc1ccc(N2C[C@@H](C)N[C@@H](C)C2)cc1NS(=O)(=O)c1ccc(OCc2ccccc2)cc1,7.0,481.6180000000002,4.261600000000003,79.9,0.5005012923658637,O=S(=O)(Nc1cccc(N2CCNCC2)c1)c1ccc(OCc2ccccc2)cc1,False
CHEMBL271947,COc1ccc(N2C[C@@H](C)N[C@@H](C)C2)cc1NS(=O)(=O)c1ccc(Oc2ccccc2)cc1,7.199970640755866,467.5910000000002,4.4749000000000025,79.9,0.5335960241763872,O=S(=O)(Nc1cccc(N2CCNCC2)c1)c1ccc(Oc2ccccc2)cc1,False
CHEMBL2364384,COc1ccc(N2C[C@@H](C)N[C@@H](C)C2)cc1NS(=O)(=O)c1ccc2c(Cl)cccc2c1,8.79997073344623,459.9990000000002,4.489200000000003,70.67,0.5878892880663859,O=S(=O)(Nc1cccc(N2CCNCC2)c1)c1ccc2ccccc2c1,False
CHEMBL2364453,COc1ccc(N2C[C@@H](C)N[C@@H](C)C2)cc1NS(=O)(=O)c1ccc2c(c1)CCC(C)(C)O2,7.50003813440381,459.6120000000003,3.7862000000000027,79.9,0.7083443952487961,O=S(=O)(Nc1cccc(N2CCNCC2)c1)c1ccc2c(c1)CCCO2,False
CHEMBL2364455,COc1ccc(N2C[C@@H](C)N[C@@H](C)C2)cc1NS(=O)(=O)c1ccc2c(c1)OCCN2C,7.100015437450609,446.57300000000026,2.5112000000000005,83.14,0.7302210337099618,O=S(=O)(Nc1cccc(N2CCNCC2)c1)c1ccc2c(c1)OCCN2,False
CHEMBL2364356,COc1ccc(N2C[C@@H](C)N[C@@H](C)C2)cc1NS(=O)(=O)c1ccc2ccccc2c1,8.100015437450608,425.55400000000014,3.8358000000000025,70.67,0.6500600115213895,O=S(=O)(Nc1cccc(N2CCNCC2)c1)c1ccc2ccccc2c1,False
CHEMBL2364462,COc1ccc(N2C[C@@H](C)N[C@@H](C)C2)cc1NS(=O)(=O)c1cccc(-c2cc(C)cs2)c1,7.299988937677888,471.6480000000002,4.719520000000004,70.67,0.5444134711632961,O=S(=O)(Nc1cccc(N2CCNCC2)c1)c1cccc(-c2cccs2)c1,False
CHEMBL410282,COc1ccc(N2C[C@@H](C)N[C@@H](C)C2)cc1NS(=O)(=O)c1cccc(-c2ccccc2)c1,6.799998134593398,451.59200000000016,4.349600000000003,70.67,0.5831260554205973,O=S(=O)(Nc1cccc(N2CCNCC2)c1)c1cccc(-c2ccccc2)c1,False
CHEMBL270573,COc1ccc(N2C[C@@H](C)N[C@@H](C)C2)cc1NS(=O)(=O)c1cccc(-c2ccco2)c1,7.700057099977233,441.55300000000017,3.9426000000000023,83.81,0.602834635790206,O=S(=O)(Nc1cccc(N2CCNCC2)c1)c1cccc(-c2ccco2)c1,False
CHEMBL2364380,COc1ccc(N2C[C@@H](C)N[C@@H](C)C2)cc1NS(=O)(=O)c1cccc(-c2cccs2)c1,7.79997073344623,457.62100000000015,4.411100000000003,70.67,0.5737517350820542,O=S(=O)(Nc1cccc(N2CCNCC2)c1)c1cccc(-c2cccs2)c1,False
CHEMBL2364461,COc1ccc(N2C[C@@H](C)N[C@@H](C)C2)cc1NS(=O)(=O)c1cccc(-c2ccoc2)c1,7.400007822415902,441.55300000000017,3.9426000000000023,83.81,0.602834635790206,O=S(=O)(Nc1cccc(N2CCNCC2)c1)c1cccc(-c2ccoc2)c1,False
CHEMBL2364371,COc1ccc(N2C[C@@H](C)N[C@@H](C)C2)cc1NS(=O)(=O)c1cccc(Br)c1,6.799998134593398,454.3900000000001,3.445100000000002,70.67,0.7246259878314263,O=S(=O)(Nc1cccc(N2CCNCC2)c1)c1ccccc1,False
CHEMBL2364360,COc1ccc(N2C[C@@H](C)N[C@@H](C)C2)cc1NS(=O)(=O)c1cccc(Cl)c1Cl,7.79997073344623,444.3840000000001,3.9894000000000016,70.67,0.7301039388099625,O=S(=O)(Nc1cccc(N2CCNCC2)c1)c1ccccc1,False
CHEMBL2364431,COc1ccc(N2C[C@@H](C)N[C@@H](C)C2)cc1NS(=O)(=O)c1cccc2cccc(Cl)c12,8.0,459.9990000000002,4.489200000000003,70.67,0.5878892880663859,O=S(=O)(Nc1cccc(N2CCNCC2)c1)c1cccc2ccccc12,False
CHEMBL2364361,COc1ccc(N2C[C@@H](C)N[C@@H](C)C2)cc1NS(=O)(=O)c1cccc2cccnc12,7.299988937677888,426.54200000000014,3.2308000000000012,83.56,0.6517819124908736,O=S(=O)(Nc1cccc(N2CCNCC2)c1)c1cccc2cccnc12,False
CHEMBL2364377,COc1ccc(N2C[C@@H](C)N[C@@H](C)C2)cc1NS(=O)(=O)c1csc2ccccc12,8.0,431.58300000000014,3.897300000000002,70.67,0.6412269471441743,O=S(=O)(Nc1cccc(N2CCNCC2)c1)c1csc2ccccc12,False
CHEMBL2364378,COc1ccc(N2C[C@@H](C)N[C@@H](C)C2)cc1NS(=O)(=O)c1sc2ccc(F)cc2c1C,7.50003813440381,463.6000000000002,4.344820000000003,70.67,0.5889361881349995,O=S(=O)(Nc1cccc(N2CCNCC2)c1)c1cc2ccccc2s1,False
CHEMBL2364342,COc1ccc(N2C[C@@H](C)N[C@@H](C)C2)nc1NS(=O)(=O)c1ccc(-c2cc(C)cs2)cc1Cl,8.299988937677888,507.08100000000024,4.767920000000004,83.56,0.5008471029714264,O=S(=O)(Nc1cccc(N2CCNCC2)n1)c1ccc(-c2cccs2)cc1,False
CHEMBL2364344,COc1ccc(N2C[C@@H](C)N[C@@H](C)C2)nc1NS(=O)(=O)c1ccc(-c2ccoc2)cc1Cl,7.599980364934842,476.9860000000002,3.9910000000000023,96.7,0.5547672561433441,O=S(=O)(Nc1cccc(N2CCNCC2)n1)c1ccc(-c2ccoc2)cc1,False
CHEMBL2364348,COc1ccc(NS(=O)(=O)/C=C/c2ccccc2)cc1N1C[C@@H](C)N[C@@H](C)C1,7.79997073344623,401.53200000000015,3.2944000000000013,70.67,0.7772512638477255,O=S(=O)(C=Cc1ccccc1)Nc1cccc(N2CCNCC2)c1,False
CHEMBL2364412,COc1ccc(NS(=O)(=O)c2ccc(-c3c(C)cccc3C)s2)cc1N1C[C@@H](C)N[C@@H](C)C1,7.599980364934842,485.6750000000002,5.0279400000000045,70.67,0.5125891380278264,O=S(=O)(Nc1cccc(N2CCNCC2)c1)c1ccc(-c2ccccc2)s1,False
CHEMBL2364432,COc1ccc(NS(=O)(=O)c2ccc(-c3cc(C)cs3)cc2)cc1N1C[C@@H](C)N[C@@H](C)C1,8.899974269892137,471.6480000000002,4.719520000000004,70.67,0.5444134711632961,O=S(=O)(Nc1cccc(N2CCNCC2)c1)c1ccc(-c2cccs2)cc1,False
CHEMBL2364408,COc1ccc(NS(=O)(=O)c2ccc(-c3cc(C)cs3)s2)cc1N1C[C@@H](C)N[C@@H](C)C1,9.100015437450608,477.6770000000002,4.781020000000004,70.67,0.5346287862073297,O=S(=O)(Nc1cccc(N2CCNCC2)c1)c1ccc(-c2cccs2)s1,False
CHEMBL2364409,COc1ccc(NS(=O)(=O)c2ccc(-c3ccc(C)cc3)cc2)cc1N1C[C@@H](C)N[C@@H](C)C1,7.100015437450609,465.6190000000002,4.658020000000003,70.67,0.5541996224450265,O=S(=O)(Nc1cccc(N2CCNCC2)c1)c1ccc(-c2ccccc2)cc1,False
CHEMBL2364426,COc1ccc(NS(=O)(=O)c2ccc(-c3ccc(C)s3)s2)cc1N1C[C@@H](C)N[C@@H](C)C1,8.79997073344623,477.6770000000002,4.781020000000004,70.67,0.5346287862073297,O=S(=O)(Nc1cccc(N2CCNCC2)c1)c1ccc(-c2cccs2)s1,False
CHEMBL2364404,COc1ccc(NS(=O)(=O)c2ccc(-c3ccc(F)cc3)cc2)cc1N1C[C@@H](C)N[C@@H](C)C1,7.700057099977233,469.58200000000016,4.488700000000003,70.67,0.5567906005735049,O=S(=O)(Nc1cccc(N2CCNCC2)c1)c1ccc(-c2ccccc2)cc1,False
CHEMBL2364414,COc1ccc(NS(=O)(=O)c2ccc(-c3ccc(F)cc3)s2)cc1N1C[C@@H](C)N[C@@H](C)C1,7.0,475.61100000000016,4.550200000000003,70.67,0.5474124830208024,O=S(=O)(Nc1cccc(N2CCNCC2)c1)c1ccc(-c2ccccc2)s1,False
CHEMBL2364413,COc1ccc(NS(=O)(=O)c2ccc(-c3cccc(C)c3)s2)cc1N1C[C@@H](C)N[C@@H](C)C1,8.400007822415901,471.6480000000002,4.719520000000004,70.67,0.5444134711632961,O=S(=O)(Nc1cccc(N2CCNCC2)c1)c1ccc(-c2ccccc2)s1,False
CHEMBL2364368,COc1ccc(NS(=O)(=O)c2ccc(-c3cccc(C)n3)cc2)cc1N1C[C@@H](C)N[C@@H](C)C1,7.79997073344623,466.6070000000002,4.053020000000002,83.55999999999999,0.5702437900320712,O=S(=O)(Nc1cccc(N2CCNCC2)c1)c1ccc(-c2ccccn2)cc1,False
CHEMBL2364354,COc1ccc(NS(=O)(=O)c2ccc(-c3cccc(C)n3)s2)cc1N1C[C@@H](C)N[C@@H](C)C1,9.199970640755865,472.6360000000002,4.114520000000002,83.55999999999999,0.5616939048480739,O=S(=O)(Nc1cccc(N2CCNCC2)c1)c1ccc(-c2ccccn2)s1,False
CHEMBL2364405,COc1ccc(NS(=O)(=O)c2ccc(-c3cccc(F)c3F)cc2)cc1N1C[C@@H](C)N[C@@H](C)C1,7.50003813440381,487.5720000000002,4.627800000000004,70.67,0.5307560628989058,O=S(=O)(Nc1cccc(N2CCNCC2)c1)c1ccc(-c2ccccc2)cc1,False
CHEMBL2364382,COc1ccc(NS(=O)(=O)c2ccc(-c3ccccc3)s2)cc1N1C[C@@H](C)N[C@@H](C)C1,9.0,457.62100000000015,4.411100000000004,70.67,0.5737517350820542,O=S(=O)(Nc1cccc(N2CCNCC2)c1)c1ccc(-c2ccccc2)s1,False
CHEMBL2364397,COc1ccc(NS(=O)(=O)c2ccc(-c3ccccc3C)cc2)cc1N1C[C@@H](C)N[C@@H](C)C1,7.0,465.6190000000002,4.658020000000003,70.67,0.5541996224450265,O=S(=O)(Nc1cccc(N2CCNCC2)c1)c1ccc(-c2ccccc2)cc1,False
CHEMBL2364411,COc1ccc(NS(=O)(=O)c2ccc(-c3ccccc3C)s2)cc1N1C[C@@H](C)N[C@@H](C)C1,7.299988937677888,471.6480000000002,4.719520000000004,70.67,0.5444134711632961,O=S(=O)(Nc1cccc(N2CCNCC2)c1)c1ccc(-c2ccccc2)s1,False
CHEMBL402632,COc1ccc(NS(=O)(=O)c2ccc(-c3ccccn3)s2)cc1N1C[C@@H](C)N[C@@H](C)C1,7.79997073344623,458.60900000000015,3.8061000000000016,83.55999999999999,0.5845511506477518,O=S(=O)(Nc1cccc(N2CCNCC2)c1)c1ccc(-c2ccccn2)s1,False
CHEMBL2364425,COc1ccc(NS(=O)(=O)c2ccc(-c3cccs3)c(F)c2)cc1N1C[C@@H](C)N[C@@H](C)C1,8.500038134403809,475.61100000000016,4.550200000000004,70.67,0.5474124830208024,O=S(=O)(Nc1cccc(N2CCNCC2)c1)c1ccc(-c2cccs2)cc1,False
CHEMBL2364353,COc1ccc(NS(=O)(=O)c2ccc(-c3cccs3)cc2)cc1N1C[C@@H](C)N[C@@H](C)C1,9.0,457.62100000000015,4.411100000000004,70.67,0.5737517350820542,O=S(=O)(Nc1cccc(N2CCNCC2)c1)c1ccc(-c2cccs2)cc1,False
CHEMBL2364403,COc1ccc(NS(=O)(=O)c2ccc(-c3cccs3)cc2C)cc1N1C[C@@H](C)N[C@@H](C)C1,9.0,471.6480000000002,4.719520000000004,70.67,0.5444134711632961,O=S(=O)(Nc1cccc(N2CCNCC2)c1)c1ccc(-c2cccs2)cc1,False
CHEMBL2364402,COc1ccc(NS(=O)(=O)c2ccc(-c3cccs3)cc2F)cc1N1C[C@@H](C)N[C@@H](C)C1,8.599980364934842,475.61100000000016,4.550200000000004,70.67,0.5474124830208024,O=S(=O)(Nc1cccc(N2CCNCC2)c1)c1ccc(-c2cccs2)cc1,False
CHEMBL2364399,COc1ccc(NS(=O)(=O)c2ccc(-c3cccs3)s2)cc1N1C[C@@H](C)N[C@@H](C)C1,8.700057099977233,463.65000000000015,4.472600000000004,70.67,0.564330499762824,O=S(=O)(Nc1cccc(N2CCNCC2)c1)c1ccc(-c2cccs2)s1,False
CHEMBL2364433,COc1ccc(NS(=O)(=O)c2ccc(-c3ccoc3)cc2)cc1N1C[C@@H](C)N[C@@H](C)C1,7.899974269892137,441.55300000000017,3.9426000000000023,83.80999999999999,0.602834635790206,O=S(=O)(Nc1cccc(N2CCNCC2)c1)c1ccc(-c2ccoc2)cc1,False
CHEMBL2364419,COc1ccc(NS(=O)(=O)c2ccc(-c3ccoc3)s2)cc1N1C[C@@H](C)N[C@@H](C)C1,7.899974269892137,447.58200000000016,4.004100000000002,83.80999999999999,0.5941937300872658,O=S(=O)(Nc1cccc(N2CCNCC2)c1)c1ccc(-c2ccoc2)s1,False
CHEMBL2364379,COc1ccc(NS(=O)(=O)c2ccc(-c3ccsc3)cc2)cc1N1C[C@@H](C)N[C@@H](C)C1,8.599980364934842,457.62100000000015,4.411100000000003,70.67,0.5737517350820542,O=S(=O)(Nc1cccc(N2CCNCC2)c1)c1ccc(-c2ccsc2)cc1,False
CHEMBL2364381,COc1ccc(NS(=O)(=O)c2ccc(-c3ccsc3)s2)cc1N1C[C@@H](C)N[C@@H](C)C1,8.79997073344623,463.65000000000015,4.472600000000004,70.67,0.564330499762824,O=S(=O)(Nc1cccc(N2CCNCC2)c1)c1ccc(-c2ccsc2)s1,False
CHEMBL2364370,COc1ccc(NS(=O)(=O)c2ccc(-c3cnco3)cc2)cc1N1C[C@@H](C)N[C@@H](C)C1,7.400007822415902,442.54100000000017,3.337600000000002,96.69999999999999,0.6043129866606509,O=S(=O)(Nc1cccc(N2CCNCC2)c1)c1ccc(-c2cnco2)cc1,False
CHEMBL2364385,COc1ccc(NS(=O)(=O)c2ccc(-c3cnco3)s2)cc1N1C[C@@H](C)N[C@@H](C)C1,7.400007822415902,448.57000000000016,3.3991000000000016,96.69999999999999,0.5965061877867335,O=S(=O)(Nc1cccc(N2CCNCC2)c1)c1ccc(-c2cnco2)s1,False
CHEMBL2364352,COc1ccc(NS(=O)(=O)c2ccc(-n3cccn3)cc2)cc1N1C[C@@H](C)N[C@@H](C)C1,8.199970640755865,441.5570000000002,2.8683000000000005,88.49,0.6116147507041582,O=S(=O)(Nc1cccc(N2CCNCC2)c1)c1ccc(-n2cccn2)cc1,False
CHEMBL2364401,COc1ccc(NS(=O)(=O)c2ccc(Br)c(C)c2)cc1N1C[C@@H](C)N[C@@H](C)C1,7.400007822415902,468.4170000000002,3.7535200000000017,70.67,0.6997458072897009,O=S(=O)(Nc1cccc(N2CCNCC2)c1)c1ccccc1,False
CHEMBL2364389,COc1ccc(NS(=O)(=O)c2ccc(Br)cc2C)cc1N1C[C@@H](C)N[C@@H](C)C1,7.400007822415902,468.4170000000002,3.7535200000000017,70.67,0.6997458072897009,O=S(=O)(Nc1cccc(N2CCNCC2)c1)c1ccccc1,False
CHEMBL2364351,COc1ccc(NS(=O)(=O)c2ccc(Cl)c(Cl)c2)cc1N1C[C@@H](C)N[C@@H](C)C1,7.199970640755866,444.3840000000001,3.9894000000000025,70.67,0.7301039388099625,O=S(=O)(Nc1cccc(N2CCNCC2)c1)c1ccccc1,False
CHEMBL2364355,COc1ccc(NS(=O)(=O)c2ccc(N3CCCC3=O)cc2)cc1N1C[C@@H](C)N[C@@H](C)C1,7.100015437450609,458.58400000000023,2.809400000000001,90.98,0.6918656823312085,O=C1CCCN1c1ccc(S(=O)(=O)Nc2cccc(N3CCNCC3)c2)cc1,False
CHEMBL2364349,COc1ccc(NS(=O)(=O)c2ccc(Oc3ccccc3)cc2)cc1N1C[C@@H](C)N[C@@H](C)C1,6.900008766455315,467.5910000000002,4.4749000000000025,79.89999999999999,0.5335960241763872,O=S(=O)(Nc1cccc(N2CCNCC2)c1)c1ccc(Oc2ccccc2)cc1,False
CHEMBL2364346,COc1ccc(NS(=O)(=O)c2ccc3ccccc3c2)cc1N1C[C@@H](C)N[C@@H](C)C1,7.79997073344623,425.5540000000002,3.8358000000000017,70.67,0.6500600115213895,O=S(=O)(Nc1cccc(N2CCNCC2)c1)c1ccc2ccccc2c1,False
CHEMBL2364347,COc1ccc(NS(=O)(=O)c2cccc3ccccc23)cc1N1C[C@@H](C)N[C@@H](C)C1,7.50003813440381,425.5540000000002,3.8358000000000025,70.67,0.6500600115213895,O=S(=O)(Nc1cccc(N2CCNCC2)c1)c1cccc2ccccc12,False
CHEMBL2364350,COc1ccc(NS(=O)(=O)c2cccc3cccnc23)cc1N1C[C@@H](C)N[C@@H](C)C1,6.399996913372259,426.5420000000002,3.2308000000000012,83.55999999999999,0.6517819124908736,O=S(=O)(Nc1cccc(N2CCNCC2)c1)c1cccc2cccnc12,False
CHEMBL2364345,COc1ccc(NS(=O)(=O)c2sc3ccc(Cl)cc3c2C)cc1N1C[C@@H](C)N[C@@H](C)C1,7.50003813440381,480.05500000000023,4.859120000000004,70.67,0.5465149596312702,O=S(=O)(Nc1cccc(N2CCNCC2)c1)c1cc2ccccc2s1,False
CHEMBL360547,COc1ccc(Oc2ccc3c(c2)CCN(C(=O)OC(C)(C)C)C3C(=O)NCCN(C(C)C)C(C)C)cc1,9.309803919971486,525.6900000000004,5.556800000000005,80.33999999999999,0.4619728348250431,c1ccc(Oc2ccc3c(c2)CCNC3)cc1,True
CHEMBL2364376,COc1ccc(Oc2cccc(S(=O)(=O)Nc3cc(N4C[C@@H](C)N[C@@H](C)C4)ccc3OC)c2)cc1,7.0,497.61700000000025,4.483500000000004,89.13,0.4742227403294351,O=S(=O)(Nc1cccc(N2CCNCC2)c1)c1cccc(Oc2ccccc2)c1,False
CHEMBL4282394,COc1ccc([C@H](C)NC(=O)N(C)C2CCN(C3CCc4cc(-c5cc(C)ncn5)ccc43)CC2)c(Cl)c1Cl,7.173925197299173,568.5490000000003,6.621720000000008,70.59,0.36200356702374975,O=C(NCc1ccccc1)NC1CCN(C2CCc3cc(-c4ccncn4)ccc32)CC1,False
CHEMBL4291718,COc1ccc([C@H](C)NC(=O)N(C)C2CCN(C3CCc4cc(-n5nccn5)ccc43)CC2)c(Cl)c1Cl,7.154901959985743,543.4990000000004,5.437000000000006,75.52000000000001,0.44856017301925133,O=C(NCc1ccccc1)NC1CCN(C2CCc3cc(-n4nccn4)ccc32)CC1,False
CHEMBL4277793,COc1ccc([C@H](C)NC(=O)N(C)C2CCN(C3CCc4cc(C)ccc43)CC2)c(Cl)c1Cl,7.136677139879544,490.47500000000036,6.164720000000007,44.81,0.5457916596263039,O=C(NCc1ccccc1)NC1CCN(C2CCc3ccccc32)CC1,False
CHEMBL4279987,COc1ccc([C@H](C)NC(=O)N(C)C2CCN(C3CCc4cc(Cl)ccc43)CC2)c(Cl)c1Cl,7.39040559077478,510.89300000000026,6.509700000000007,44.81,0.49856477577530084,O=C(NCc1ccccc1)NC1CCN(C2CCc3ccccc32)CC1,False
CHEMBL4281647,COc1ccc([C@H](CC2CC2)NC(=O)N(C)C2CCN(C3CCc4cc(-c5cc(C)ncn5)ccc43)CC2)c(Cl)c1Cl,6.357535479757878,608.6140000000003,7.4019200000000085,70.59,0.28868640711847077,O=C(NC1CCN(C2CCc3cc(-c4ccncn4)ccc32)CC1)NC(CC1CC1)c1ccccc1,False
CHEMBL4290627,COc1ccc2c(c1)CCC2N1CCC(N(C)C(=O)N[C@@H](C)c2ccc(OC)c(Cl)c2Cl)CC1,7.0670191780768015,506.4740000000003,5.864900000000006,54.040000000000006,0.5330893793098185,O=C(NCc1ccccc1)NC1CCN(C2CCc3ccccc32)CC1,False
CHEMBL261030,COc1cccc(-c2ccc(S(=O)(=O)Nc3cc(N4C[C@@H](C)N[C@@H](C)C4)ccc3OC)cc2)c1,8.700057099977233,481.6180000000002,4.358200000000004,79.9,0.5221183258052522,O=S(=O)(Nc1cccc(N2CCNCC2)c1)c1ccc(-c2ccccc2)cc1,False
CHEMBL3218890,COc1cccc(-n2cc3nc(-c4cccnc4C)n(C[C@H]4CCCN(C(C)C)C4)c(=O)c3n2)c1,8.886056647693163,472.59300000000036,4.081620000000003,78.07000000000001,0.42080957584770207,O=c1c2nn(-c3ccccc3)cc2nc(-c2cccnc2)n1CC1CCCNC1,False
CHEMBL481620,COc1cccc(C(=O)Nc2ccc(S(=O)(=O)N3CCCC[C@H]3C(=O)N3CC[C@H](N)C3)cc2)c1,8.700057099977233,486.5940000000004,2.0503,122.03999999999999,0.6445026674247774,O=C(Nc1ccc(S(=O)(=O)N2CCCCC2C(=O)N2CCCC2)cc1)c1ccccc1,False
CHEMBL359686,COc1cccc(CC(=O)N2CCc3cc(OCc4ccccc4)ccc3C2C(=O)NCCN(C(C)C)C(C)C)c1,8.193820026016112,557.7350000000001,5.177700000000005,71.10999999999999,0.3324799637422546,O=C(Cc1ccccc1)N1CCc2cc(OCc3ccccc3)ccc2C1,True
CHEMBL501315,COc1cccc(CCN(Cc2ccccc2-c2ccc(CN3C[C@@H](C)N[C@@H](C)C3)cc2)C(=O)NC2CCCCC2)c1,6.900008766455315,568.806,6.631400000000006,56.84,0.2882552535246345,O=C(NC1CCCCC1)N(CCc1ccccc1)Cc1ccccc1-c1ccc(CN2CCNCC2)cc1,True
CHEMBL376471,COc1cccc(Cn2c(CCCc3c[nH]c4ccccc34)nnc2[C@@H](Cc2c[nH]c3ccccc23)NC(=O)C(C)(C)N)c1,7.7447274948966935,589.744,5.6102000000000025,126.64,0.14761973925907085,c1ccc(Cn2c(CCCc3c[nH]c4ccccc34)nnc2CCc2c[nH]c3ccccc23)cc1,True
CHEMBL376258,COc1cccc(Cn2c(CCc3c[nH]c4ccccc34)nnc2[C@@H](Cc2c[nH]c3ccccc23)NC(=O)C(C)(C)N)c1,8.397940008672037,575.7170000000001,5.220100000000003,126.64,0.16851734074808786,c1ccc(Cn2c(CCc3c[nH]c4ccccc34)nnc2CCc2c[nH]c3ccccc23)cc1,True
CHEMBL375972,COc1cccc(Cn2c(CCc3ccccc3)nnc2[C@@H](Cc2c[nH]c3ccccc23)NC(=O)C(C)(C)N)c1,7.346787486224656,536.6800000000002,4.738800000000002,110.84999999999998,0.2258762499069702,c1ccc(CCc2nnc(CCc3c[nH]c4ccccc34)n2Cc2ccccc2)cc1,True
CHEMBL489793,COc1cccc(N(C[C@H]2CCCN2)C(=O)C(C)Oc2ccccc2)c1,5.3979400086720375,354.45000000000005,3.247700000000002,50.8,0.8292457493229177,O=C(COc1ccccc1)N(CC1CCCN1)c1ccccc1,False
CHEMBL179823,COc1cccc(Oc2ccc3c(c2)CCN(C(=O)OC(C)(C)C)C3C(=O)NCCN(C(C)C)C(C)C)c1,9.337242168318426,525.6900000000003,5.556800000000005,80.33999999999999,0.4619728348250431,c1ccc(Oc2ccc3c(c2)CCNC3)cc1,True
CHEMBL181832,COc1ccccc1CC(=O)N1CCc2cc(OCc3ccccc3)ccc2C1C(=O)NCCN(C(C)C)C(C)C,8.67778070526608,557.7350000000001,5.177700000000005,71.10999999999999,0.3324799637422546,O=C(Cc1ccccc1)N1CCc2cc(OCc3ccccc3)ccc2C1,True
CHEMBL254565,COc1ccccc1COC[C@@H](NC(=O)C(C)(C)N)c1nnnn1CCOC(=O)NCCCCO,8.954677021213342,493.56500000000034,0.29180000000000167,175.74,0.2522921016083022,c1ccc(COCCc2nnn[nH]2)cc1,False
CHEMBL223532,COc1ccccc1Cn1c(CCc2ccccc2)nnc1[C@@H](Cc1c[nH]c2ccccc12)NC(=O)C(C)(C)N,7.008773924307505,536.6800000000001,4.738800000000002,110.84999999999998,0.2258762499069702,c1ccc(CCc2nnc(CCc3c[nH]c4ccccc34)n2Cc2ccccc2)cc1,True
CHEMBL2364341,COc1ncc(N2C[C@@H](C)N[C@@H](C)C2)cc1NS(=O)(=O)c1ccc(-c2ccc(C)o2)c(F)c1,7.199970640755866,474.5580000000002,3.785120000000002,96.7,0.5611502205654135,O=S(=O)(Nc1cncc(N2CCNCC2)c1)c1ccc(-c2ccco2)cc1,False
CHEMBL294408,CS(=O)(=O)N1CC2(CCN(C(=O)[C@@H](COCc3ccccc3)NC(=O)[C@@H](N)CO)CC2)c2ccccc21.O=C(O)C(F)(F)F,7.1598939055432425,644.6690000000004,0.9809000000000045,179.57,0.30967790447195587,O=C(CCOCc1ccccc1)N1CCC2(CC1)CNc1ccccc12,True
CHEMBL301259,CS(=O)(=O)N1CC2(CCN(C(=O)[C@@H](COCc3ccccc3)NC(=O)[C@H](CO)NC(=O)CN)CC2)c2ccccc21.O=C(O)C(F)(F)F,8.09963287134353,701.7210000000005,0.09710000000000768,208.67,0.21347021499507152,O=C(CCOCc1ccccc1)N1CCC2(CC1)CNc1ccccc12,True
CHEMBL235363,CSCC[C@H](NC(=O)[C@H](CC(C)C)NC(=O)CNC(=O)[C@H](Cc1ccccc1)NC(=O)[C@H](Cc1ccccc1)NC(=O)[C@H](CCC(N)=O)NC(=O)[C@H](CCC(N)=O)NC(=O)[C@@H]1CCCN1C(=O)[C@H](CCCCN)NC(=O)[C@@H]1CCCN1C(=O)[C@@H](N)CCCN=C(N)N)C(N)=O,7.180456064458131,1347.6570000000004,-3.7110000000000074,519.1299999999999,0.017272661617000966,O=C(CNC(=O)C1CCCN1C(=O)CNC(=O)C1CCCN1)NCC(=O)NC(Cc1ccccc1)C(=O)NCCc1ccccc1,True
CHEMBL182158,CSc1ccc(Oc2ccc3c(c2)CCN(C(=O)OC(C)(C)C)C3C(=O)NCCN(C(C)C)C(C)C)cc1,8.619788758288394,541.7580000000003,6.2701000000000064,71.10999999999999,0.37744435097187684,c1ccc(Oc2ccc3c(c2)CCNC3)cc1,True
CHEMBL489794,CSc1cccc(N(C[C@H]2CCCN2)C(=O)C(C)Oc2ccccc2)c1,5.698970004336019,370.51800000000003,3.961000000000003,41.57000000000001,0.7492524004582862,O=C(COc1ccccc1)N(CC1CCCN1)c1ccccc1,False
CHEMBL489610,C[C@@H](Oc1cccc(Cl)c1)C(=O)N(Cc1ccccc1)C[C@H]1CCCN1,5.823908740944319,372.89600000000013,3.8881000000000023,41.57,0.8012753628646416,O=C(COc1ccccc1)N(Cc1ccccc1)CC1CCCN1,False
CHEMBL3940705,C[C@@H]1C(=O)N[C@H](Cc2c(F)c(F)c(F)c(F)c2F)C(=O)NCCCc2ccccc2OCCN[C@@H](C2CC2)C(=O)N1C,9.0,596.5970000000001,2.765900000000001,99.77,0.28775479948271876,O=C1CNC(=O)C(C2CC2)NCCOc2ccccc2CCCNC(=O)C(Cc2ccccc2)N1,False
CHEMBL1923626,C[C@@H]1C(=O)N[C@H](Cc2ccc(C(F)(F)F)cc2)C(=O)NCCCc2ccccc2OCCN[C@@H](C2CC2)C(=O)N1C,8.479303657420887,574.6440000000001,3.089200000000001,99.77,0.5235822985773239,O=C1CNC(=O)C(C2CC2)NCCOc2ccccc2CCCNC(=O)C(Cc2ccccc2)N1,False
CHEMBL3920049,C[C@@H]1C(=O)N[C@H](Cc2ccc(Cl)cc2)C(=O)NCCCc2ccccc2OCCN[C@@H](C2CC2)C(=O)N1C,9.0,541.0920000000003,2.7238000000000007,99.77,0.5557620873783934,O=C1CNC(=O)C(C2CC2)NCCOc2ccccc2CCCNC(=O)C(Cc2ccccc2)N1,False
CHEMBL3905791,C[C@@H]1C(=O)N[C@H](Cc2ccc(Cl)cc2Cl)C(=O)NCCCc2ccccc2OCCN[C@@H](C2CC2)C(=O)N1C,9.0,575.5370000000003,3.377200000000001,99.77,0.521574905122561,O=C1CNC(=O)C(C2CC2)NCCOc2ccccc2CCCNC(=O)C(Cc2ccccc2)N1,False
CHEMBL3938104,C[C@@H]1C(=O)N[C@H](Cc2ccc(F)cc2)C(=O)NCC#Cc2ccccc2OCCN[C@@H](C2CC2)C(=O)N1C,9.0,520.6050000000004,1.6283999999999996,99.77,0.5346695666004281,O=C1CNC(=O)C(C2CC2)NCCOc2ccccc2C#CCNC(=O)C(Cc2ccccc2)N1,False
CHEMBL3932408,C[C@@H]1C(=O)N[C@H](Cc2ccc(F)cc2)C(=O)NCCCc2cc(NS(C)(=O)=O)ccc2OCCN[C@@H](C2CC2)C(=O)N1C,9.0,617.7440000000001,1.581000000000002,145.94000000000003,0.398703889968855,O=C1CNC(=O)C(C2CC2)NCCOc2ccccc2CCCNC(=O)C(Cc2ccccc2)N1,False
CHEMBL1923642,C[C@@H]1C(=O)N[C@H](Cc2ccc(F)cc2)C(=O)NCCCc2ccc(F)cc2OCCN[C@@H](C2CC2)C(=O)N1C,8.284318117920506,542.6270000000003,2.3486000000000002,99.77,0.5532530411238766,O=C1CNC(=O)C(C2CC2)NCCOc2ccccc2CCCNC(=O)C(Cc2ccccc2)N1,False
CHEMBL1923640,C[C@@H]1C(=O)N[C@H](Cc2ccc(F)cc2)C(=O)NCCCc2cccc3c2O[C@H](CC3)CN[C@@H](C2CC2)C(=O)N1C,7.070581074285707,550.6750000000003,2.524300000000001,99.77,0.5456950379291087,O=C1CNC(=O)C(C2CC2)NCC2CCc3cccc(c3O2)CCCNC(=O)C(Cc2ccccc2)N1,False
CHEMBL1923638,C[C@@H]1C(=O)N[C@H](Cc2ccc(F)cc2)C(=O)NCCCc2ccccc2O[C@@H](C)CN[C@@H](C2CC2)C(=O)N1C,8.292513326014591,538.6640000000003,2.5980000000000008,99.77,0.5581335528453896,O=C1CNC(=O)C(C2CC2)NCCOc2ccccc2CCCNC(=O)C(Cc2ccccc2)N1,False
CHEMBL3934402,C[C@@H]1C(=O)N[C@H](Cc2ccc(F)cc2)C(=O)NCCCc2ncccc2OCCN[C@@H](C2CC2)C(=O)N1C,9.0,525.6250000000003,1.6045000000000003,112.66000000000001,0.561443474946499,O=C1CNC(=O)C(C2CC2)NCCOc2cccnc2CCCNC(=O)C(Cc2ccccc2)N1,False
CHEMBL1923610,C[C@@H]1C(=O)N[C@H](Cc2ccccc2)C(=O)NCCCc2ccccc2OCCN[C@@H](C2CC2)C(=O)N1C,8.319136081991203,506.64700000000033,2.0704,99.77,0.5920476566832851,O=C1CNC(=O)C(C2CC2)NCCOc2ccccc2CCCNC(=O)C(Cc2ccccc2)N1,False
CHEMBL473921,C[C@@H]1CN(Cc2ccc(-c3cccnc3C(=O)N3CCC(Nc4ccc(F)cc4)CC3)cc2)C[C@H](C)N1,7.0,501.6500000000002,4.786600000000004,60.50000000000001,0.5088684675395808,O=C(c1ncccc1-c1ccc(CN2CCNCC2)cc1)N1CCC(Nc2ccccc2)CC1,False
CHEMBL480219,C[C@@H]1CN(Cc2ccc(-n3ccnc3C(=O)N3CCC(Nc4cccc(F)c4)CC3)cc2)C[C@H](C)N1,6.299997602857746,490.6270000000002,3.910300000000003,65.43,0.5486364136275238,O=C(c1nccn1-c1ccc(CN2CCNCC2)cc1)N1CCC(Nc2ccccc2)CC1,False
CHEMBL257019,C[C@@H]1CN(c2cc(NS(=O)(=O)c3ccc(-c4ccccn4)s3)ccc2C#N)C[C@H](C)N1,6.199998172182031,453.59300000000013,3.6691800000000017,98.12,0.6117031084844404,O=S(=O)(Nc1cccc(N2CCNCC2)c1)c1ccc(-c2ccccn2)s1,False
CHEMBL2364375,C[C@@H]1CN(c2cc(NS(=O)(=O)c3ccc(-c4cccs4)cc3)ccc2C#N)C[C@H](C)N1,7.0,452.60500000000013,4.274180000000003,85.23,0.6037323303879636,O=S(=O)(Nc1cccc(N2CCNCC2)c1)c1ccc(-c2cccs2)cc1,False
CHEMBL410527,C[C@@H]1CN(c2ccc(C(=O)N(C)C)c(NS(=O)(=O)c3ccc(-c4ccccn4)s3)c2)C[C@H](C)N1,6.0999990348465305,499.66200000000015,3.4993000000000025,94.64,0.5391859936944478,O=S(=O)(Nc1cccc(N2CCNCC2)c1)c1ccc(-c2ccccn2)s1,False
CHEMBL2364477,C[C@@H]1CN(c2ccc(Cl)c(NS(=O)(=O)c3ccc(-c4ccccc4F)s3)c2)C[C@H](C)N1,8.0,480.03000000000014,5.195000000000004,61.440000000000005,0.5279927433463909,O=S(=O)(Nc1cccc(N2CCNCC2)c1)c1ccc(-c2ccccc2)s1,False
CHEMBL264170,C[C@@H]1CN(c2ccc(Cl)c(NS(=O)(=O)c3ccc(-c4ccccn4)s3)c2)C[C@H](C)N1,7.400007822415902,463.02800000000013,4.450900000000003,74.33,0.5855021764907813,O=S(=O)(Nc1cccc(N2CCNCC2)c1)c1ccc(-c2ccccn2)s1,False
CHEMBL2364475,C[C@@H]1CN(c2ccc(Cl)c(NS(=O)(=O)c3ccc(-c4ccco4)cc3)c2)C[C@H](C)N1,8.79997073344623,445.97200000000015,4.587400000000004,74.58,0.6005070207743898,O=S(=O)(Nc1cccc(N2CCNCC2)c1)c1ccc(-c2ccco2)cc1,False
CHEMBL2364439,C[C@@H]1CN(c2ccc(F)c(NS(=O)(=O)c3ccc(-c4ccccc4)cc3)c2)C[C@H](C)N1,7.50003813440381,439.55600000000015,4.480100000000003,61.440000000000005,0.6154224366131281,O=S(=O)(Nc1cccc(N2CCNCC2)c1)c1ccc(-c2ccccc2)cc1,False
CHEMBL410013,C[C@@H]1CN(c2ccc(F)c(NS(=O)(=O)c3ccc(-c4ccccn4)s3)c2)C[C@H](C)N1,7.0,446.57300000000015,3.936600000000002,74.33,0.6211286338094458,O=S(=O)(Nc1cccc(N2CCNCC2)c1)c1ccc(-c2ccccn2)s1,False
CHEMBL2364444,C[C@@H]1CN(c2ccc(F)c(NS(=O)(=O)c3ccc(-c4cccs4)c(F)c3)c2)C[C@H](C)N1,8.0,463.57500000000016,4.680700000000004,61.440000000000005,0.5768543782911535,O=S(=O)(Nc1cccc(N2CCNCC2)c1)c1ccc(-c2cccs2)cc1,False
CHEMBL2364406,C[C@@H]1CN(c2ccc(F)c(NS(=O)(=O)c3ccc(-c4cccs4)cc3)c2)C[C@H](C)N1,8.299988937677888,445.58500000000015,4.541600000000004,61.440000000000005,0.6052847447661088,O=S(=O)(Nc1cccc(N2CCNCC2)c1)c1ccc(-c2cccs2)cc1,False
CHEMBL2364442,C[C@@H]1CN(c2ccc(F)c(NS(=O)(=O)c3ccc(-c4cccs4)cc3Cl)c2)C[C@H](C)N1,8.100015437450608,480.03000000000014,5.195000000000005,61.440000000000005,0.5279927433463909,O=S(=O)(Nc1cccc(N2CCNCC2)c1)c1ccc(-c2cccs2)cc1,False
CHEMBL2364440,C[C@@H]1CN(c2ccc(F)c(NS(=O)(=O)c3ccc(-c4cccs4)cc3F)c2)C[C@H](C)N1,7.700057099977233,463.57500000000016,4.680700000000004,61.440000000000005,0.5768543782911535,O=S(=O)(Nc1cccc(N2CCNCC2)c1)c1ccc(-c2cccs2)cc1,False
CHEMBL2364447,C[C@@H]1CN(c2ccc(F)c(NS(=O)(=O)c3ccc(-c4ccoc4)c(F)c3)c2)C[C@H](C)N1,7.79997073344623,447.5070000000002,4.212200000000003,74.58,0.6129442449399162,O=S(=O)(Nc1cccc(N2CCNCC2)c1)c1ccc(-c2ccoc2)cc1,False
CHEMBL2364445,C[C@@H]1CN(c2ccc(F)c(NS(=O)(=O)c3ccc(-c4ccoc4)cc3)c2)C[C@H](C)N1,7.599980364934842,429.51700000000017,4.073100000000002,74.58,0.639521504945591,O=S(=O)(Nc1cccc(N2CCNCC2)c1)c1ccc(-c2ccoc2)cc1,False
CHEMBL2364448,C[C@@H]1CN(c2ccc(F)c(NS(=O)(=O)c3ccc(-c4ccoc4)cc3Cl)c2)C[C@H](C)N1,7.700057099977233,463.96200000000016,4.726500000000003,74.58,0.5719968570551405,O=S(=O)(Nc1cccc(N2CCNCC2)c1)c1ccc(-c2ccoc2)cc1,False
CHEMBL2364492,C[C@@H]1CN(c2ccc(O)c(NS(=O)(=O)c3ccc(-c4ccccc4F)s3)c2)C[C@H](C)N1,8.199970640755865,461.5840000000001,4.247200000000003,81.67,0.4951969691034194,O=S(=O)(Nc1cccc(N2CCNCC2)c1)c1ccc(-c2ccccc2)s1,False
CHEMBL2364383,C[C@@H]1CN(c2ccc(O)c(NS(=O)(=O)c3ccc(-c4ccccn4)s3)c2)C[C@H](C)N1,7.599980364934842,444.5820000000001,3.5031000000000017,94.56,0.5216137032759113,O=S(=O)(Nc1cccc(N2CCNCC2)c1)c1ccc(-c2ccccn2)s1,False
CHEMBL2364488,C[C@@H]1CN(c2ccc(O)c(NS(=O)(=O)c3ccc(-c4ccco4)cc3)c2)C[C@H](C)N1,7.79997073344623,427.5260000000001,3.6396000000000015,94.81,0.5383749603096063,O=S(=O)(Nc1cccc(N2CCNCC2)c1)c1ccc(-c2ccco2)cc1,False
CHEMBL2364394,C[C@@H]1CN(c2cccc(NS(=O)(=O)c3cc4ccccc4s3)c2)C[C@H](C)N1,7.50003813440381,401.5570000000001,3.888700000000002,61.440000000000005,0.696292003380416,O=S(=O)(Nc1cccc(N2CCNCC2)c1)c1cc2ccccc2s1,False
CHEMBL2364396,C[C@@H]1CN(c2cccc(NS(=O)(=O)c3ccc(-c4ccc(Cl)s4)cc3)c2)C[C@H](C)N1,7.599980364934842,462.04000000000013,5.055900000000005,61.440000000000005,0.5573577759383606,O=S(=O)(Nc1cccc(N2CCNCC2)c1)c1ccc(-c2cccs2)cc1,False
CHEMBL256809,C[C@@H]1CN(c2cccc(NS(=O)(=O)c3ccc(-c4ccccn4)s3)c2)C[C@H](C)N1,7.400007822415902,428.5830000000001,3.797500000000002,74.33,0.646647778217522,O=S(=O)(Nc1cccc(N2CCNCC2)c1)c1ccc(-c2ccccn2)s1,False
CHEMBL2364395,C[C@@H]1CN(c2cccc(NS(=O)(=O)c3ccc(-c4cccs4)cc3)c2)C[C@H](C)N1,8.199970640755865,427.5950000000001,4.402500000000003,61.440000000000005,0.6334749178926038,O=S(=O)(Nc1cccc(N2CCNCC2)c1)c1ccc(-c2cccs2)cc1,False
CHEMBL2364400,C[C@@H]1CN(c2cccc(NS(=O)(=O)c3ccc(-n4cccn4)cc3)c2)C[C@H](C)N1,7.599980364934842,411.53100000000006,2.859700000000001,79.26,0.6749669347678972,O=S(=O)(Nc1cccc(N2CCNCC2)c1)c1ccc(-n2cccn2)cc1,False
CHEMBL2364392,C[C@@H]1CN(c2cccc(NS(=O)(=O)c3ccc4ccccc4c3)c2)C[C@H](C)N1,7.79997073344623,395.5280000000001,3.827200000000002,61.440000000000005,0.7048791042640405,O=S(=O)(Nc1cccc(N2CCNCC2)c1)c1ccc2ccccc2c1,False
CHEMBL2364393,C[C@@H]1CN(c2cccc(NS(=O)(=O)c3cccc(Cl)c3Cl)c2)C[C@H](C)N1,7.700057099977233,414.3580000000001,3.980800000000002,61.440000000000005,0.7947592416508794,O=S(=O)(Nc1cccc(N2CCNCC2)c1)c1ccccc1,False
CHEMBL2364390,C[C@@H]1CN(c2cccc(NS(=O)(=O)c3cccc4ccccc34)c2)C[C@H](C)N1,8.0,395.5280000000001,3.827200000000002,61.440000000000005,0.7048791042640405,O=S(=O)(Nc1cccc(N2CCNCC2)c1)c1cccc2ccccc12,False
CHEMBL1923621,C[C@@H]1CN[C@@H](C2CC2)C(=O)N(C)[C@H](C)C(=O)N[C@H](Cc2ccc(Cl)cc2)C(=O)NCCCc2ccccc2O1,7.7447274948966935,555.1190000000003,3.112300000000002,99.77000000000001,0.5412858547960243,O=C1CNC(=O)C(C2CC2)NCCOc2ccccc2CCCNC(=O)C(Cc2ccccc2)N1,False
CHEMBL1963249,C[C@@H]1CN[C@@H](C2CC2)C(=O)N(C)[C@H](C)C(=O)N[C@H](Cc2ccc(F)cc2)C(=O)NCCCc2ccccc2O1,8.301029995663981,538.6640000000003,2.5980000000000025,99.77000000000001,0.5581335528453896,O=C1CNC(=O)C(C2CC2)NCCOc2ccccc2CCCNC(=O)C(Cc2ccccc2)N1,False
CHEMBL1923502,C[C@@H]1CN[C@@H](C2CC2)C(=O)N(C)[C@H](C)C(=O)N[C@H](Cc2ccc(F)cc2)C(=O)NCCCc2ccccc2O1.Cl.O,7.537602002101044,593.1400000000003,2.1951000000000023,131.27,0.5028347826484717,O=C1CNC(=O)C(C2CC2)NCCOc2ccccc2CCCNC(=O)C(Cc2ccccc2)N1,False
CHEMBL1923629,C[C@@H]1CN[C@@H](C2CCCCC2)C(=O)N(C)[C@H](C)C(=O)N[C@H](Cc2ccc(F)cc2)C(=O)NCCCc2ccccc2O1,7.309803919971486,580.7450000000003,3.7683000000000026,99.77000000000001,0.5135846800153799,O=C1CNC(=O)C(C2CCCCC2)NCCOc2ccccc2CCCNC(=O)C(Cc2ccccc2)N1,False
CHEMBL4285075,C[C@H](NC(=O)N(C)C1CCN(C2CCc3cc(-c4cncnc4)ccc32)CC1)c1ccc(C#CC2CC2)c(Cl)c1Cl,7.071604147743287,588.5830000000003,7.066200000000007,61.36000000000001,0.3242805998255757,O=C(NCc1ccc(C#CC2CC2)cc1)NC1CCN(C2CCc3cc(-c4cncnc4)ccc32)CC1,False
CHEMBL4289530,C[C@H](NC(=O)N(C)C1CCN(C2CCc3cc(-c4ncccn4)ccc32)CC1)c1ccc(C#CC2CC2)c(Cl)c1Cl,6.1979107421182675,588.5830000000003,7.066200000000007,61.36000000000001,0.3242805998255757,O=C(NCc1ccc(C#CC2CC2)cc1)NC1CCN(C2CCc3cc(-c4ncccn4)ccc32)CC1,False
CHEMBL489818,C[C@H](Oc1cccc(Cl)c1)C(=O)N(Cc1ccccc1)C[C@H]1CCCN1,8.397940008672037,372.89600000000013,3.8881000000000023,41.57,0.8012753628646416,O=C(COc1ccccc1)N(Cc1ccccc1)CC1CCCN1,False
CHEMBL3908264,C[C@H]1C(=O)N[C@@H](Cc2ccc(F)cc2)C(=O)NC[C@H]2C[C@@H]2c2ccccc2OCCN[C@H](C2CC2)C(=O)N1C,7.0,536.6480000000003,2.3804000000000007,99.77,0.5596424488267594,O=C1CNC(=O)C(C2CC2)NCCOc2ccccc2C2CC2CNC(=O)C(Cc2ccccc2)N1,False
CHEMBL3946348,C[C@H]1NC(=O)C2(CCCC2)NCCOc2ccccc2/C=C\CNC(=O)[C@H](Cc2cccc(Cl)c2)NC1=O,9.0,539.0760000000001,2.9963999999999995,108.56,0.46994771908328764,O=C1CNC(=O)C2(CCCC2)NCCOc2ccccc2C=CCNC(=O)C(Cc2ccccc2)N1,False
CHEMBL4294493,Cc1cc(-c2ccc3c(c2)CCC3N2CCC(N(C)C(=O)N[C@@H](C)c3ccc(-c4cnccn4)c(Cl)c3Cl)CC2)ncn1,6.7121982700697735,616.5969999999999,7.070120000000006,87.14,0.2494934419533411,O=C(NCc1ccc(-c2cnccn2)cc1)NC1CCN(C2CCc3cc(-c4ccncn4)ccc32)CC1,False
CHEMBL4276775,Cc1cc(-c2ccc3c(c2)CCC3N2CCC(N(C)C(=O)N[C@@H](C)c3ccc(C#CC4CC4)c(Cl)c3Cl)C(C)(C)C2)ncn1,6.440093374963888,630.664,8.010720000000008,61.36,0.2903822416908145,O=C(NCc1ccc(C#CC2CC2)cc1)NC1CCN(C2CCc3cc(-c4ccncn4)ccc32)CC1,False
CHEMBL4290680,Cc1cc(-c2ccc3c(c2)CCC3N2CCC(N(C)C(=O)N[C@@H](C)c3ccc(C#CC4CC4)c(Cl)c3Cl)CC2)ncn1,7.292429823902063,602.61,7.374620000000008,61.36,0.3099596104015801,O=C(NCc1ccc(C#CC2CC2)cc1)NC1CCN(C2CCc3cc(-c4ccncn4)ccc32)CC1,False
CHEMBL4280040,Cc1cc(-c2ccc3c(c2)CCC3N2CCC(N(C)C(=O)N[C@@H](C)c3ccc(C4CC4)c(Cl)c3Cl)CC2)ncn1,6.525783735923745,578.588,7.490520000000008,61.36,0.3293597498150919,O=C(NCc1ccc(C2CC2)cc1)NC1CCN(C2CCc3cc(-c4ccncn4)ccc32)CC1,False
CHEMBL4283504,Cc1cc(-c2ccc3c(c2)CCC3N2CCC(N(C)C(=O)N[C@@H](C)c3ccc(N)c(Cl)c3Cl)CC2)ncn1,6.917214629683549,553.5380000000001,6.195320000000006,87.38,0.3679035821239768,O=C(NCc1ccccc1)NC1CCN(C2CCc3cc(-c4ccncn4)ccc32)CC1,False
CHEMBL4278185,Cc1cc(-c2ccc3c(c2)CCC3N2CCC(N(C)C(=O)N[C@@H](CC3CC3)c3ccc(-c4cnccn4)c(Cl)c3Cl)CC2)ncn1,6.315154638355588,656.6619999999999,7.850320000000008,87.14,0.20798253600705222,O=C(NC1CCN(C2CCc3cc(-c4ccncn4)ccc32)CC1)NC(CC1CC1)c1ccc(-c2cnccn2)cc1,False
CHEMBL4286101,Cc1cc(-c2ccc3c(c2)CCC3N2CCC(N(C)C(=O)N[C@@H](CC3CC3)c3cccc(Cl)c3Cl)CC2)ncn1,6.013228265733755,578.588,7.393320000000007,61.36,0.31763812997831026,O=C(NC1CCN(C2CCc3cc(-c4ccncn4)ccc32)CC1)NC(CC1CC1)c1ccccc1,False
CHEMBL4282719,Cc1cc(-c2ccc3c(c2)CCC3N2CCC(N(C)C(=O)N[C@H](c3ccc(-c4cnccn4)c(Cl)c3Cl)C(F)(F)F)CC2)ncn1,5.664742743565468,670.567,7.612520000000006,87.14,0.22738852110711683,O=C(NCc1ccc(-c2cnccn2)cc1)NC1CCN(C2CCc3cc(-c4ccncn4)ccc32)CC1,False
CHEMBL4291926,Cc1cc(-c2ccc3c(c2)CC[C@@H]3N2CCC(N(C)C(=O)N[C@@H](C)c3ccc(C#CC4CC4)c(Cl)c3Cl)CC2)ncn1,5.8941493256148565,602.61,7.374620000000008,61.36,0.3099596104015801,O=C(NCc1ccc(C#CC2CC2)cc1)NC1CCN(C2CCc3cc(-c4ccncn4)ccc32)CC1,False
CHEMBL4279344,Cc1cc(-c2ccc3c(c2)CC[C@H]3N2CC3(CCN(C(=O)N[C@@H](C)c4ccc(-c5cnccn5)c(Cl)c4Cl)CC3)C2)ncn1,6.316052869248487,628.6079999999998,7.071720000000006,87.14,0.25452220502978856,O=C(NCc1ccc(-c2cnccn2)cc1)N1CCC2(CC1)CN(C1CCc3cc(-c4ccncn4)ccc31)C2,False
CHEMBL4281310,Cc1cc(-c2ccc3c(c2)CC[C@H]3N2CCC(N(C)C(=O)N[C@@H](C)c3ccc(C#CC4CC4)c(Cl)c3Cl)CC2)ncn1,7.531652669587842,602.61,7.374620000000008,61.36,0.3099596104015801,O=C(NCc1ccc(C#CC2CC2)cc1)NC1CCN(C2CCc3cc(-c4ccncn4)ccc32)CC1,False
CHEMBL2364443,Cc1cc(-c2cccs2)ccc1S(=O)(=O)Nc1cc(N2C[C@@H](C)N[C@@H](C)C2)ccc1F,7.700057099977233,459.6120000000002,4.850020000000003,61.440000000000005,0.5726408446076641,O=S(=O)(Nc1cccc(N2CCNCC2)c1)c1ccc(-c2cccs2)cc1,False
CHEMBL2364446,Cc1cc(-c2ccoc2)ccc1S(=O)(=O)Nc1cc(N2C[C@@H](C)N[C@@H](C)C2)ccc1F,7.50003813440381,443.54400000000015,4.381520000000003,74.58,0.6121505067802939,O=S(=O)(Nc1cccc(N2CCNCC2)c1)c1ccc(-c2ccoc2)cc1,False
CHEMBL1923628,Cc1cc(C[C@H]2NC(=O)[C@@H](C)N(C)C(=O)[C@H](C3CC3)NC[C@@H](C)Oc3ccccc3CCCNC2=O)ccc1F,7.146214911951032,552.6910000000004,2.9064200000000016,99.77000000000001,0.5440376617355521,O=C1CNC(=O)C(C2CC2)NCCOc2ccccc2CCCNC(=O)C(Cc2ccccc2)N1,False
CHEMBL2364464,Cc1cc(S(=O)(=O)Nc2cc(N3C[C@@H](C)N[C@@H](C)C3)ccc2F)ccc1Br,7.199970640755866,456.38100000000014,3.8840200000000022,61.440000000000005,0.7333790269357726,O=S(=O)(Nc1cccc(N2CCNCC2)c1)c1ccccc1,False
CHEMBL482204,Cc1ccc(-c2ccc(S(=O)(=O)N3CCCC[C@H]3C(=O)N3CCCNCC3)cc2)o1,8.100015437450608,431.5580000000002,2.620120000000001,82.86,0.8047167003931813,O=C(C1CCCCN1S(=O)(=O)c1ccc(-c2ccco2)cc1)N1CCCNCC1,False
CHEMBL481796,Cc1ccc(-c2ccc(S(=O)(=O)N3CCCC[C@H]3C(=O)N3CC[C@@H](N)C3)cc2)o1,9.599980364934842,417.5310000000002,2.3578200000000002,96.85000000000001,0.8236915886289959,O=C(C1CCCCN1S(=O)(=O)c1ccc(-c2ccco2)cc1)N1CCCC1,False
CHEMBL480821,Cc1ccc(-c2ccc(S(=O)(=O)N3CCCC[C@H]3C(=O)N3CC[C@@H](N)C3)cc2F)o1,10.299988937677888,435.5210000000002,2.4969200000000003,96.85000000000001,0.7959526978021636,O=C(C1CCCCN1S(=O)(=O)c1ccc(-c2ccco2)cc1)N1CCCC1,False
CHEMBL481013,Cc1ccc(-c2ccc(S(=O)(=O)N3CCCC[C@H]3C(=O)N3CC[C@H](N)C3)cc2F)o1,9.79997073344623,435.5210000000002,2.4969200000000003,96.85000000000001,0.7959526978021636,O=C(C1CCCCN1S(=O)(=O)c1ccc(-c2ccco2)cc1)N1CCCC1,False
CHEMBL521439,Cc1ccc(-c2ccc(S(=O)(=O)N3CCCC[C@H]3C(=O)N3C[C@@H](C)N[C@@H](C)C3)cc2)o1,8.199970640755865,445.58500000000015,3.0070200000000016,82.86,0.7823106170877904,O=C(C1CCCCN1S(=O)(=O)c1ccc(-c2ccco2)cc1)N1CCNCC1,False
CHEMBL480639,Cc1ccc(-c2ccc(S(=O)(=O)N3CCCC[C@H]3C(=O)N3C[C@@H](C)N[C@@H](C)C3)cc2F)o1,8.599980364934842,463.57500000000016,3.1461200000000016,82.86,0.7533292767474091,O=C(C1CCCCN1S(=O)(=O)c1ccc(-c2ccco2)cc1)N1CCNCC1,False
CHEMBL519301,Cc1ccc(-c2ccc(S(=O)(=O)N3CCC[C@H]3C(=O)N3CC[C@@H](N)C3)cc2F)o1,9.400007822415901,421.4940000000002,2.10682,96.85000000000001,0.8155905587205651,O=C(C1CCCN1S(=O)(=O)c1ccc(-c2ccco2)cc1)N1CCCC1,False
CHEMBL516602,Cc1ccc(-c2ccc(S(=O)(=O)N3CCNC[C@H]3C(=O)N3CC[C@@H](N)C3)cc2)o1,8.899974269892137,418.5190000000002,0.7771200000000015,108.88,0.7594844457388757,O=C(C1CNCCN1S(=O)(=O)c1ccc(-c2ccco2)cc1)N1CCCC1,False
CHEMBL518774,Cc1ccc(-c2ccc(S(=O)(=O)N3CC[C@H](O)[C@H]3C(=O)N3CC[C@@H](N)C3)cc2F)o1,9.700057099977233,437.4930000000002,1.0776200000000002,117.08,0.7392588625322027,O=C(C1CCCN1S(=O)(=O)c1ccc(-c2ccco2)cc1)N1CCCC1,False
CHEMBL481014,Cc1ccc(-c2ccc(S(=O)(=O)N3CC[C@H]3C(=O)N3CC[C@@H](N)C3)cc2F)o1,7.79997073344623,407.46700000000016,1.7167199999999998,96.85000000000001,0.8324067654720863,O=C(C1CCN1S(=O)(=O)c1ccc(-c2ccco2)cc1)N1CCCC1,False
CHEMBL517391,Cc1ccc(-c2ccc(S(=O)(=O)N3C[C@@H](O)C[C@H]3C(=O)N3CC[C@@H](N)C3)cc2F)o1,8.299988937677888,437.4930000000002,1.07762,117.08,0.7392588625322027,O=C(C1CCCN1S(=O)(=O)c1ccc(-c2ccco2)cc1)N1CCCC1,False
CHEMBL480037,Cc1ccc(-c2ccc(S(=O)(=O)N3C[C@H](O)C[C@H]3C(=O)N3CC[C@@H](N)C3)cc2F)o1,9.299988937677888,437.4930000000002,1.07762,117.08,0.7392588625322027,O=C(C1CCCN1S(=O)(=O)c1ccc(-c2ccco2)cc1)N1CCCC1,False
CHEMBL2364343,Cc1ccc(-c2ccc(S(=O)(=O)Nc3cc(N4C[C@@H](C)N[C@@H](C)C4)c[nH]c3=O)cc2F)o1,8.0,460.5310000000002,3.069820000000001,107.44000000000001,0.5402522358849438,O=c1[nH]cc(N2CCNCC2)cc1NS(=O)(=O)c1ccc(-c2ccco2)cc1,False
CHEMBL2364487,Cc1ccc(-c2ccc(S(=O)(=O)Nc3cc(N4C[C@@H](C)N[C@@H](C)C4)ccc3O)cc2)o1,8.299988937677888,441.55300000000017,3.9480200000000023,94.81,0.5192315953643032,O=S(=O)(Nc1cccc(N2CCNCC2)c1)c1ccc(-c2ccco2)cc1,False
CHEMBL2364491,Cc1ccc(-c2ccc(S(=O)(=O)Nc3cc(N4C[C@@H](C)N[C@@H](C)C4)ccc3O)cc2F)o1,8.500038134403809,459.5430000000002,4.087120000000002,94.81,0.49780001827587755,O=S(=O)(Nc1cccc(N2CCNCC2)c1)c1ccc(-c2ccco2)cc1,False
CHEMBL2364340,Cc1ccc(-c2ccc(S(=O)(=O)Nc3cc(N4C[C@@H](C)N[C@@H](C)C4)ccn3)cc2F)o1,7.700057099977233,444.53200000000015,3.7765200000000023,87.47000000000001,0.6228925292989859,O=S(=O)(Nc1cc(N2CCNCC2)ccn1)c1ccc(-c2ccco2)cc1,False
CHEMBL2364338,Cc1ccc(-c2ccc(S(=O)(=O)Nc3cccc(N4C[C@@H](C)N[C@@H](C)C4)n3)cc2F)o1,9.0,444.5320000000002,3.7765200000000023,87.47000000000001,0.6228925292989858,O=S(=O)(Nc1cccc(N2CCNCC2)n1)c1ccc(-c2ccco2)cc1,False
CHEMBL2364339,Cc1ccc(-c2ccc(S(=O)(=O)Nc3ccnc(N4C[C@@H](C)N[C@@H](C)C4)n3)cc2F)o1,7.50003813440381,445.5200000000002,3.171520000000001,100.36,0.6221241598643471,O=S(=O)(Nc1ccnc(N2CCNCC2)n1)c1ccc(-c2ccco2)cc1,False
CHEMBL1923627,Cc1ccc(C[C@H]2NC(=O)[C@@H](C)N(C)C(=O)[C@H](C3CC3)NCCOc3ccccc3CCCNC2=O)cc1,8.086186147616283,520.6740000000004,2.378820000000002,99.77000000000001,0.5772698441053463,O=C1CNC(=O)C(C2CC2)NCCOc2ccccc2CCCNC(=O)C(Cc2ccccc2)N1,False
CHEMBL385131,Cc1ccc(Cn2c(CCCc3ccccc3)nnc2[C@@H](Cc2c[nH]c3ccccc23)NC(=O)C(C)(C)N)cc1,7.920818753952375,534.7080000000003,5.428720000000004,101.61999999999999,0.2103330166688375,c1ccc(CCCc2nnc(CCc3c[nH]c4ccccc34)n2Cc2ccccc2)cc1,True
CHEMBL375103,Cc1ccc(Cn2c(CCc3c[nH]c4ccccc34)nnc2[C@@H](Cc2c[nH]c3ccccc23)NC(=O)C(C)(C)N)cc1,6.200659450546418,559.7180000000002,5.519920000000003,117.40999999999998,0.17677872080321258,c1ccc(Cn2c(CCc3c[nH]c4ccccc34)nnc2CCc2c[nH]c3ccccc23)cc1,True
CHEMBL2364423,Cc1ccc(N2C[C@@H](C)N[C@@H](C)C2)cc1NS(=O)(=O)c1ccc(-c2cccs2)cc1,8.400007822415901,441.6220000000002,4.710920000000003,61.44,0.6019155346741841,O=S(=O)(Nc1cccc(N2CCNCC2)c1)c1ccc(-c2cccs2)cc1,False
CHEMBL2364418,Cc1ccc(N2C[C@@H](C)N[C@@H](C)C2)cc1NS(=O)(=O)c1ccc(Br)cc1,7.0,438.39100000000013,3.7449200000000022,61.44,0.763740572597931,O=S(=O)(Nc1cccc(N2CCNCC2)c1)c1ccccc1,False
CHEMBL2364420,Cc1ccc(N2C[C@@H](C)N[C@@H](C)C2)cc1NS(=O)(=O)c1ccc2ccccc2c1,8.299988937677888,409.5550000000002,4.135620000000003,61.44,0.6800152178835366,O=S(=O)(Nc1cccc(N2CCNCC2)c1)c1ccc2ccccc2c1,False
CHEMBL2364422,Cc1ccc(N2C[C@@H](C)N[C@@H](C)C2)cc1NS(=O)(=O)c1cccc2ccccc12,7.700057099977233,409.5550000000002,4.135620000000003,61.44,0.6800152178835366,O=S(=O)(Nc1cccc(N2CCNCC2)c1)c1cccc2ccccc12,False
CHEMBL1079311,Cc1ccc(S(=O)(=O)Nc2ccc3c(c2)CCN(Cc2cc[nH]n2)CC3)cc1Cl,7.100015437450609,430.9610000000001,3.7731200000000022,78.09,0.6453757455175543,O=S(=O)(Nc1ccc2c(c1)CCN(Cc1cc[nH]n1)CC2)c1ccccc1,False
CHEMBL4645072,Cc1ccc2[nH]c(C(=O)N[C@@H]3CCN(S(=O)(=O)c4ccccc4)C[C@@H]3C(=O)NCCN(C)C)cc2c1,7.180560775009305,511.6480000000003,1.9633200000000006,114.61,0.42785420309358996,O=C(NC1CCN(S(=O)(=O)c2ccccc2)CC1)c1cc2ccccc2[nH]1,False
CHEMBL4648355,Cc1ccc2[nH]c(C(=O)N[C@@H]3CN(S(=O)(=O)c4ccccc4)C[C@H]3C(=O)NCCN(C)C)cc2c1,7.383269683418158,497.62100000000027,1.57322,114.61,0.4371908651152532,O=C(NC1CCN(S(=O)(=O)c2ccccc2)C1)c1cc2ccccc2[nH]1,False
CHEMBL4167267,Cc1ccc2[nH]c(C(=O)N[C@@H]3Cc4ccccc4[C@@H]3NC(=O)CCN(C)C)cc2c1,5.811954807873761,404.51400000000024,2.9400200000000014,77.23,0.5911919933260441,O=C(NC1Cc2ccccc2C1)c1cc2ccccc2[nH]1,False
CHEMBL4163811,Cc1ccc2[nH]c(C(=O)N[C@@H]3Cc4ccccc4[C@H]3NC(=O)CCN(C)C)cc2c1,6.622944607462322,404.51400000000024,2.9400200000000014,77.23,0.5911919933260441,O=C(NC1Cc2ccccc2C1)c1cc2ccccc2[nH]1,False
CHEMBL4641386,Cc1ccc2[nH]c(C(=O)N[C@H]3CCN(C(=O)c4cccnc4)C[C@@H]3C(=O)NCCN(C)C)cc2c1,6.6951808150101435,476.58100000000024,1.8098200000000007,110.42999999999999,0.4818078401822809,O=C(NC1CCN(C(=O)c2cccnc2)CC1)c1cc2ccccc2[nH]1,False
CHEMBL4649860,Cc1ccc2[nH]c(C(=O)N[C@H]3CCN(S(=O)(=O)C4CC4)C[C@@H]3C(=O)NCCN(C)C)cc2c1,8.109030233055503,475.61500000000035,1.0666200000000012,114.61,0.5283896900706326,O=C(NC1CCN(S(=O)(=O)C2CC2)CC1)c1cc2ccccc2[nH]1,False
CHEMBL4641201,Cc1ccc2[nH]c(C(=O)N[C@H]3CCN(S(=O)(=O)N(C)C)C[C@@H]3C(=O)NCCN(C)C)cc2c1,7.9965531460260495,478.6190000000003,0.38082000000000216,117.85000000000001,0.5071147176218337,O=C(NC1CCNCC1)c1cc2ccccc2[nH]1,False
CHEMBL4637916,Cc1ccc2[nH]c(C(=O)N[C@H]3CCN(S(=O)(=O)N4CCCCC4)C[C@@H]3C(=O)NCCN(C)C)cc2c1,8.505039827489487,518.6840000000005,1.305120000000001,117.85000000000001,0.4870795464800462,O=C(NC1CCN(S(=O)(=O)N2CCCCC2)CC1)c1cc2ccccc2[nH]1,False
CHEMBL4633062,Cc1ccc2[nH]c(C(=O)N[C@H]3CCN(S(=O)(=O)N4CCOCC4)C[C@@H]3C(=O)NCCN(C)C)cc2c1,8.078260460772253,520.6560000000005,0.15142000000000344,127.08,0.45494278720307163,O=C(NC1CCN(S(=O)(=O)N2CCOCC2)CC1)c1cc2ccccc2[nH]1,False
CHEMBL4647797,Cc1ccc2[nH]c(C(=O)N[C@H]3CCN(S(=O)(=O)c4ccccc4)C[C@@H]3C(=O)NCCN(C)C)cc2c1,9.101194173080083,511.6480000000003,1.9633200000000006,114.61,0.42785420309358996,O=C(NC1CCN(S(=O)(=O)c2ccccc2)CC1)c1cc2ccccc2[nH]1,False
CHEMBL4641513,Cc1ccc2[nH]c(C(=O)N[C@H]3CCN(S(=O)(=O)c4ccccc4Cl)C[C@@H]3C(=O)N[C@H]3CCCN(C)C3)cc2c1,9.819301365605629,572.1310000000002,3.1493200000000012,114.61,0.42044055714863116,O=C(NC1CCN(S(=O)(=O)c2ccccc2)CC1C(=O)NC1CCCNC1)c1cc2ccccc2[nH]1,False
CHEMBL4638297,Cc1ccc2[nH]c(C(=O)N[C@H]3CCN(S(=O)(=O)c4ccccc4Cl)C[C@@H]3C(=O)N[C@H]3CCCNC3)cc2c1,9.688918902621657,558.1040000000003,2.8071200000000003,123.4,0.37100814203748045,O=C(NC1CCN(S(=O)(=O)c2ccccc2)CC1C(=O)NC1CCCNC1)c1cc2ccccc2[nH]1,False
CHEMBL4640615,Cc1ccc2[nH]c(C(=O)N[C@H]3CCN(S(=O)(=O)c4cccnc4)C[C@@H]3C(=O)NCCN(C)C)cc2c1,8.69628053103201,512.6360000000003,1.3583200000000009,127.50000000000001,0.4182682317920378,O=C(NC1CCN(S(=O)(=O)c2cccnc2)CC1)c1cc2ccccc2[nH]1,False
CHEMBL4639514,Cc1ccc2[nH]c(C(=O)N[C@H]3CN(S(=O)(=O)C4CCOCC4)C[C@@H]3C(=O)NCCN(C)C)cc2c1,8.09125496394903,505.6410000000005,0.693120000000002,123.84000000000002,0.48516830402346206,O=C(NC1CCN(S(=O)(=O)C2CCOCC2)C1)c1cc2ccccc2[nH]1,False
CHEMBL4648308,Cc1ccc2[nH]c(C(=O)N[C@H]3CN(S(=O)(=O)c4ccccc4)CC[C@@H]3C(=O)NCCN(C)C)cc2c1,6.500154924664951,511.6480000000003,1.9633200000000006,114.61,0.42785420309358996,O=C(NC1CCCN(S(=O)(=O)c2ccccc2)C1)c1cc2ccccc2[nH]1,False
CHEMBL4642860,Cc1ccc2[nH]c(C(=O)N[C@H]3CN(S(=O)(=O)c4ccccc4)CC[C@H]3C(=O)NCCN(C)C)cc2c1,5.90681929326195,511.6480000000003,1.9633200000000006,114.61,0.42785420309358996,O=C(NC1CCCN(S(=O)(=O)c2ccccc2)C1)c1cc2ccccc2[nH]1,False
CHEMBL4637980,Cc1ccc2[nH]c(C(=O)N[C@H]3CN(S(=O)(=O)c4ccccc4)C[C@@H]3C(=O)NCCN(C)C)cc2c1,9.085298255868157,497.62100000000027,1.57322,114.61,0.4371908651152532,O=C(NC1CCN(S(=O)(=O)c2ccccc2)C1)c1cc2ccccc2[nH]1,False
CHEMBL4635542,Cc1ccc2[nH]c(C(=O)N[C@H]3CN(S(=O)(=O)c4ccccc4)C[C@@H]3C(=O)NC[C@@H]3CCCN3C)cc2c1,9.787330725860183,523.6590000000003,2.1058199999999996,114.61,0.4389411164584542,O=C(NC1CN(S(=O)(=O)c2ccccc2)CC1C(=O)NCC1CCCN1)c1cc2ccccc2[nH]1,False
CHEMBL4647258,Cc1ccc2[nH]c(C(=O)N[C@H]3CN(S(=O)(=O)c4ccccc4)C[C@@H]3C(=O)NC[C@H]3CCCN3)cc2c1,9.018578659399378,509.6320000000003,1.7636200000000004,123.4,0.3865812837678645,O=C(NC1CN(S(=O)(=O)c2ccccc2)CC1C(=O)NCC1CCCN1)c1cc2ccccc2[nH]1,False
CHEMBL4646219,Cc1ccc2[nH]c(C(=O)N[C@H]3CN(S(=O)(=O)c4ccccc4)C[C@@H]3C(=O)NC[C@H]3CCCN3C)cc2c1,9.320988770510388,523.6590000000003,2.1058199999999996,114.61,0.4389411164584542,O=C(NC1CN(S(=O)(=O)c2ccccc2)CC1C(=O)NCC1CCCN1)c1cc2ccccc2[nH]1,False
CHEMBL4640507,Cc1ccc2[nH]c(C(=O)N[C@H]3CN(S(=O)(=O)c4ccccc4)C[C@@H]3C(=O)N[C@@H]3CCCN(C)C3)cc2c1,9.581114901057227,523.6590000000003,2.1058199999999996,114.61,0.4579519327320132,O=C(NC1CN(S(=O)(=O)c2ccccc2)CC1C(=O)NC1CCCNC1)c1cc2ccccc2[nH]1,False
CHEMBL4648799,Cc1ccc2[nH]c(C(=O)N[C@H]3CN(S(=O)(=O)c4ccccc4)C[C@@H]3C(=O)N[C@@H]3CCCNC3)cc2c1,8.207320402872549,509.6320000000003,1.7636200000000004,123.4,0.40332436270246924,O=C(NC1CN(S(=O)(=O)c2ccccc2)CC1C(=O)NC1CCCNC1)c1cc2ccccc2[nH]1,False
CHEMBL4639229,Cc1ccc2[nH]c(C(=O)N[C@H]3CN(S(=O)(=O)c4ccccc4)C[C@@H]3C(=O)N[C@H]3CCCN(C)C3)cc2c1,9.374364904208878,523.6590000000003,2.1058199999999996,114.61,0.4579519327320132,O=C(NC1CN(S(=O)(=O)c2ccccc2)CC1C(=O)NC1CCCNC1)c1cc2ccccc2[nH]1,False
CHEMBL4647963,Cc1ccc2[nH]c(C(=O)N[C@H]3CN(S(=O)(=O)c4ccccc4)C[C@@H]3C(=O)N[C@H]3CCCNC3)cc2c1,9.487496663683482,509.6320000000003,1.7636200000000004,123.4,0.40332436270246924,O=C(NC1CN(S(=O)(=O)c2ccccc2)CC1C(=O)NC1CCCNC1)c1cc2ccccc2[nH]1,False
CHEMBL4641472,Cc1ccc2[nH]c(C(=O)N[C@H]3CN(S(=O)(=O)c4ccccc4)C[C@H]3C(=O)NCCN(C)C)cc2c1,6.499468834865278,497.62100000000027,1.57322,114.61,0.4371908651152532,O=C(NC1CCN(S(=O)(=O)c2ccccc2)C1)c1cc2ccccc2[nH]1,False
CHEMBL4646979,Cc1ccc2[nH]c(C(=O)N[C@H]3CN(S(=O)(=O)c4ccccc4)C[C@]3(C)C(=O)N[C@H]3CCCNC3)cc2c1,7.5941803294858055,523.6590000000003,2.15372,123.4,0.3943485924747346,O=C(NC1CN(S(=O)(=O)c2ccccc2)CC1C(=O)NC1CCCNC1)c1cc2ccccc2[nH]1,False
CHEMBL4645148,Cc1ccc2[nH]c(C(=O)N[C@H]3CN(S(=O)(=O)c4cccnc4)C[C@@H]3C(=O)NCCN(C)C)cc2c1,8.985308111157394,498.60900000000026,0.968220000000001,127.50000000000001,0.42472850338795265,O=C(NC1CCN(S(=O)(=O)c2cccnc2)C1)c1cc2ccccc2[nH]1,False
CHEMBL4636571,Cc1ccc2[nH]c(C(=O)N[C@H]3CN(S(=O)(=O)c4ccnc(C)c4)C[C@@H]3C(=O)NCCN(C)C)cc2c1,8.816326699349027,512.6360000000003,1.2766400000000004,127.50000000000001,0.4172743112761142,O=C(NC1CCN(S(=O)(=O)c2ccncc2)C1)c1cc2ccccc2[nH]1,False
CHEMBL4633695,Cc1ccc2[nH]c(C(=O)N[C@H]3CN(S(=O)(=O)c4ccnnc4)C[C@@H]3C(=O)NCCN(C)C)cc2c1,8.30007560590532,499.59700000000026,0.36322000000000054,140.39000000000001,0.4065433001846272,O=C(NC1CCN(S(=O)(=O)c2ccnnc2)C1)c1cc2ccccc2[nH]1,False
CHEMBL4645625,Cc1ccc2[nH]c(C(=O)N[C@H]3CN(S(=O)(=O)c4cn(C)nc4C)C[C@@H]3C(=O)NCCN(C)C)cc2c1,8.521078118834907,515.6400000000003,0.6151400000000011,132.43000000000004,0.40288344499479406,O=C(NC1CCN(S(=O)(=O)c2cn[nH]c2)C1)c1cc2ccccc2[nH]1,False
CHEMBL4637284,Cc1ccc2[nH]c(C(=O)N[C@H]3CN(S(=O)(=O)c4cnccn4)C[C@@H]3C(=O)NCCN(C)C)cc2c1,8.695213466275668,499.59700000000026,0.36322000000000054,140.39000000000001,0.4065433001846272,O=C(NC1CCN(S(=O)(=O)c2cnccn2)C1)c1cc2ccccc2[nH]1,False
CHEMBL4169979,Cc1ccc2[nH]c(C(=O)N[C@H]3Cc4ccccc4[C@@H]3C(=O)N(C)CCN(C)C)cc2c1,8.300509466670935,418.5410000000003,2.9346200000000016,68.44,0.6468010451718321,O=C(NC1Cc2ccccc2C1)c1cc2ccccc2[nH]1,False
CHEMBL4639379,Cc1ccc2[nH]c(C(=O)N[C@H]3Cc4ccccc4[C@@H]3C(=O)NCCN(C)C)cc2c1,8.749470368891124,404.51400000000024,2.5924200000000006,77.22999999999999,0.5910391981214339,O=C(NC1Cc2ccccc2C1)c1cc2ccccc2[nH]1,False
CHEMBL4172656,Cc1ccc2[nH]c(C(=O)N[C@H]3Cc4ccccc4[C@@H]3C(=O)N[C@H]3CCCN(C)C3)cc2c1,10.0,430.5520000000003,3.125020000000001,77.22999999999999,0.5952290692192436,O=C(NC1Cc2ccccc2C1C(=O)NC1CCCNC1)c1cc2ccccc2[nH]1,False
CHEMBL4171040,Cc1ccc2[nH]c(C(=O)N[C@H]3Cc4ccccc4[C@@H]3NC(=O)CCN(C)C)cc2c1,7.688918902621657,404.51400000000024,2.9400200000000014,77.23,0.5911919933260441,O=C(NC1Cc2ccccc2C1)c1cc2ccccc2[nH]1,False
CHEMBL4170481,Cc1ccc2[nH]c(C(=O)N[C@H]3Cc4ccccc4[C@@H]3NC(=O)[C@@H]3CN(C)CCO3)cc2c1,8.87692311710695,432.5240000000003,2.3189199999999994,86.46000000000001,0.5906698306311314,O=C(NC1Cc2ccccc2C1NC(=O)C1CNCCO1)c1cc2ccccc2[nH]1,False
CHEMBL4167776,Cc1ccc2[nH]c(C(=O)N[C@H]3Cc4ccccc4[C@@H]3NC(=O)[C@@H]3CNCCOC3)cc2c1,6.881644099649455,432.5240000000003,2.2243199999999996,95.25000000000001,0.5085134679273302,O=C(NC1Cc2ccccc2C1NC(=O)C1CNCCOC1)c1cc2ccccc2[nH]1,False
CHEMBL4162174,Cc1ccc2[nH]c(C(=O)N[C@H]3Cc4ccccc4[C@@H]3NC(=O)[C@H]3COCCN(C)C3)cc2c1,7.688918902621657,446.55100000000033,2.5665199999999997,86.46000000000001,0.5750396305538281,O=C(NC1Cc2ccccc2C1NC(=O)C1CNCCOC1)c1cc2ccccc2[nH]1,False
CHEMBL4174302,Cc1ccc2[nH]c(C(=O)N[C@H]3Cc4ccccc4[C@@H]3NC(=O)c3cnccc3N)cc2c1,7.87692311710695,425.4920000000002,3.279320000000001,112.9,0.4018322172642875,O=C(NC1c2ccccc2CC1NC(=O)c1cc2ccccc2[nH]1)c1cccnc1,False
CHEMBL4162000,Cc1ccc2[nH]c(C(=O)N[C@H]3Cc4ccccc4[C@H]3C(=O)NCCN(C)C)cc2c1,6.613542825550969,404.51400000000024,2.5924200000000006,77.22999999999999,0.5910391981214339,O=C(NC1Cc2ccccc2C1)c1cc2ccccc2[nH]1,False
CHEMBL4174476,Cc1ccc2[nH]c(C(=O)N[C@H]3Cc4ccccc4[C@H]3NC(=O)CCN(C)C)cc2c1,7.0,404.51400000000024,2.9400200000000014,77.23,0.5911919933260441,O=C(NC1Cc2ccccc2C1)c1cc2ccccc2[nH]1,False
CHEMBL4292914,Cc1ccc2c(c1)CCC2N1CCC(N(C)C(=O)N[C@@H](C)c2ccc(C#CC3CC3)c(Cl)c2Cl)CC1,6.931814138253838,524.5360000000003,6.917620000000007,35.58,0.4411102090225553,O=C(NCc1ccc(C#CC2CC2)cc1)NC1CCN(C2CCc3ccccc32)CC1,False
CHEMBL4283858,Cc1ccc2c(c1)CCC2N1CCC(N(C)C(=O)N[C@@H](C)c2ccc(O)c(Cl)c2Cl)CC1,6.723538195826755,476.4480000000002,5.861720000000007,55.81,0.581231860800001,O=C(NCc1ccccc1)NC1CCN(C2CCc3ccccc32)CC1,False
CHEMBL482623,Cc1cccc(CN(C[C@H]2CCCN2)C(=O)C(C)Oc2cccc(Cl)c2)c1,6.920818753952375,386.9230000000001,4.196520000000003,41.57000000000001,0.7750292360500757,O=C(COc1ccccc1)N(Cc1ccccc1)CC1CCCN1,False
CHEMBL523795,Cc1cccc(CN(C[C@H]2CCCN2)C(=O)C(C)Oc2ccccc2)c1,7.096910013008056,352.47800000000007,3.543120000000002,41.57000000000001,0.8285865465775064,O=C(COc1ccccc1)N(Cc1ccccc1)CC1CCCN1,False
CHEMBL520953,Cc1cccc(CN(C[C@H]2CCCN2)C(=O)C(C)Oc2ccccc2Cl)c1,7.045757490560675,386.9230000000001,4.196520000000003,41.57000000000001,0.7750292360500757,O=C(COc1ccccc1)N(Cc1ccccc1)CC1CCCN1,False
CHEMBL429817,Cc1ccccc1-c1nc2ccc(Oc3ccc(F)cc3)cc2c(=O)n1CC1CCCNC1,8.187086643357144,443.5220000000003,5.302920000000005,56.15,0.4546320061103832,O=c1c2cc(Oc3ccccc3)ccc2nc(-c2ccccc2)n1CC1CCCNC1,False
CHEMBL482420,Cc1ccccc1CN(C[C@H]1CCCN1)C(=O)C(C)Oc1cccc(Cl)c1,8.522878745280337,386.9230000000001,4.196520000000003,41.57000000000001,0.7750292360500757,O=C(COc1ccccc1)N(Cc1ccccc1)CC1CCCN1,False
CHEMBL492230,Cc1ccccc1CN(C[C@H]1CCCN1)C(=O)C(C)Oc1ccccc1,7.3979400086720375,352.47800000000007,3.543120000000002,41.57000000000001,0.8285865465775064,O=C(COc1ccccc1)N(Cc1ccccc1)CC1CCCN1,False
CHEMBL483455,Cc1ccccc1CN(C[C@H]1CCCN1)C(=O)C(C)Oc1ccccc1Cl,6.853871964321762,386.9230000000001,4.196520000000003,41.57000000000001,0.7750292360500757,O=C(COc1ccccc1)N(Cc1ccccc1)CC1CCCN1,False
CHEMBL489819,Cc1ccccc1CN(C[C@H]1CCCN1)C(=O)[C@@H](C)Oc1cccc(Cl)c1,6.7447274948966935,386.9230000000001,4.196520000000003,41.57000000000001,0.7750292360500757,O=C(COc1ccccc1)N(Cc1ccccc1)CC1CCCN1,False
CHEMBL519322,Cc1ccccc1CN(C[C@H]1CCCN1)C(=O)[C@H](C)Oc1cccc(Cl)c1,8.698970004336019,386.9230000000001,4.196520000000003,41.57000000000001,0.7750292360500757,O=C(COc1ccccc1)N(Cc1ccccc1)CC1CCCN1,False
CHEMBL404354,Cc1ccccc1COC[C@@H](NC(=O)C(C)(C)N)c1nnnn1CCOC(=O)NCCCCO,9.292429823902063,477.5660000000003,0.5916200000000016,166.51,0.2847546781576863,c1ccc(COCCc2nnn[nH]2)cc1,False
CHEMBL442151,Cc1ccccc1N1CCN(C(=O)[C@@H](CCCc2ccccc2)NC(=O)C(C)(C)N)CC1,7.424928919075721,436.6000000000002,2.8886200000000004,78.67,0.6670058821782543,O=C(CCCCc1ccccc1)N1CCN(c2ccccc2)CC1,False
CHEMBL2364424,Cc1csc(-c2ccc(S(=O)(=O)Nc3cc(N4C[C@@H](C)N[C@@H](C)C4)ccc3C)cc2)c1,8.899974269892137,455.64900000000017,5.019340000000004,61.440000000000005,0.5671312306958841,O=S(=O)(Nc1cccc(N2CCNCC2)c1)c1ccc(-c2cccs2)cc1,False
CHEMBL4647751,Cc1csc(C(=O)N[C@H]2CN(S(=O)(=O)c3ccccc3)C[C@@H]2C(=O)N[C@H]2CCCNC2)n1,5.989405350465031,477.61200000000025,0.7388200000000007,120.50000000000001,0.5644562153739107,O=C(NC1CN(S(=O)(=O)c2ccccc2)CC1C(=O)NC1CCCNC1)c1nccs1,False
CHEMBL4641215,Cc1nc(-c2cccc(C(F)(F)F)c2)sc1C(=O)N[C@H]1CN(S(=O)(=O)c2ccccc2)C[C@@H]1C(=O)N[C@H]1CCCNC1,8.124378544365767,621.7069999999999,3.424620000000001,120.5,0.37211328754730555,O=C(NC1CN(S(=O)(=O)c2ccccc2)CC1C(=O)NC1CCCNC1)c1cnc(-c2ccccc2)s1,False
CHEMBL414394,Cc1noc(C)c1-c1ccccc1COC[C@@H](NC(=O)C(C)(C)N)c1nnnn1CCOC(=O)NCCCCO,8.98296666070122,558.6400000000003,1.5550400000000004,192.54,0.19779195633895108,c1ccc(-c2cnoc2)c(COCCc2nnn[nH]2)c1,True
CHEMBL4638566,Cc1oc(-c2ccc(C(F)(F)F)cc2)nc1C(=O)N[C@H]1CN(S(=O)(=O)c2ccccc2)C[C@@H]1C(=O)N[C@H]1CCCNC1,8.381259046451696,605.6389999999999,2.956120000000001,133.64,0.3772515869866044,O=C(NC1CN(S(=O)(=O)c2ccccc2)CC1C(=O)NC1CCCNC1)c1coc(-c2ccccc2)n1,False
CHEMBL4636178,Cc1oc(-c2ccc(Cl)cc2)nc1C(=O)N[C@H]1CN(S(=O)(=O)c2ccccc2)C[C@@H]1C(=O)N[C@H]1CCCNC1,8.575637022514881,572.087,2.59072,133.64,0.39674608232900316,O=C(NC1CN(S(=O)(=O)c2ccccc2)CC1C(=O)NC1CCCNC1)c1coc(-c2ccccc2)n1,False
CHEMBL4636502,Cc1oc(-c2ccccc2Cl)nc1C(=O)N[C@H]1CN(S(=O)(=O)c2ccccc2)C[C@@H]1C(=O)N[C@H]1CCCNC1,9.282594554044522,572.087,2.59072,133.64,0.39674608232900316,O=C(NC1CN(S(=O)(=O)c2ccccc2)CC1C(=O)NC1CCCNC1)c1coc(-c2ccccc2)n1,False
CHEMBL4167481,Cn1c(C(=O)N[C@H]2Cc3ccccc3[C@@H]2NC(=O)c2cnccc2N)cc2ccccc21,7.811939737195274,425.49200000000013,2.9813,102.04,0.46776942516674386,O=C(NC1c2ccccc2CC1NC(=O)c1cc2ccccc2[nH]1)c1cccnc1,False
CHEMBL4171914,Cn1ccc2c(F)c(C(=O)N[C@H]3Cc4ccccc4[C@@H]3NC(=O)c3cnccc3N)ccc21,8.261439372640169,443.4820000000002,3.120400000000001,102.04,0.45102595077867547,O=C(NC1Cc2ccccc2C1NC(=O)c1cccnc1)c1ccc2[nH]ccc2c1,False
CHEMBL4172848,Cn1ccc2cc(C(=O)N[C@H]3Cc4ccccc4[C@@H]3NC(=O)[C@@H]3CNCCO3)ccc21,7.291992797021544,418.4970000000002,1.6786999999999999,84.39,0.602013814639156,O=C(NC1Cc2ccccc2C1NC(=O)C1CNCCO1)c1ccc2[nH]ccc2c1,False
CHEMBL4160261,Cn1ccc2cc(C(=O)N[C@H]3Cc4ccccc4[C@@H]3NC(=O)c3cnccc3N)c(F)cc21,6.884837498980154,443.48200000000014,3.120400000000001,102.04,0.45102595077867563,O=C(NC1Cc2ccccc2C1NC(=O)c1cccnc1)c1ccc2[nH]ccc2c1,False
CHEMBL4162545,Cn1ccc2cc(C(=O)N[C@H]3Cc4ccccc4[C@@H]3NC(=O)c3cnccc3N)cc(F)c21,8.127458698718176,443.48200000000014,3.120400000000001,102.04,0.45102595077867563,O=C(NC1Cc2ccccc2C1NC(=O)c1cccnc1)c1ccc2[nH]ccc2c1,False
CHEMBL4163623,N#Cc1ccc2[nH]c(C(=O)N[C@H]3Cc4ccccc4[C@@H]3NC(=O)c3cnccc3N)cc2c1,7.378277572964857,436.47500000000014,2.84258,136.69,0.3898836473802061,O=C(NC1c2ccccc2CC1NC(=O)c1cc2ccccc2[nH]1)c1cccnc1,False
CHEMBL322912,NC(=O)CN(CCc1ccccc1)C(=O)[C@@H](Cc1ccc2ccccc2c1)NC(=O)[C@@H](Cc1ccc2ccccc2c1)NC(=O)C1CCNCC1,9.468521082957745,683.853,4.304000000000002,133.63,0.13860551641936036,O=C(NC(Cc1ccc2ccccc2c1)C(=O)NC(Cc1ccc2ccccc2c1)C(=O)NCCc1ccccc1)C1CCNCC1,True
CHEMBL1162065,NC(=O)[C@@H](NC(=O)[C@@H](Cc1ccc2ccccc2c1)NC(=O)[C@@H](Cc1ccc2ccccc2c1)NC(=O)C1CCNCC1)c1ccccc1,9.551450489942221,655.799,4.090200000000003,142.42,0.13771958070966997,O=C(NC(Cc1ccc2ccccc2c1)C(=O)NC(Cc1ccc2ccccc2c1)C(=O)NCc1ccccc1)C1CCNCC1,True
CHEMBL517081,NC1CCN(C(=O)C2CCCCN2S(=O)(=O)c2ccc(-c3ccccc3)cc2)C1,7.50003813440381,413.5430000000001,2.4564000000000004,83.71000000000001,0.8345628184189606,O=C(C1CCCCN1S(=O)(=O)c1ccc(-c2ccccc2)cc1)N1CCCC1,False
CHEMBL1162063,NCC(O)CNC(=O)[C@@H](Cc1cccc2ccccc12)NC(=O)CCCN1C(=O)CCSc2ccccc21,8.850028549988616,534.6820000000004,2.6121000000000016,124.75999999999999,0.2998181618307456,O=C(CCCN1C(=O)CCSc2ccccc21)NCCc1cccc2ccccc12,True
CHEMBL1162064,NCCCCNC(=O)[C@@H](Cc1ccc2ccccc2c1)NC(=O)[C@@H](Cc1ccc2ccccc2c1)NC(=O)C1CCNCC1,7.769806696356897,593.7719999999999,3.602500000000002,125.35,0.1515953423399362,O=C(NC(Cc1ccc2ccccc2c1)C(=O)NCCc1ccc2ccccc2c1)C1CCNCC1,True
CHEMBL1162062,NCCNC(=O)[C@@H](Cc1cccc2ccccc12)NC(=O)CCN1C(=O)CCS(=O)(=O)c2ccccc21,8.109985436331332,522.6270000000004,1.5427000000000008,138.67,0.38973161946052415,O=C(CCN1C(=O)CCS(=O)(=O)c2ccccc21)NCCc1cccc2ccccc12,True
CHEMBL482220,N[C@@H]1CCN(C(=O)[C@@H]2CCCCN2S(=O)(=O)c2ccc(-c3cc(Cl)ccc3Cl)cc2)C1,9.500038134403809,482.4330000000002,3.763200000000003,83.71000000000001,0.7195499137406433,O=C(C1CCCCN1S(=O)(=O)c1ccc(-c2ccccc2)cc1)N1CCCC1,False
CHEMBL517543,N[C@@H]1CCN(C(=O)[C@@H]2CCCCN2S(=O)(=O)c2ccc(-c3cc(F)ccc3F)cc2)C1,9.0,449.52300000000014,2.7346000000000013,83.71000000000001,0.7781267046757079,O=C(C1CCCCN1S(=O)(=O)c1ccc(-c2ccccc2)cc1)N1CCCC1,False
CHEMBL481601,N[C@@H]1CCN(C(=O)[C@@H]2CCCCN2S(=O)(=O)c2ccc(-c3ccccc3)cc2)C1,7.79997073344623,413.5430000000001,2.4564000000000004,83.71000000000001,0.8345628184189606,O=C(C1CCCCN1S(=O)(=O)c1ccc(-c2ccccc2)cc1)N1CCCC1,False
CHEMBL521246,N[C@@H]1CCN(C(=O)[C@@H]2CCCCN2S(=O)(=O)c2ccc(-c3ccco3)c(F)c2)C1,8.500038134403809,421.49400000000014,2.1885000000000003,96.85000000000001,0.8162992643004275,O=C(C1CCCCN1S(=O)(=O)c1ccc(-c2ccco2)cc1)N1CCCC1,False
CHEMBL481602,N[C@@H]1CCN(C(=O)[C@@H]2CCCCN2S(=O)(=O)c2ccc(-c3ccco3)cc2)C1,7.50003813440381,403.50400000000013,2.0493999999999994,96.85000000000001,0.8427103379369951,O=C(C1CCCCN1S(=O)(=O)c1ccc(-c2ccco2)cc1)N1CCCC1,False
CHEMBL521264,N[C@@H]1CCN(C(=O)[C@@H]2CCCCN2S(=O)(=O)c2ccc(Br)cc2)C1,6.399996913372259,416.34100000000007,1.5518999999999998,83.71000000000001,0.810753089851964,O=C(C1CCCCN1S(=O)(=O)c1ccccc1)N1CCCC1,False
CHEMBL481408,N[C@H]1CCN(C(=O)[C@@H]2CCCCN2S(=O)(=O)c2ccc(-c3ccccc3)cc2)C1,8.100015437450608,413.5430000000001,2.4564000000000004,83.71000000000001,0.8345628184189606,O=C(C1CCCCN1S(=O)(=O)c1ccc(-c2ccccc2)cc1)N1CCCC1,False
CHEMBL479865,N[C@H]1CCN(C(=O)[C@@H]2CCCCN2S(=O)(=O)c2ccc(-c3cccnc3)cc2)C1,6.499996931948306,414.5310000000001,1.8513999999999995,96.60000000000001,0.8236090796242769,O=C(C1CCCCN1S(=O)(=O)c1ccc(-c2cccnc2)cc1)N1CCCC1,False
CHEMBL481619,N[C@H]1CCN(C(=O)[C@@H]2CCCCN2S(=O)(=O)c2ccc(NC(=O)c3ccccc3)cc2)C1,7.700057099977233,456.56800000000015,2.0416999999999996,112.81,0.714975054147016,O=C(Nc1ccc(S(=O)(=O)N2CCCCC2C(=O)N2CCCC2)cc1)c1ccccc1,False
CHEMBL519121,N[C@H]1CCN(C(=O)[C@@H]2CCCCN2S(=O)(=O)c2ccc(NC(=O)c3ccccc3F)cc2)C1,8.400007822415901,474.55800000000016,2.1807999999999996,112.81,0.6898177468679189,O=C(Nc1ccc(S(=O)(=O)N2CCCCC2C(=O)N2CCCC2)cc1)c1ccccc1,False
CHEMBL4164040,Nc1ccncc1C(=O)N[C@H]1c2ccccc2C[C@@H]1NC(=O)c1cc2c(F)cc(F)cc2[nH]1,8.56142955510759,447.4450000000001,3.249100000000001,112.89999999999998,0.38466626659410375,O=C(NC1c2ccccc2CC1NC(=O)c1cc2ccccc2[nH]1)c1cccnc1,False
CHEMBL4170865,Nc1ccncc1C(=O)N[C@H]1c2ccccc2C[C@@H]1NC(=O)c1cc2ccccc2[nH]1,7.601020178131402,411.4650000000001,2.970900000000001,112.89999999999998,0.41344095411617166,O=C(NC1c2ccccc2CC1NC(=O)c1cc2ccccc2[nH]1)c1cccnc1,False
CHEMBL4175360,Nc1ccncc1C(=O)N[C@H]1c2ccccc2C[C@@H]1NC(=O)c1nc2cc(F)c(F)cc2[nH]1,7.619126264458624,448.4330000000001,2.644100000000001,125.78999999999999,0.3819496576688824,O=C(NC1c2ccccc2CC1NC(=O)c1nc2ccccc2[nH]1)c1cccnc1,False
CHEMBL391859,O=C(N[C@H](Cc1c[nH]c2ccccc12)C1=NNC(CCc2ccccc2)N1Cc1ccco1)C1CCNCC1,6.73754891026957,524.6690000000003,4.165600000000003,97.69,0.24976879261016063,O=C(NC(Cc1c[nH]c2ccccc12)C1=NNC(CCc2ccccc2)N1Cc1ccco1)C1CCNCC1,True
CHEMBL2113326,O=C(N[C@H](Cc1c[nH]c2ccccc12)c1nnc(CCc2c[nH]c3ccccc23)n1-c1ccccc1)C1CCNCC1,8.638272163982407,557.702,5.414700000000004,103.42000000000002,0.19075095174254778,O=C(NC(Cc1c[nH]c2ccccc12)c1nnc(CCc2c[nH]c3ccccc23)n1-c1ccccc1)C1CCNCC1,True
CHEMBL2113322,O=C(N[C@H](Cc1c[nH]c2ccccc12)c1nnc(CCc2c[nH]c3ccccc23)n1Cc1ccccc1)C1CCCNC1,8.00436480540245,571.7289999999999,5.473800000000004,103.42000000000002,0.17500398034786718,O=C(NC(Cc1c[nH]c2ccccc12)c1nnc(CCc2c[nH]c3ccccc23)n1Cc1ccccc1)C1CCCNC1,True
CHEMBL2113325,O=C(N[C@H](Cc1c[nH]c2ccccc12)c1nnc(CCc2c[nH]c3ccccc23)n1Cc1ccccc1)C1CCNCC1,8.267606240177031,571.7289999999999,5.473800000000004,103.42000000000002,0.17500398034786718,O=C(NC(Cc1c[nH]c2ccccc12)c1nnc(CCc2c[nH]c3ccccc23)n1Cc1ccccc1)C1CCNCC1,True
CHEMBL106841,O=C(N[C@H](Cc1ccc2ccccc2c1)C(=O)N[C@@H](CO)Cc1c[nH]c2ccccc12)C1CCNCC1,8.0,498.62700000000035,3.0678,106.25,0.24455386058349077,O=C(NC(Cc1ccc2ccccc2c1)C(=O)NCCc1c[nH]c2ccccc12)C1CCNCC1,False
CHEMBL133848,O=C(N[C@H](Cc1ccc2ccccc2c1)C(=O)N[C@@H](CO)Cc1ccc2ccccc2c1)C1CCNCC1,8.74232805345581,509.6500000000004,3.739700000000002,90.46000000000001,0.27676368795793216,O=C(NC(Cc1ccc2ccccc2c1)C(=O)NCCc1ccc2ccccc2c1)C1CCNCC1,True
CHEMBL4636780,O=C(N[C@H]1CN(S(=O)(=O)c2ccccc2)C[C@@H]1C(=O)N1C[C@H]2CCNC[C@H]21)c1cc(-c2ccccc2Cl)on1,8.62486617330034,570.0710000000004,2.2344,124.85000000000001,0.4662607386383602,O=C(NC1CN(S(=O)(=O)c2ccccc2)CC1C(=O)N1CC2CCNCC21)c1cc(-c2ccccc2)on1,False
CHEMBL4649634,O=C(N[C@H]1CN(S(=O)(=O)c2ccccc2)C[C@@H]1C(=O)NC[C@@H]1CCCN1)c1cc(-c2ccccc2Cl)on1,9.045757490560675,558.0600000000003,2.2823,133.64000000000001,0.38672052382866295,O=C(NC1CN(S(=O)(=O)c2ccccc2)CC1C(=O)NCC1CCCN1)c1cc(-c2ccccc2)on1,False
CHEMBL4632657,O=C(N[C@H]1CN(S(=O)(=O)c2ccccc2)C[C@@H]1C(=O)N[C@H]1CCCNC1)c1cc(-c2ccc(Cl)cc2)on1,8.711797647901994,558.0600000000003,2.2823,133.64000000000001,0.40562085754406707,O=C(NC1CN(S(=O)(=O)c2ccccc2)CC1C(=O)NC1CCCNC1)c1cc(-c2ccccc2)on1,False
CHEMBL4643530,O=C(N[C@H]1CN(S(=O)(=O)c2ccccc2)C[C@@H]1C(=O)N[C@H]1CCCNC1)c1cc(-c2ccc(Cl)cc2Cl)on1,9.614456251331553,592.5050000000002,2.9357000000000006,133.64000000000001,0.38435812202926806,O=C(NC1CN(S(=O)(=O)c2ccccc2)CC1C(=O)NC1CCCNC1)c1cc(-c2ccccc2)on1,False
CHEMBL4640438,O=C(N[C@H]1CN(S(=O)(=O)c2ccccc2)C[C@@H]1C(=O)N[C@H]1CCCNC1)c1cc(-c2ccccc2)on1,8.309826712131663,523.6150000000004,1.6289000000000005,133.64000000000001,0.4286167604227649,O=C(NC1CN(S(=O)(=O)c2ccccc2)CC1C(=O)NC1CCCNC1)c1cc(-c2ccccc2)on1,False
CHEMBL4639111,O=C(N[C@H]1CN(S(=O)(=O)c2ccccc2)C[C@@H]1C(=O)N[C@H]1CCCNC1)c1cc(-c2ccccc2Cl)on1,9.377292776533405,558.0600000000003,2.2823,133.64000000000001,0.40562085754406707,O=C(NC1CN(S(=O)(=O)c2ccccc2)CC1C(=O)NC1CCCNC1)c1cc(-c2ccccc2)on1,False
CHEMBL4640573,O=C(N[C@H]1CN(S(=O)(=O)c2ccccc2)C[C@@H]1C(=O)N[C@H]1CCCNC1)c1cc(C2CC2)n[nH]1,6.1815207175612406,486.59800000000035,0.5744000000000007,136.29000000000002,0.4518980377999997,O=C(NC1CN(S(=O)(=O)c2ccccc2)CC1C(=O)NC1CCCNC1)c1cc(C2CC2)n[nH]1,False
CHEMBL4635743,O=C(N[C@H]1CN(S(=O)(=O)c2ccccc2)C[C@@H]1C(=O)N[C@H]1CCCNC1)c1ccc(-c2cc(C(F)(F)F)ccc2Cl)o1,7.878167517308797,625.0690000000004,3.906100000000002,120.75000000000001,0.3667567670739347,O=C(NC1CN(S(=O)(=O)c2ccccc2)CC1C(=O)NC1CCCNC1)c1ccc(-c2ccccc2)o1,False
CHEMBL4637255,O=C(N[C@H]1CN(S(=O)(=O)c2ccccc2)C[C@@H]1C(=O)N[C@H]1CCCNC1)c1nnc(-c2ccc(F)cc2)s1,7.983288122256525,558.6610000000004,1.6315,133.39000000000001,0.40148627686505656,O=C(NC1CN(S(=O)(=O)c2ccccc2)CC1C(=O)NC1CCCNC1)c1nnc(-c2ccccc2)s1,False
CHEMBL4160434,O=C(N[C@H]1Cc2ccccc2[C@@H]1NC(=O)[C@H]1CCNC1)c1cc2cc(F)ccc2[nH]1,7.313945539871085,406.46100000000007,2.4284999999999997,86.02000000000001,0.5368822703877446,O=C(NC1Cc2ccccc2C1NC(=O)C1CCNC1)c1cc2ccccc2[nH]1,False
CHEMBL3932434,O=C1NC/C=C\c2ccccc2OCCNC2(CCCC2)C(=O)NC2(CCCC2)C(=O)N[C@H]1Cc1ccccc1,9.0,544.6960000000005,3.2673000000000014,108.56,0.4642806939355439,O=C1NCC=Cc2ccccc2OCCNC2(CCCC2)C(=O)NC2(CCCC2)C(=O)NC1Cc1ccccc1,False
CHEMBL3958460,O=C1NC/C=C\c2ccccc2OCCN[C@@H](C2CC2)C(=O)NC2(CCCC2)C(=O)N[C@H]1Cc1ccc(Cl)cc1,9.0,565.1140000000005,3.3865000000000016,108.56,0.45697876798222403,O=C1NCC=Cc2ccccc2OCCNC(C2CC2)C(=O)NC2(CCCC2)C(=O)NC1Cc1ccccc1,False
CHEMBL4637585,O=CN1CCC[C@H](NC(=O)[C@H]2CN(S(=O)(=O)c3ccccc3)C[C@@H]2NC(=O)c2cc(-c3ccccc3Cl)on2)C1,6.789422406319346,586.0700000000002,2.1511000000000013,141.91999999999996,0.3857595989654748,O=C(NC1CN(S(=O)(=O)c2ccccc2)CC1C(=O)NC1CCCNC1)c1cc(-c2ccccc2)on1,False
CHEMBL1078207,O=S(=O)(Nc1ccc2c(c1)CCN(Cc1cc[nH]n1)CC2)c1ccc(-c2ccccc2)cc1,5.800000874803203,458.58700000000016,4.4783000000000035,78.09,0.446654850439282,O=S(=O)(Nc1ccc2c(c1)CCN(Cc1cc[nH]n1)CC2)c1ccc(-c2ccccc2)cc1,False
